ID_A	ID_B	PHASED_R	PHASED_R2
17:46062125:A:C	17:45541984:T:C	0.413897	0.171310726609
17:46062125:A:C	17:45577102:C:T	0.791333	0.6262079168889999
17:46062125:A:C	17:45585344:G:T	0.530099	0.281004949801
17:46062125:A:C	17:45585410:C:A	0.497745	0.24775008502499998
17:46062125:A:C	17:45585440:G:A	0.47856	0.22901967359999997
17:46062125:A:C	17:45585603:T:C	0.549034	0.30143833315600005
17:46062125:A:C	17:45585803:T:C	0.791697	0.6267841398089999
17:46062125:A:C	17:45585843:G:A	0.411431	0.169275467761
17:46062125:A:C	17:45585881:C:A	0.809859	0.655871599881
17:46062125:A:C	17:45586414:C:G	0.767839	0.5895767299210001
17:46062125:A:C	17:45586865:T:G	0.761366	0.579678185956
17:46062125:A:C	17:45586900:G:A	0.779121	0.6070295326409999
17:46062125:A:C	17:45586969:C:G	0.815579	0.665169105241
17:46062125:A:C	17:45587076:G:A	0.697193	0.48607807924899993
17:46062125:A:C	17:45587107:T:G	0.638944	0.4082494351359999
17:46062125:A:C	17:45587179:C:A	0.785797	0.617476925209
17:46062125:A:C	17:45587428:A:G	0.802375	0.6438056406249999
17:46062125:A:C	17:45587535:T:A	0.809236	0.654862903696
17:46062125:A:C	17:45587612:A:G	0.818361	0.669714726321
17:46062125:A:C	17:45587724:C:T	0.512612	0.26277106254399996
17:46062125:A:C	17:45587956:C:T	0.808631	0.653884094161
17:46062125:A:C	17:45587977:T:G	0.830424	0.689604019776
17:46062125:A:C	17:45588013:T:C	0.830424	0.689604019776
17:46062125:A:C	17:45588102:T:G	0.830424	0.689604019776
17:46062125:A:C	17:45588443:C:T	0.830683	0.6900342464889999
17:46062125:A:C	17:45588472:A:G	0.830683	0.6900342464889999
17:46062125:A:C	17:45588540:C:G	0.830683	0.6900342464889999
17:46062125:A:C	17:45588635:A:C	0.830683	0.6900342464889999
17:46062125:A:C	17:45588878:A:G	0.83473	0.6967741729
17:46062125:A:C	17:45588885:C:G	0.83473	0.6967741729
17:46062125:A:C	17:45589019:C:T	0.832963	0.693827359369
17:46062125:A:C	17:45589065:T:C	0.828401	0.6862482168010001
17:46062125:A:C	17:45589126:C:T	0.830179	0.689197172041
17:46062125:A:C	17:45589145:A:T	0.830179	0.689197172041
17:46062125:A:C	17:45589540:G:C	0.830683	0.6900342464889999
17:46062125:A:C	17:45589999:T:C	0.830683	0.6900342464889999
17:46062125:A:C	17:45590269:A:G	0.830683	0.6900342464889999
17:46062125:A:C	17:45590426:C:T	0.830683	0.6900342464889999
17:46062125:A:C	17:45590470:C:A	0.830683	0.6900342464889999
17:46062125:A:C	17:45590549:T:C	0.830683	0.6900342464889999
17:46062125:A:C	17:45590556:G:C	0.830683	0.6900342464889999
17:46062125:A:C	17:45590568:C:G	0.830683	0.6900342464889999
17:46062125:A:C	17:45590651:G:A	0.830683	0.6900342464889999
17:46062125:A:C	17:45590821:A:G	0.824675	0.6800888556250001
17:46062125:A:C	17:45590860:T:G	0.832963	0.693827359369
17:46062125:A:C	17:45590873:T:C	0.826117	0.682469297689
17:46062125:A:C	17:45591089:T:G	0.828401	0.6862482168010001
17:46062125:A:C	17:45591173:T:G	0.830683	0.6900342464889999
17:46062125:A:C	17:45591449:A:G	0.816726	0.6670413590759999
17:46062125:A:C	17:45591529:C:T	0.81926	0.6711869476
17:46062125:A:C	17:45591884:A:G	0.823833	0.6787008118890001
17:46062125:A:C	17:45592133:G:A	0.621527	0.38629581172900007
17:46062125:A:C	17:45592145:C:A	0.651178	0.42403278768400005
17:46062125:A:C	17:45592338:C:A	0.828401	0.6862482168010001
17:46062125:A:C	17:45592565:T:C	0.823011	0.6773471061210001
17:46062125:A:C	17:45592652:G:A	0.830683	0.6900342464889999
17:46062125:A:C	17:45592707:G:T	0.810096	0.656255529216
17:46062125:A:C	17:45593388:G:A	0.826967	0.683874419089
17:46062125:A:C	17:45593574:A:G	0.824985	0.6806002502249999
17:46062125:A:C	17:45593606:C:T	0.429674	0.184619746276
17:46062125:A:C	17:45593733:C:A	0.812389	0.6599758873210001
17:46062125:A:C	17:45594105:T:C	0.826967	0.683874419089
17:46062125:A:C	17:45594371:A:C	0.826967	0.683874419089
17:46062125:A:C	17:45594373:A:G	0.826967	0.683874419089
17:46062125:A:C	17:45598064:T:A	0.569294	0.32409565843599997
17:46062125:A:C	17:45600424:T:C	0.808053	0.652949650809
17:46062125:A:C	17:45600469:G:A	0.356411	0.127028800921
17:46062125:A:C	17:45601755:G:A	0.839529	0.704808941841
17:46062125:A:C	17:45601766:A:G	0.825645	0.6816896660249999
17:46062125:A:C	17:45601827:G:A	0.812582	0.660289506724
17:46062125:A:C	17:45603122:G:A	0.810696	0.6572280044159999
17:46062125:A:C	17:45603230:C:T	0.511785	0.26192388622500007
17:46062125:A:C	17:45603484:G:C	0.841078	0.707412202084
17:46062125:A:C	17:45603856:C:T	0.839275	0.704382525625
17:46062125:A:C	17:45605011:A:G	0.78602	0.6178274404
17:46062125:A:C	17:45605027:A:G	0.781703	0.6110595802090001
17:46062125:A:C	17:45606231:T:G	0.845606	0.7150495072359999
17:46062125:A:C	17:45606245:G:T	0.845606	0.7150495072359999
17:46062125:A:C	17:45606261:C:G	0.843572	0.711613719184
17:46062125:A:C	17:45606843:C:G	0.845838	0.7154419222439999
17:46062125:A:C	17:45607197:T:C	0.845606	0.7150495072359999
17:46062125:A:C	17:45607554:C:T	0.841546	0.708199670116
17:46062125:A:C	17:45607655:C:T	0.788968	0.622470505024
17:46062125:A:C	17:45607842:C:T	0.544581	0.29656846556099997
17:46062125:A:C	17:45608073:T:G	0.494909	0.24493491828099997
17:46062125:A:C	17:45608289:A:T	0.497521	0.247527145441
17:46062125:A:C	17:45608332:A:G	0.837255	0.7009959350249999
17:46062125:A:C	17:45608341:T:C	0.820843	0.673783230649
17:46062125:A:C	17:45608460:A:G	0.839036	0.7039814092960001
17:46062125:A:C	17:45609053:A:C	0.839275	0.704382525625
17:46062125:A:C	17:45609054:A:G	0.841305	0.7077941030249999
17:46062125:A:C	17:45609706:G:A	0.841305	0.7077941030249999
17:46062125:A:C	17:45609902:G:A	0.823122	0.677529826884
17:46062125:A:C	17:45610176:C:G	0.841305	0.7077941030249999
17:46062125:A:C	17:45610676:C:G	0.823344	0.6778953423359999
17:46062125:A:C	17:45610883:G:C	0.823122	0.677529826884
17:46062125:A:C	17:45610951:A:G	0.841546	0.708199670116
17:46062125:A:C	17:45611021:A:G	0.841305	0.7077941030249999
17:46062125:A:C	17:45611213:A:G	0.841305	0.7077941030249999
17:46062125:A:C	17:45611539:A:G	0.841546	0.708199670116
17:46062125:A:C	17:45611724:T:C	0.831244	0.6909665875359999
17:46062125:A:C	17:45613102:C:T	0.822916	0.677190743056
17:46062125:A:C	17:45613271:T:C	0.841305	0.7077941030249999
17:46062125:A:C	17:45613394:C:G	0.563192	0.317185228864
17:46062125:A:C	17:45613441:A:T	0.553471	0.30633014784100004
17:46062125:A:C	17:45613739:G:A	0.596225	0.355484250625
17:46062125:A:C	17:45614011:T:C	0.841546	0.708199670116
17:46062125:A:C	17:45614972:T:C	0.816082	0.665989830724
17:46062125:A:C	17:45615569:A:G	0.841305	0.7077941030249999
17:46062125:A:C	17:45615975:A:G	0.841305	0.7077941030249999
17:46062125:A:C	17:45616096:C:T	0.813802	0.662273695204
17:46062125:A:C	17:45616172:G:T	0.800085	0.6401360072250001
17:46062125:A:C	17:45617196:T:A	0.504292	0.25431042126399994
17:46062125:A:C	17:45617831:C:T	0.751191	0.5642879184810001
17:46062125:A:C	17:45617897:T:G	0.568037	0.322666033369
17:46062125:A:C	17:45618793:A:T	0.836545	0.699807537025
17:46062125:A:C	17:45618888:A:G	0.841546	0.708199670116
17:46062125:A:C	17:45618946:G:A	0.82519	0.6809385361
17:46062125:A:C	17:45621533:A:G	0.843128	0.710864824384
17:46062125:A:C	17:45623795:G:A	0.689919	0.4759882265609999
17:46062125:A:C	17:45625412:G:A	0.472091	0.22286991228099998
17:46062125:A:C	17:45625426:G:A	0.472091	0.22286991228099998
17:46062125:A:C	17:45626189:A:G	0.851955	0.725827322025
17:46062125:A:C	17:45626665:C:A	0.851955	0.725827322025
17:46062125:A:C	17:45626869:T:C	0.843572	0.711613719184
17:46062125:A:C	17:45626944:T:G	0.8497	0.72199009
17:46062125:A:C	17:45627053:T:C	0.8497	0.72199009
17:46062125:A:C	17:45627733:C:T	0.8497	0.72199009
17:46062125:A:C	17:45627990:G:A	0.851955	0.725827322025
17:46062125:A:C	17:45628152:A:G	0.851955	0.725827322025
17:46062125:A:C	17:45628235:A:G	0.852164	0.7261834828960001
17:46062125:A:C	17:45628390:G:C	0.852164	0.7261834828960001
17:46062125:A:C	17:45630253:C:A	0.851955	0.725827322025
17:46062125:A:C	17:45630254:G:T	0.851955	0.725827322025
17:46062125:A:C	17:45630482:G:T	0.8497	0.72199009
17:46062125:A:C	17:45630585:C:T	0.851955	0.725827322025
17:46062125:A:C	17:45630589:C:A	0.851955	0.725827322025
17:46062125:A:C	17:45631052:C:G	0.851955	0.725827322025
17:46062125:A:C	17:45631859:T:C	0.852164	0.7261834828960001
17:46062125:A:C	17:45632049:C:T	0.851955	0.725827322025
17:46062125:A:C	17:45632501:T:G	0.851955	0.725827322025
17:46062125:A:C	17:45632527:A:G	0.851955	0.725827322025
17:46062125:A:C	17:45632761:T:A	0.851955	0.725827322025
17:46062125:A:C	17:45633005:G:A	0.851955	0.725827322025
17:46062125:A:C	17:45633018:A:C	0.851955	0.725827322025
17:46062125:A:C	17:45633946:C:T	0.851955	0.725827322025
17:46062125:A:C	17:45634173:G:C	0.851955	0.725827322025
17:46062125:A:C	17:45634971:C:T	0.851955	0.725827322025
17:46062125:A:C	17:45635098:G:A	0.851955	0.725827322025
17:46062125:A:C	17:45635291:T:C	0.851955	0.725827322025
17:46062125:A:C	17:45636559:A:G	0.851955	0.725827322025
17:46062125:A:C	17:45636824:A:T	0.851955	0.725827322025
17:46062125:A:C	17:45637307:A:T	0.851955	0.725827322025
17:46062125:A:C	17:45637484:G:A	0.851955	0.725827322025
17:46062125:A:C	17:45637652:T:C	0.851955	0.725827322025
17:46062125:A:C	17:45638061:T:C	0.849907	0.7223419086489999
17:46062125:A:C	17:45638253:G:C	0.851955	0.725827322025
17:46062125:A:C	17:45638558:A:G	0.851955	0.725827322025
17:46062125:A:C	17:45638789:A:G	0.843128	0.710864824384
17:46062125:A:C	17:45638794:A:G	0.753412	0.567629641744
17:46062125:A:C	17:45638853:G:T	0.328833	0.10813114188899998
17:46062125:A:C	17:45638858:G:T	0.824657	0.680059167649
17:46062125:A:C	17:45638863:G:T	0.836148	0.699143477904
17:46062125:A:C	17:45638868:G:T	0.843128	0.710864824384
17:46062125:A:C	17:45638873:G:T	0.843128	0.710864824384
17:46062125:A:C	17:45638878:G:T	0.845188	0.714342755344
17:46062125:A:C	17:45639519:A:G	0.843342	0.711225728964
17:46062125:A:C	17:45639765:C:T	0.843342	0.711225728964
17:46062125:A:C	17:45640049:A:G	0.839275	0.704382525625
17:46062125:A:C	17:45640437:T:C	0.841305	0.7077941030249999
17:46062125:A:C	17:45640970:T:C	0.843572	0.711613719184
17:46062125:A:C	17:45641777:A:G	0.843572	0.711613719184
17:46062125:A:C	17:45642504:G:A	0.847445	0.718163028025
17:46062125:A:C	17:45643917:G:C	0.847649	0.718508827201
17:46062125:A:C	17:45644091:C:T	0.847649	0.718508827201
17:46062125:A:C	17:45645143:C:G	0.845606	0.7150495072359999
17:46062125:A:C	17:45645823:G:A	0.847649	0.718508827201
17:46062125:A:C	17:45646096:C:T	0.847649	0.718508827201
17:46062125:A:C	17:45646239:T:C	0.847649	0.718508827201
17:46062125:A:C	17:45646563:G:A	0.847649	0.718508827201
17:46062125:A:C	17:45646564:A:G	0.847649	0.718508827201
17:46062125:A:C	17:45646879:G:A	0.847649	0.718508827201
17:46062125:A:C	17:45647189:G:A	0.847649	0.718508827201
17:46062125:A:C	17:45647846:G:A	0.847649	0.718508827201
17:46062125:A:C	17:45648318:G:A	0.847649	0.718508827201
17:46062125:A:C	17:45648396:G:A	0.847649	0.718508827201
17:46062125:A:C	17:45648626:G:A	0.847649	0.718508827201
17:46062125:A:C	17:45648759:A:C	0.847649	0.718508827201
17:46062125:A:C	17:45649208:T:C	0.847649	0.718508827201
17:46062125:A:C	17:45649222:C:T	0.847649	0.718508827201
17:46062125:A:C	17:45649293:A:C	0.780973	0.609918826729
17:46062125:A:C	17:45649695:C:T	0.847649	0.718508827201
17:46062125:A:C	17:45650521:A:T	0.847649	0.718508827201
17:46062125:A:C	17:45650771:G:A	0.847649	0.718508827201
17:46062125:A:C	17:45651010:G:A	0.780973	0.609918826729
17:46062125:A:C	17:45652018:G:A	0.847649	0.718508827201
17:46062125:A:C	17:45652066:C:T	0.847649	0.718508827201
17:46062125:A:C	17:45653232:G:A	0.847649	0.718508827201
17:46062125:A:C	17:45653270:G:T	0.847649	0.718508827201
17:46062125:A:C	17:45654353:A:C	0.847649	0.718508827201
17:46062125:A:C	17:45654530:C:T	0.847649	0.718508827201
17:46062125:A:C	17:45655682:A:T	0.847649	0.718508827201
17:46062125:A:C	17:45656617:G:A	0.847649	0.718508827201
17:46062125:A:C	17:45656779:T:C	0.847649	0.718508827201
17:46062125:A:C	17:45656938:T:C	0.847649	0.718508827201
17:46062125:A:C	17:45657137:A:G	0.847649	0.718508827201
17:46062125:A:C	17:45657277:T:C	0.847649	0.718508827201
17:46062125:A:C	17:45657910:C:T	0.847649	0.718508827201
17:46062125:A:C	17:45658112:A:G	0.847649	0.718508827201
17:46062125:A:C	17:45658189:G:A	0.847649	0.718508827201
17:46062125:A:C	17:45659138:T:C	0.847649	0.718508827201
17:46062125:A:C	17:45659397:C:T	0.847649	0.718508827201
17:46062125:A:C	17:45659674:G:A	0.847649	0.718508827201
17:46062125:A:C	17:45660364:T:C	0.847649	0.718508827201
17:46062125:A:C	17:45661261:T:G	0.847649	0.718508827201
17:46062125:A:C	17:45661310:C:A	0.847649	0.718508827201
17:46062125:A:C	17:45661828:A:G	-0.420104	0.176487370816
17:46062125:A:C	17:45663199:G:T	0.780973	0.609918826729
17:46062125:A:C	17:45663490:C:T	0.847649	0.718508827201
17:46062125:A:C	17:45663601:C:T	0.847649	0.718508827201
17:46062125:A:C	17:45663662:A:G	0.847649	0.718508827201
17:46062125:A:C	17:45664086:C:T	0.847649	0.718508827201
17:46062125:A:C	17:45665679:T:C	0.847649	0.718508827201
17:46062125:A:C	17:45666837:C:T	0.665966	0.44351071315599994
17:46062125:A:C	17:45666978:T:A	0.804222	0.6467730252839999
17:46062125:A:C	17:45667624:C:T	0.847649	0.718508827201
17:46062125:A:C	17:45668910:G:T	0.847649	0.718508827201
17:46062125:A:C	17:45669052:T:A	0.847649	0.718508827201
17:46062125:A:C	17:45669355:A:G	0.847649	0.718508827201
17:46062125:A:C	17:45669473:T:C	0.847649	0.718508827201
17:46062125:A:C	17:45670249:C:T	0.804222	0.6467730252839999
17:46062125:A:C	17:45670311:C:T	0.847649	0.718508827201
17:46062125:A:C	17:45670317:G:A	0.847649	0.718508827201
17:46062125:A:C	17:45670680:C:T	0.847649	0.718508827201
17:46062125:A:C	17:45670735:A:G	0.847649	0.718508827201
17:46062125:A:C	17:45671046:A:G	0.847649	0.718508827201
17:46062125:A:C	17:45671802:G:C	0.847649	0.718508827201
17:46062125:A:C	17:45671895:T:C	0.847649	0.718508827201
17:46062125:A:C	17:45672088:G:A	0.847649	0.718508827201
17:46062125:A:C	17:45672213:T:C	0.847649	0.718508827201
17:46062125:A:C	17:45672576:A:G	0.804222	0.6467730252839999
17:46062125:A:C	17:45672583:G:A	0.847649	0.718508827201
17:46062125:A:C	17:45672614:T:C	0.847649	0.718508827201
17:46062125:A:C	17:45672644:G:A	0.847649	0.718508827201
17:46062125:A:C	17:45672771:G:C	0.847649	0.718508827201
17:46062125:A:C	17:45672806:G:A	0.804222	0.6467730252839999
17:46062125:A:C	17:45672872:A:G	0.847649	0.718508827201
17:46062125:A:C	17:45672949:A:G	0.847649	0.718508827201
17:46062125:A:C	17:45673544:C:T	0.804222	0.6467730252839999
17:46062125:A:C	17:45673573:T:C	0.847649	0.718508827201
17:46062125:A:C	17:45673735:A:G	0.847649	0.718508827201
17:46062125:A:C	17:45673857:A:T	0.847649	0.718508827201
17:46062125:A:C	17:45673880:C:T	0.847649	0.718508827201
17:46062125:A:C	17:45673942:T:C	0.847649	0.718508827201
17:46062125:A:C	17:45674061:T:C	0.847649	0.718508827201
17:46062125:A:C	17:45674547:G:A	0.804222	0.6467730252839999
17:46062125:A:C	17:45674673:C:T	0.847649	0.718508827201
17:46062125:A:C	17:45675200:C:T	0.847649	0.718508827201
17:46062125:A:C	17:45676088:A:G	0.847649	0.718508827201
17:46062125:A:C	17:45676276:A:G	0.847649	0.718508827201
17:46062125:A:C	17:45676644:T:C	0.847649	0.718508827201
17:46062125:A:C	17:45676733:G:A	0.847649	0.718508827201
17:46062125:A:C	17:45676843:G:C	0.847649	0.718508827201
17:46062125:A:C	17:45677139:A:C	0.847649	0.718508827201
17:46062125:A:C	17:45677203:G:A	0.847649	0.718508827201
17:46062125:A:C	17:45677210:C:G	0.847649	0.718508827201
17:46062125:A:C	17:45677484:T:C	0.845606	0.7150495072359999
17:46062125:A:C	17:45677543:A:G	0.845606	0.7150495072359999
17:46062125:A:C	17:45677548:C:T	0.802393	0.6438345264490001
17:46062125:A:C	17:45678491:C:A	0.800047	0.6400752022089999
17:46062125:A:C	17:45678505:A:C	0.800047	0.6400752022089999
17:46062125:A:C	17:45678974:T:C	0.843342	0.711225728964
17:46062125:A:C	17:45679010:G:C	0.843342	0.711225728964
17:46062125:A:C	17:45679140:C:T	0.843342	0.711225728964
17:46062125:A:C	17:45679319:A:G	0.843342	0.711225728964
17:46062125:A:C	17:45679467:C:A	0.843342	0.711225728964
17:46062125:A:C	17:45679544:T:C	0.843342	0.711225728964
17:46062125:A:C	17:45679603:A:G	0.800047	0.6400752022089999
17:46062125:A:C	17:45679795:C:T	0.843342	0.711225728964
17:46062125:A:C	17:45680084:C:A	0.822549	0.676586857401
17:46062125:A:C	17:45680410:T:C	0.843342	0.711225728964
17:46062125:A:C	17:45680411:C:T	0.843342	0.711225728964
17:46062125:A:C	17:45680645:G:C	0.843342	0.711225728964
17:46062125:A:C	17:45680712:G:A	0.839036	0.7039814092960001
17:46062125:A:C	17:45680759:A:G	0.832007	0.6922356480490001
17:46062125:A:C	17:45680782:C:T	0.829736	0.688461829696
17:46062125:A:C	17:45680872:C:T	0.843342	0.711225728964
17:46062125:A:C	17:45681016:T:C	0.843342	0.711225728964
17:46062125:A:C	17:45681376:T:C	0.843342	0.711225728964
17:46062125:A:C	17:45681421:G:A	0.843342	0.711225728964
17:46062125:A:C	17:45681424:C:T	0.843342	0.711225728964
17:46062125:A:C	17:45681519:A:G	0.843342	0.711225728964
17:46062125:A:C	17:45681521:A:G	0.843342	0.711225728964
17:46062125:A:C	17:45681532:A:G	0.801879	0.643009930641
17:46062125:A:C	17:45681682:T:C	0.843342	0.711225728964
17:46062125:A:C	17:45682060:C:T	0.843342	0.711225728964
17:46062125:A:C	17:45682065:C:T	0.843342	0.711225728964
17:46062125:A:C	17:45682353:A:G	0.843342	0.711225728964
17:46062125:A:C	17:45682714:C:A	0.843128	0.710864824384
17:46062125:A:C	17:45682826:A:G	0.843342	0.711225728964
17:46062125:A:C	17:45682833:C:T	0.843342	0.711225728964
17:46062125:A:C	17:45683023:A:G	0.843342	0.711225728964
17:46062125:A:C	17:45683150:A:T	0.843342	0.711225728964
17:46062125:A:C	17:45683211:G:A	0.843342	0.711225728964
17:46062125:A:C	17:45683233:A:C	0.843342	0.711225728964
17:46062125:A:C	17:45683319:T:C	0.843342	0.711225728964
17:46062125:A:C	17:45684015:A:G	0.843342	0.711225728964
17:46062125:A:C	17:45684116:T:C	0.843342	0.711225728964
17:46062125:A:C	17:45684153:T:G	0.801879	0.643009930641
17:46062125:A:C	17:45684199:T:C	0.801879	0.643009930641
17:46062125:A:C	17:45684490:C:T	0.843342	0.711225728964
17:46062125:A:C	17:45684573:G:C	0.843342	0.711225728964
17:46062125:A:C	17:45684608:C:A	0.843342	0.711225728964
17:46062125:A:C	17:45684619:A:T	0.843342	0.711225728964
17:46062125:A:C	17:45684889:T:C	0.843342	0.711225728964
17:46062125:A:C	17:45685063:C:T	0.843342	0.711225728964
17:46062125:A:C	17:45685171:T:A	0.843342	0.711225728964
17:46062125:A:C	17:45685188:A:G	0.843342	0.711225728964
17:46062125:A:C	17:45685228:A:T	0.843342	0.711225728964
17:46062125:A:C	17:45685480:A:G	0.843342	0.711225728964
17:46062125:A:C	17:45685641:T:C	0.843342	0.711225728964
17:46062125:A:C	17:45685836:G:A	0.843342	0.711225728964
17:46062125:A:C	17:45685875:C:T	0.843342	0.711225728964
17:46062125:A:C	17:45686569:A:G	0.843342	0.711225728964
17:46062125:A:C	17:45686939:G:A	0.774147	0.599303577609
17:46062125:A:C	17:45687012:G:A	0.843342	0.711225728964
17:46062125:A:C	17:45687199:A:G	0.843342	0.711225728964
17:46062125:A:C	17:45687319:C:T	0.843342	0.711225728964
17:46062125:A:C	17:45687430:G:T	0.843342	0.711225728964
17:46062125:A:C	17:45687481:G:A	0.843342	0.711225728964
17:46062125:A:C	17:45687621:G:A	0.843342	0.711225728964
17:46062125:A:C	17:45687714:A:G	0.843342	0.711225728964
17:46062125:A:C	17:45688015:G:C	0.843342	0.711225728964
17:46062125:A:C	17:45688084:G:A	0.843342	0.711225728964
17:46062125:A:C	17:45688412:C:T	0.843342	0.711225728964
17:46062125:A:C	17:45688515:T:C	0.801879	0.643009930641
17:46062125:A:C	17:45688986:G:C	0.843342	0.711225728964
17:46062125:A:C	17:45689049:A:G	0.843342	0.711225728964
17:46062125:A:C	17:45689052:C:T	0.843342	0.711225728964
17:46062125:A:C	17:45689131:T:C	0.843342	0.711225728964
17:46062125:A:C	17:45689388:C:T	0.843342	0.711225728964
17:46062125:A:C	17:45689853:A:C	0.843342	0.711225728964
17:46062125:A:C	17:45690172:A:G	0.843342	0.711225728964
17:46062125:A:C	17:45690262:G:A	0.843342	0.711225728964
17:46062125:A:C	17:45690265:G:A	0.843342	0.711225728964
17:46062125:A:C	17:45690407:T:C	0.801879	0.643009930641
17:46062125:A:C	17:45690449:C:T	0.843342	0.711225728964
17:46062125:A:C	17:45690864:C:G	0.843342	0.711225728964
17:46062125:A:C	17:45690980:G:A	0.843342	0.711225728964
17:46062125:A:C	17:45690981:C:T	0.843342	0.711225728964
17:46062125:A:C	17:45691101:C:T	0.843342	0.711225728964
17:46062125:A:C	17:45691130:C:T	0.843342	0.711225728964
17:46062125:A:C	17:45691135:C:T	0.843342	0.711225728964
17:46062125:A:C	17:45691267:G:A	0.841078	0.707412202084
17:46062125:A:C	17:45691337:C:T	0.843342	0.711225728964
17:46062125:A:C	17:45691361:G:A	0.843342	0.711225728964
17:46062125:A:C	17:45691722:T:C	0.843342	0.711225728964
17:46062125:A:C	17:45691911:C:G	0.843342	0.711225728964
17:46062125:A:C	17:45691955:A:C	0.843342	0.711225728964
17:46062125:A:C	17:45692150:C:A	0.843342	0.711225728964
17:46062125:A:C	17:45693050:T:C	0.843342	0.711225728964
17:46062125:A:C	17:45693077:T:C	0.843342	0.711225728964
17:46062125:A:C	17:45693159:C:T	0.843342	0.711225728964
17:46062125:A:C	17:45693229:A:G	0.843342	0.711225728964
17:46062125:A:C	17:45693346:C:T	0.803719	0.645964230961
17:46062125:A:C	17:45693629:G:A	0.843342	0.711225728964
17:46062125:A:C	17:45693827:T:C	0.843342	0.711225728964
17:46062125:A:C	17:45694127:G:A	0.843342	0.711225728964
17:46062125:A:C	17:45694261:A:G	0.843342	0.711225728964
17:46062125:A:C	17:45694652:G:T	0.843342	0.711225728964
17:46062125:A:C	17:45694743:C:A	0.843342	0.711225728964
17:46062125:A:C	17:45694885:C:T	0.843342	0.711225728964
17:46062125:A:C	17:45695041:C:T	0.843342	0.711225728964
17:46062125:A:C	17:45695174:G:A	0.843342	0.711225728964
17:46062125:A:C	17:45695719:G:A	0.843342	0.711225728964
17:46062125:A:C	17:45695758:A:C	0.843342	0.711225728964
17:46062125:A:C	17:45695882:A:T	0.843342	0.711225728964
17:46062125:A:C	17:45696081:T:C	0.843342	0.711225728964
17:46062125:A:C	17:45696241:T:G	0.843342	0.711225728964
17:46062125:A:C	17:45696418:C:A	0.843342	0.711225728964
17:46062125:A:C	17:45696511:A:T	0.843342	0.711225728964
17:46062125:A:C	17:45696577:A:G	0.843342	0.711225728964
17:46062125:A:C	17:45697131:A:T	0.841305	0.7077941030249999
17:46062125:A:C	17:45697479:C:T	0.843342	0.711225728964
17:46062125:A:C	17:45697593:T:C	0.843342	0.711225728964
17:46062125:A:C	17:45697649:T:C	0.843342	0.711225728964
17:46062125:A:C	17:45697779:G:A	0.843342	0.711225728964
17:46062125:A:C	17:45698036:T:C	0.843342	0.711225728964
17:46062125:A:C	17:45698113:T:C	0.843342	0.711225728964
17:46062125:A:C	17:45698180:A:G	0.843342	0.711225728964
17:46062125:A:C	17:45698563:C:G	0.843342	0.711225728964
17:46062125:A:C	17:45698695:C:T	0.843342	0.711225728964
17:46062125:A:C	17:45698876:A:G	0.843342	0.711225728964
17:46062125:A:C	17:45699005:C:T	0.843342	0.711225728964
17:46062125:A:C	17:45699025:G:C	0.843342	0.711225728964
17:46062125:A:C	17:45699059:C:T	0.843342	0.711225728964
17:46062125:A:C	17:45699375:T:C	0.843342	0.711225728964
17:46062125:A:C	17:45699376:T:C	0.843342	0.711225728964
17:46062125:A:C	17:45699421:C:T	0.843342	0.711225728964
17:46062125:A:C	17:45699579:T:C	0.843342	0.711225728964
17:46062125:A:C	17:45699947:A:G	0.498379	0.24838162764100002
17:46062125:A:C	17:45700176:A:G	0.843342	0.711225728964
17:46062125:A:C	17:45700212:C:T	0.843342	0.711225728964
17:46062125:A:C	17:45700344:T:C	0.843342	0.711225728964
17:46062125:A:C	17:45700379:C:A	0.843342	0.711225728964
17:46062125:A:C	17:45700515:T:G	0.843342	0.711225728964
17:46062125:A:C	17:45700637:T:A	0.843342	0.711225728964
17:46062125:A:C	17:45701040:A:G	0.843342	0.711225728964
17:46062125:A:C	17:45701236:C:T	0.843342	0.711225728964
17:46062125:A:C	17:45701314:T:A	0.793045	0.628920372025
17:46062125:A:C	17:45701386:C:T	0.841078	0.707412202084
17:46062125:A:C	17:45701402:C:T	0.535762	0.28704092064399994
17:46062125:A:C	17:45701462:T:G	0.843342	0.711225728964
17:46062125:A:C	17:45701985:G:A	0.847649	0.718508827201
17:46062125:A:C	17:45702053:T:A	0.847649	0.718508827201
17:46062125:A:C	17:45702258:C:T	0.83841	0.7029313281
17:46062125:A:C	17:45702291:T:C	0.847649	0.718508827201
17:46062125:A:C	17:45703195:C:T	0.847649	0.718508827201
17:46062125:A:C	17:45703582:T:C	0.8497	0.72199009
17:46062125:A:C	17:45703739:A:G	0.8497	0.72199009
17:46062125:A:C	17:45703884:C:T	0.847649	0.718508827201
17:46062125:A:C	17:45704060:T:C	0.847649	0.718508827201
17:46062125:A:C	17:45704139:C:T	0.847649	0.718508827201
17:46062125:A:C	17:45704381:C:T	0.508615	0.258689218225
17:46062125:A:C	17:45704412:A:G	0.847649	0.718508827201
17:46062125:A:C	17:45704938:T:C	0.847649	0.718508827201
17:46062125:A:C	17:45705089:G:T	0.847649	0.718508827201
17:46062125:A:C	17:45705126:A:G	0.847649	0.718508827201
17:46062125:A:C	17:45705192:T:C	0.847649	0.718508827201
17:46062125:A:C	17:45705327:A:G	0.839529	0.704808941841
17:46062125:A:C	17:45705342:T:C	0.847649	0.718508827201
17:46062125:A:C	17:45705974:T:C	0.473702	0.224393584804
17:46062125:A:C	17:45706207:C:T	0.84293	0.7105309848999999
17:46062125:A:C	17:45706224:G:A	0.83841	0.7029313281
17:46062125:A:C	17:45706437:A:G	0.827676	0.685047560976
17:46062125:A:C	17:45706856:T:C	0.847649	0.718508827201
17:46062125:A:C	17:45706862:T:C	-0.33387	0.1114691769
17:46062125:A:C	17:45707258:T:C	0.847649	0.718508827201
17:46062125:A:C	17:45707569:C:G	0.847649	0.718508827201
17:46062125:A:C	17:45707582:G:T	0.847649	0.718508827201
17:46062125:A:C	17:45707628:C:T	0.845389	0.7146825613209999
17:46062125:A:C	17:45707730:G:A	0.847649	0.718508827201
17:46062125:A:C	17:45707732:C:T	0.847649	0.718508827201
17:46062125:A:C	17:45707983:T:C	0.845606	0.7150495072359999
17:46062125:A:C	17:45708261:A:T	0.847649	0.718508827201
17:46062125:A:C	17:45708442:T:C	0.847649	0.718508827201
17:46062125:A:C	17:45708572:C:T	0.847649	0.718508827201
17:46062125:A:C	17:45708647:G:T	0.847649	0.718508827201
17:46062125:A:C	17:45709310:T:G	0.847649	0.718508827201
17:46062125:A:C	17:45709332:C:T	0.847649	0.718508827201
17:46062125:A:C	17:45709764:T:C	0.847649	0.718508827201
17:46062125:A:C	17:45709860:G:A	0.847649	0.718508827201
17:46062125:A:C	17:45709940:T:C	0.847649	0.718508827201
17:46062125:A:C	17:45709987:A:C	-0.408852	0.16715995790399998
17:46062125:A:C	17:45710197:C:G	0.847649	0.718508827201
17:46062125:A:C	17:45711005:C:T	0.847649	0.718508827201
17:46062125:A:C	17:45711053:C:A	0.847649	0.718508827201
17:46062125:A:C	17:45711283:T:C	0.847649	0.718508827201
17:46062125:A:C	17:45711300:C:G	0.847649	0.718508827201
17:46062125:A:C	17:45711401:G:A	0.847649	0.718508827201
17:46062125:A:C	17:45711416:C:T	0.847649	0.718508827201
17:46062125:A:C	17:45711778:G:A	0.847649	0.718508827201
17:46062125:A:C	17:45712274:A:C	0.845606	0.7150495072359999
17:46062125:A:C	17:45712332:G:A	0.840866	0.707055629956
17:46062125:A:C	17:45712344:C:G	0.488799	0.238924462401
17:46062125:A:C	17:45712605:G:C	0.847649	0.718508827201
17:46062125:A:C	17:45712612:G:A	0.847649	0.718508827201
17:46062125:A:C	17:45712639:A:G	0.847649	0.718508827201
17:46062125:A:C	17:45713035:A:G	0.847649	0.718508827201
17:46062125:A:C	17:45713080:A:G	0.847649	0.718508827201
17:46062125:A:C	17:45713283:C:A	0.847649	0.718508827201
17:46062125:A:C	17:45713404:A:G	0.845389	0.7146825613209999
17:46062125:A:C	17:45713545:A:T	0.847649	0.718508827201
17:46062125:A:C	17:45713815:A:C	0.847649	0.718508827201
17:46062125:A:C	17:45713966:T:C	0.847649	0.718508827201
17:46062125:A:C	17:45713978:T:A	0.847649	0.718508827201
17:46062125:A:C	17:45714039:C:A	0.847649	0.718508827201
17:46062125:A:C	17:45714063:G:A	0.847649	0.718508827201
17:46062125:A:C	17:45714102:T:C	0.847649	0.718508827201
17:46062125:A:C	17:45714244:T:C	0.847649	0.718508827201
17:46062125:A:C	17:45714286:G:A	0.847649	0.718508827201
17:46062125:A:C	17:45714724:G:C	0.847649	0.718508827201
17:46062125:A:C	17:45714725:C:T	0.847649	0.718508827201
17:46062125:A:C	17:45714733:T:C	0.847649	0.718508827201
17:46062125:A:C	17:45714886:C:A	0.847649	0.718508827201
17:46062125:A:C	17:45714960:C:T	0.847649	0.718508827201
17:46062125:A:C	17:45714992:A:G	0.847649	0.718508827201
17:46062125:A:C	17:45715045:A:G	0.847649	0.718508827201
17:46062125:A:C	17:45715052:T:C	0.847649	0.718508827201
17:46062125:A:C	17:45715220:A:C	0.847649	0.718508827201
17:46062125:A:C	17:45715529:T:G	0.847649	0.718508827201
17:46062125:A:C	17:45715530:T:C	0.847649	0.718508827201
17:46062125:A:C	17:45715609:G:A	0.847649	0.718508827201
17:46062125:A:C	17:45715834:A:T	0.847649	0.718508827201
17:46062125:A:C	17:45715976:A:G	0.847649	0.718508827201
17:46062125:A:C	17:45716022:C:T	0.847649	0.718508827201
17:46062125:A:C	17:45716285:G:A	0.847649	0.718508827201
17:46062125:A:C	17:45716299:A:G	0.847649	0.718508827201
17:46062125:A:C	17:45716462:G:A	0.845606	0.7150495072359999
17:46062125:A:C	17:45716585:G:A	0.847649	0.718508827201
17:46062125:A:C	17:45716816:G:A	0.847649	0.718508827201
17:46062125:A:C	17:45716843:G:C	0.847649	0.718508827201
17:46062125:A:C	17:45716920:C:T	0.847649	0.718508827201
17:46062125:A:C	17:45717462:T:C	0.847649	0.718508827201
17:46062125:A:C	17:45717533:C:T	0.822724	0.676874780176
17:46062125:A:C	17:45717872:G:A	0.851955	0.725827322025
17:46062125:A:C	17:45718067:C:T	-0.404045	0.163252362025
17:46062125:A:C	17:45718207:C:T	0.851955	0.725827322025
17:46062125:A:C	17:45718268:C:T	0.8497	0.72199009
17:46062125:A:C	17:45718402:T:C	0.851955	0.725827322025
17:46062125:A:C	17:45718493:A:G	0.851955	0.725827322025
17:46062125:A:C	17:45719175:T:A	0.8497	0.72199009
17:46062125:A:C	17:45719721:A:T	0.851955	0.725827322025
17:46062125:A:C	17:45719880:C:T	0.851955	0.725827322025
17:46062125:A:C	17:45720649:A:C	0.849907	0.7223419086489999
17:46062125:A:C	17:45720794:G:A	0.851955	0.725827322025
17:46062125:A:C	17:45720942:G:A	0.438989	0.19271134212100002
17:46062125:A:C	17:45720994:A:G	0.8497	0.72199009
17:46062125:A:C	17:45721035:G:A	0.851955	0.725827322025
17:46062125:A:C	17:45721180:A:G	0.851955	0.725827322025
17:46062125:A:C	17:45721409:G:C	0.851955	0.725827322025
17:46062125:A:C	17:45721421:G:T	0.743226	0.5523848870760001
17:46062125:A:C	17:45721536:C:T	0.851955	0.725827322025
17:46062125:A:C	17:45721537:A:G	0.851955	0.725827322025
17:46062125:A:C	17:45721667:C:T	0.851955	0.725827322025
17:46062125:A:C	17:45721682:G:A	0.851955	0.725827322025
17:46062125:A:C	17:45721686:A:G	0.851955	0.725827322025
17:46062125:A:C	17:45722143:A:C	0.851955	0.725827322025
17:46062125:A:C	17:45722301:C:A	0.851955	0.725827322025
17:46062125:A:C	17:45722438:C:A	0.851955	0.725827322025
17:46062125:A:C	17:45722444:G:C	0.851955	0.725827322025
17:46062125:A:C	17:45722985:A:C	0.851955	0.725827322025
17:46062125:A:C	17:45723038:T:G	0.851955	0.725827322025
17:46062125:A:C	17:45723621:C:A	0.851955	0.725827322025
17:46062125:A:C	17:45723726:T:C	0.851955	0.725827322025
17:46062125:A:C	17:45723819:A:G	0.849907	0.7223419086489999
17:46062125:A:C	17:45724227:G:A	0.851955	0.725827322025
17:46062125:A:C	17:45724329:C:T	0.851955	0.725827322025
17:46062125:A:C	17:45725159:C:T	0.851955	0.725827322025
17:46062125:A:C	17:45725541:T:C	0.851955	0.725827322025
17:46062125:A:C	17:45725605:C:T	0.851955	0.725827322025
17:46062125:A:C	17:45725823:C:A	0.744852	0.554804501904
17:46062125:A:C	17:45726422:T:C	0.851955	0.725827322025
17:46062125:A:C	17:45726820:T:C	-0.403246	0.16260733651599998
17:46062125:A:C	17:45726940:T:C	0.851955	0.725827322025
17:46062125:A:C	17:45726951:A:G	0.854208	0.729671307264
17:46062125:A:C	17:45727023:T:A	0.851955	0.725827322025
17:46062125:A:C	17:45727253:C:T	0.851955	0.725827322025
17:46062125:A:C	17:45727828:T:G	0.511117	0.26124058768900005
17:46062125:A:C	17:45728159:A:C	0.851955	0.725827322025
17:46062125:A:C	17:45728224:C:T	0.851955	0.725827322025
17:46062125:A:C	17:45728649:G:A	0.851955	0.725827322025
17:46062125:A:C	17:45728898:C:T	0.851955	0.725827322025
17:46062125:A:C	17:45729085:C:T	0.851955	0.725827322025
17:46062125:A:C	17:45729559:G:A	0.851955	0.725827322025
17:46062125:A:C	17:45729697:C:T	0.851955	0.725827322025
17:46062125:A:C	17:45729733:G:A	0.851955	0.725827322025
17:46062125:A:C	17:45729747:C:T	0.851955	0.725827322025
17:46062125:A:C	17:45729768:T:C	0.851955	0.725827322025
17:46062125:A:C	17:45730119:T:C	0.851955	0.725827322025
17:46062125:A:C	17:45730276:T:G	0.851955	0.725827322025
17:46062125:A:C	17:45730589:A:C	0.856261	0.7331829001210001
17:46062125:A:C	17:45730701:G:A	0.856261	0.7331829001210001
17:46062125:A:C	17:45730955:G:A	0.856261	0.7331829001210001
17:46062125:A:C	17:45731077:A:C	0.856261	0.7331829001210001
17:46062125:A:C	17:45731397:A:G	0.856261	0.7331829001210001
17:46062125:A:C	17:45731579:C:T	0.856261	0.7331829001210001
17:46062125:A:C	17:45731650:C:T	0.856261	0.7331829001210001
17:46062125:A:C	17:45731730:C:G	0.559717	0.313283120089
17:46062125:A:C	17:45731898:T:G	0.856261	0.7331829001210001
17:46062125:A:C	17:45731962:A:G	0.856261	0.7331829001210001
17:46062125:A:C	17:45733005:G:C	0.856261	0.7331829001210001
17:46062125:A:C	17:45733242:T:A	0.856261	0.7331829001210001
17:46062125:A:C	17:45733416:G:C	0.856261	0.7331829001210001
17:46062125:A:C	17:45733485:G:C	0.856261	0.7331829001210001
17:46062125:A:C	17:45733507:A:T	0.856261	0.7331829001210001
17:46062125:A:C	17:45733530:C:T	0.834152	0.695809559104
17:46062125:A:C	17:45733536:A:G	0.856261	0.7331829001210001
17:46062125:A:C	17:45733694:T:G	0.856261	0.7331829001210001
17:46062125:A:C	17:45733706:A:G	0.856261	0.7331829001210001
17:46062125:A:C	17:45733894:G:A	0.504274	0.254292267076
17:46062125:A:C	17:45734144:T:C	0.856261	0.7331829001210001
17:46062125:A:C	17:45734307:C:T	0.854012	0.729336496144
17:46062125:A:C	17:45734426:C:T	0.856261	0.7331829001210001
17:46062125:A:C	17:45734584:A:C	0.856261	0.7331829001210001
17:46062125:A:C	17:45734811:C:T	0.856261	0.7331829001210001
17:46062125:A:C	17:45734852:C:T	0.856261	0.7331829001210001
17:46062125:A:C	17:45735032:C:G	0.856261	0.7331829001210001
17:46062125:A:C	17:45735233:A:G	0.856261	0.7331829001210001
17:46062125:A:C	17:45735258:G:A	0.856261	0.7331829001210001
17:46062125:A:C	17:45735283:T:C	0.856261	0.7331829001210001
17:46062125:A:C	17:45735318:A:G	0.856261	0.7331829001210001
17:46062125:A:C	17:45735531:T:C	0.558667	0.31210881688900005
17:46062125:A:C	17:45735636:G:A	0.856261	0.7331829001210001
17:46062125:A:C	17:45735820:G:A	0.56077	0.3144629929
17:46062125:A:C	17:45735855:G:A	0.504274	0.254292267076
17:46062125:A:C	17:45735886:C:G	0.856261	0.7331829001210001
17:46062125:A:C	17:45736004:G:C	0.856261	0.7331829001210001
17:46062125:A:C	17:45736049:G:A	0.856261	0.7331829001210001
17:46062125:A:C	17:45736654:T:C	0.854208	0.729671307264
17:46062125:A:C	17:45737061:T:C	0.856261	0.7331829001210001
17:46062125:A:C	17:45737775:A:G	0.856261	0.7331829001210001
17:46062125:A:C	17:45737779:C:T	0.504274	0.254292267076
17:46062125:A:C	17:45737970:A:G	0.856261	0.7331829001210001
17:46062125:A:C	17:45738347:C:T	0.856261	0.7331829001210001
17:46062125:A:C	17:45738454:T:A	0.856261	0.7331829001210001
17:46062125:A:C	17:45738493:A:C	0.856261	0.7331829001210001
17:46062125:A:C	17:45738686:C:T	0.856261	0.7331829001210001
17:46062125:A:C	17:45738740:C:A	0.856261	0.7331829001210001
17:46062125:A:C	17:45738940:G:A	0.856261	0.7331829001210001
17:46062125:A:C	17:45739239:A:C	0.856261	0.7331829001210001
17:46062125:A:C	17:45739289:C:G	0.856261	0.7331829001210001
17:46062125:A:C	17:45739291:G:A	0.856261	0.7331829001210001
17:46062125:A:C	17:45740093:C:T	0.856261	0.7331829001210001
17:46062125:A:C	17:45740191:C:T	0.856261	0.7331829001210001
17:46062125:A:C	17:45740242:G:A	0.856261	0.7331829001210001
17:46062125:A:C	17:45740466:G:A	0.856261	0.7331829001210001
17:46062125:A:C	17:45740532:G:A	0.856261	0.7331829001210001
17:46062125:A:C	17:45740794:A:C	0.856261	0.7331829001210001
17:46062125:A:C	17:45740856:C:A	0.856261	0.7331829001210001
17:46062125:A:C	17:45741245:G:A	0.856261	0.7331829001210001
17:46062125:A:C	17:45741291:T:C	0.856261	0.7331829001210001
17:46062125:A:C	17:45741324:G:T	0.856261	0.7331829001210001
17:46062125:A:C	17:45741540:A:G	0.856261	0.7331829001210001
17:46062125:A:C	17:45741580:A:T	0.856261	0.7331829001210001
17:46062125:A:C	17:45742018:G:A	0.856261	0.7331829001210001
17:46062125:A:C	17:45742084:G:A	0.856261	0.7331829001210001
17:46062125:A:C	17:45742114:C:T	0.856261	0.7331829001210001
17:46062125:A:C	17:45743303:G:T	0.562365	0.316254393225
17:46062125:A:C	17:45743375:A:T	0.856261	0.7331829001210001
17:46062125:A:C	17:45743696:A:G	0.856261	0.7331829001210001
17:46062125:A:C	17:45744319:C:A	0.856261	0.7331829001210001
17:46062125:A:C	17:45745032:T:C	0.856261	0.7331829001210001
17:46062125:A:C	17:45745145:G:A	0.856261	0.7331829001210001
17:46062125:A:C	17:45745403:C:T	0.856261	0.7331829001210001
17:46062125:A:C	17:45745406:T:C	0.854208	0.729671307264
17:46062125:A:C	17:45745759:G:A	0.856261	0.7331829001210001
17:46062125:A:C	17:45745863:T:C	0.856261	0.7331829001210001
17:46062125:A:C	17:45745960:A:G	0.856261	0.7331829001210001
17:46062125:A:C	17:45746514:C:T	0.856261	0.7331829001210001
17:46062125:A:C	17:45746523:C:A	0.856261	0.7331829001210001
17:46062125:A:C	17:45746835:G:A	0.856261	0.7331829001210001
17:46062125:A:C	17:45746982:T:C	0.854012	0.729336496144
17:46062125:A:C	17:45746994:T:C	0.744852	0.554804501904
17:46062125:A:C	17:45747016:T:G	0.854012	0.729336496144
17:46062125:A:C	17:45747168:A:C	0.856261	0.7331829001210001
17:46062125:A:C	17:45747482:A:G	0.856261	0.7331829001210001
17:46062125:A:C	17:45747542:C:T	0.856261	0.7331829001210001
17:46062125:A:C	17:45747973:C:G	0.856261	0.7331829001210001
17:46062125:A:C	17:45748112:G:A	0.856261	0.7331829001210001
17:46062125:A:C	17:45748202:C:T	0.856261	0.7331829001210001
17:46062125:A:C	17:45748210:T:C	0.856261	0.7331829001210001
17:46062125:A:C	17:45748345:A:C	0.856261	0.7331829001210001
17:46062125:A:C	17:45748359:G:T	0.856261	0.7331829001210001
17:46062125:A:C	17:45748546:A:G	0.856261	0.7331829001210001
17:46062125:A:C	17:45748939:G:A	0.856261	0.7331829001210001
17:46062125:A:C	17:45748985:A:G	0.856261	0.7331829001210001
17:46062125:A:C	17:45749271:G:A	0.856261	0.7331829001210001
17:46062125:A:C	17:45749300:C:T	-0.343366	0.11790020995600001
17:46062125:A:C	17:45749843:G:A	0.856261	0.7331829001210001
17:46062125:A:C	17:45749878:C:T	0.856261	0.7331829001210001
17:46062125:A:C	17:45750025:G:C	0.856261	0.7331829001210001
17:46062125:A:C	17:45750065:A:G	0.856261	0.7331829001210001
17:46062125:A:C	17:45750105:G:C	0.856261	0.7331829001210001
17:46062125:A:C	17:45750142:A:G	0.856261	0.7331829001210001
17:46062125:A:C	17:45750855:T:A	0.856261	0.7331829001210001
17:46062125:A:C	17:45751251:G:A	0.856261	0.7331829001210001
17:46062125:A:C	17:45751332:C:T	0.856261	0.7331829001210001
17:46062125:A:C	17:45751398:G:A	0.783504	0.613878518016
17:46062125:A:C	17:45751569:G:C	0.856261	0.7331829001210001
17:46062125:A:C	17:45751987:A:G	0.854208	0.729671307264
17:46062125:A:C	17:45752038:C:T	0.504274	0.254292267076
17:46062125:A:C	17:45753016:G:A	0.856261	0.7331829001210001
17:46062125:A:C	17:45753274:C:T	0.856261	0.7331829001210001
17:46062125:A:C	17:45753319:G:A	0.856261	0.7331829001210001
17:46062125:A:C	17:45753339:T:A	-0.421937	0.178030831969
17:46062125:A:C	17:45753572:G:C	0.856261	0.7331829001210001
17:46062125:A:C	17:45753746:G:A	0.856261	0.7331829001210001
17:46062125:A:C	17:45754196:T:C	-0.425618	0.181150681924
17:46062125:A:C	17:45754749:A:G	0.856261	0.7331829001210001
17:46062125:A:C	17:45754971:A:G	0.856261	0.7331829001210001
17:46062125:A:C	17:45755001:G:A	0.856261	0.7331829001210001
17:46062125:A:C	17:45755252:G:A	0.856261	0.7331829001210001
17:46062125:A:C	17:45755498:T:C	0.856261	0.7331829001210001
17:46062125:A:C	17:45755574:A:G	0.856261	0.7331829001210001
17:46062125:A:C	17:45756458:G:C	0.856261	0.7331829001210001
17:46062125:A:C	17:45756555:G:A	0.856261	0.7331829001210001
17:46062125:A:C	17:45756615:A:G	0.856261	0.7331829001210001
17:46062125:A:C	17:45756708:C:G	0.856261	0.7331829001210001
17:46062125:A:C	17:45756948:A:G	0.856261	0.7331829001210001
17:46062125:A:C	17:45757116:G:A	0.856261	0.7331829001210001
17:46062125:A:C	17:45757604:C:T	0.856261	0.7331829001210001
17:46062125:A:C	17:45757985:T:C	0.856261	0.7331829001210001
17:46062125:A:C	17:45758488:C:A	0.854012	0.729336496144
17:46062125:A:C	17:45758685:T:A	0.856261	0.7331829001210001
17:46062125:A:C	17:45758825:G:A	0.856261	0.7331829001210001
17:46062125:A:C	17:45759212:G:A	0.856261	0.7331829001210001
17:46062125:A:C	17:45759299:C:A	-0.424656	0.18033271833599998
17:46062125:A:C	17:45759307:C:T	0.856261	0.7331829001210001
17:46062125:A:C	17:45759554:T:C	0.856261	0.7331829001210001
17:46062125:A:C	17:45759587:A:C	0.764986	0.585203580196
17:46062125:A:C	17:45759725:T:C	0.856261	0.7331829001210001
17:46062125:A:C	17:45759749:A:G	0.856261	0.7331829001210001
17:46062125:A:C	17:45759871:A:G	0.856261	0.7331829001210001
17:46062125:A:C	17:45760080:C:G	0.856261	0.7331829001210001
17:46062125:A:C	17:45760201:C:T	0.856261	0.7331829001210001
17:46062125:A:C	17:45760416:A:G	0.856261	0.7331829001210001
17:46062125:A:C	17:45760546:T:C	0.637058	0.40584289536400003
17:46062125:A:C	17:45760551:T:C	0.724698	0.5251871912039999
17:46062125:A:C	17:45760648:A:G	0.856261	0.7331829001210001
17:46062125:A:C	17:45760705:C:T	0.856261	0.7331829001210001
17:46062125:A:C	17:45761116:G:T	0.856261	0.7331829001210001
17:46062125:A:C	17:45761312:G:A	0.856261	0.7331829001210001
17:46062125:A:C	17:45761344:T:C	0.856261	0.7331829001210001
17:46062125:A:C	17:45761354:C:T	0.845002	0.714028380004
17:46062125:A:C	17:45761553:G:A	0.856261	0.7331829001210001
17:46062125:A:C	17:45761887:G:A	0.856261	0.7331829001210001
17:46062125:A:C	17:45762585:A:T	0.844075	0.7124626056250001
17:46062125:A:C	17:45762640:T:G	0.844075	0.7124626056250001
17:46062125:A:C	17:45762650:G:A	0.851761	0.725496801121
17:46062125:A:C	17:45762741:C:A	0.856261	0.7331829001210001
17:46062125:A:C	17:45763315:C:T	0.856261	0.7331829001210001
17:46062125:A:C	17:45763498:G:A	0.856261	0.7331829001210001
17:46062125:A:C	17:45763533:G:C	0.856261	0.7331829001210001
17:46062125:A:C	17:45763569:T:C	0.856261	0.7331829001210001
17:46062125:A:C	17:45763942:G:C	-0.36394	0.13245232359999998
17:46062125:A:C	17:45764205:T:A	0.858323	0.736718372329
17:46062125:A:C	17:45764363:T:C	0.854208	0.729671307264
17:46062125:A:C	17:45764546:C:T	0.856261	0.7331829001210001
17:46062125:A:C	17:45765096:T:C	0.851761	0.725496801121
17:46062125:A:C	17:45765107:G:A	-0.417756	0.17452007553600002
17:46062125:A:C	17:45765128:A:G	0.856261	0.7331829001210001
17:46062125:A:C	17:45766029:C:T	0.852164	0.7261834828960001
17:46062125:A:C	17:45766577:G:A	0.856261	0.7331829001210001
17:46062125:A:C	17:45766678:A:G	0.856261	0.7331829001210001
17:46062125:A:C	17:45766835:C:T	0.856261	0.7331829001210001
17:46062125:A:C	17:45767120:T:A	0.856261	0.7331829001210001
17:46062125:A:C	17:45767193:T:G	0.856261	0.7331829001210001
17:46062125:A:C	17:45767194:T:G	0.856261	0.7331829001210001
17:46062125:A:C	17:45767432:G:A	0.856261	0.7331829001210001
17:46062125:A:C	17:45767493:A:G	0.856261	0.7331829001210001
17:46062125:A:C	17:45767611:T:A	0.856261	0.7331829001210001
17:46062125:A:C	17:45767636:C:G	0.856261	0.7331829001210001
17:46062125:A:C	17:45767675:G:A	0.856261	0.7331829001210001
17:46062125:A:C	17:45768114:T:C	0.757894	0.574403315236
17:46062125:A:C	17:45769302:C:A	0.856261	0.7331829001210001
17:46062125:A:C	17:45769454:G:A	0.856261	0.7331829001210001
17:46062125:A:C	17:45769673:C:T	0.856261	0.7331829001210001
17:46062125:A:C	17:45769729:C:T	0.856261	0.7331829001210001
17:46062125:A:C	17:45770008:G:A	0.856261	0.7331829001210001
17:46062125:A:C	17:45770375:T:C	0.856261	0.7331829001210001
17:46062125:A:C	17:45770502:T:C	0.856261	0.7331829001210001
17:46062125:A:C	17:45770546:T:C	0.856261	0.7331829001210001
17:46062125:A:C	17:45770815:C:T	0.856261	0.7331829001210001
17:46062125:A:C	17:45771046:A:G	0.854012	0.729336496144
17:46062125:A:C	17:45771095:G:A	0.854012	0.729336496144
17:46062125:A:C	17:45771129:G:T	-0.336338	0.11312325024400002
17:46062125:A:C	17:45771272:G:A	0.851761	0.725496801121
17:46062125:A:C	17:45771384:T:C	0.854012	0.729336496144
17:46062125:A:C	17:45771395:T:A	0.849907	0.7223419086489999
17:46062125:A:C	17:45771602:G:T	0.854012	0.729336496144
17:46062125:A:C	17:45771961:G:A	0.856261	0.7331829001210001
17:46062125:A:C	17:45772000:T:C	0.854208	0.729671307264
17:46062125:A:C	17:45772049:T:C	0.839798	0.7052606808040001
17:46062125:A:C	17:45772290:C:A	0.856261	0.7331829001210001
17:46062125:A:C	17:45772421:A:T	0.856261	0.7331829001210001
17:46062125:A:C	17:45772530:A:G	0.856261	0.7331829001210001
17:46062125:A:C	17:45773153:C:T	0.856261	0.7331829001210001
17:46062125:A:C	17:45773279:C:T	0.852389	0.7265670073209999
17:46062125:A:C	17:45773566:C:T	0.856261	0.7331829001210001
17:46062125:A:C	17:45773600:A:G	0.85851	0.7370394201
17:46062125:A:C	17:45773652:T:C	0.856261	0.7331829001210001
17:46062125:A:C	17:45774132:T:C	0.488335	0.23847107222500002
17:46062125:A:C	17:45774485:G:A	0.856261	0.7331829001210001
17:46062125:A:C	17:45774605:C:A	0.856261	0.7331829001210001
17:46062125:A:C	17:45775121:T:C	-0.441207	0.19466361684900002
17:46062125:A:C	17:45775239:C:T	0.856261	0.7331829001210001
17:46062125:A:C	17:45775255:T:C	0.856261	0.7331829001210001
17:46062125:A:C	17:45775367:G:A	0.856261	0.7331829001210001
17:46062125:A:C	17:45775376:T:C	0.856261	0.7331829001210001
17:46062125:A:C	17:45775743:G:A	0.856261	0.7331829001210001
17:46062125:A:C	17:45775767:T:C	0.856261	0.7331829001210001
17:46062125:A:C	17:45775869:T:G	0.856261	0.7331829001210001
17:46062125:A:C	17:45776091:A:G	0.856261	0.7331829001210001
17:46062125:A:C	17:45776160:A:G	0.856261	0.7331829001210001
17:46062125:A:C	17:45776556:G:A	0.856261	0.7331829001210001
17:46062125:A:C	17:45776901:C:T	0.856261	0.7331829001210001
17:46062125:A:C	17:45776974:A:G	0.85851	0.7370394201
17:46062125:A:C	17:45777083:C:T	0.85851	0.7370394201
17:46062125:A:C	17:45777136:A:G	0.577638	0.333665659044
17:46062125:A:C	17:45777170:C:A	0.85851	0.7370394201
17:46062125:A:C	17:45777289:G:C	0.626259	0.392200335081
17:46062125:A:C	17:45777790:G:T	-0.438403	0.192197190409
17:46062125:A:C	17:45777862:G:T	0.85851	0.7370394201
17:46062125:A:C	17:45778103:A:G	-0.444662	0.197724294244
17:46062125:A:C	17:45778137:C:T	0.860568	0.740577282624
17:46062125:A:C	17:45778205:T:C	-0.442933	0.19618964248900003
17:46062125:A:C	17:45778237:A:G	0.575777	0.331519153729
17:46062125:A:C	17:45779092:G:A	0.623685	0.3889829792250001
17:46062125:A:C	17:45779273:C:G	0.860568	0.740577282624
17:46062125:A:C	17:45779344:G:A	0.860568	0.740577282624
17:46062125:A:C	17:45779364:C:T	0.860568	0.740577282624
17:46062125:A:C	17:45779667:C:T	0.860568	0.740577282624
17:46062125:A:C	17:45779763:A:C	0.860568	0.740577282624
17:46062125:A:C	17:45780623:T:G	0.860568	0.740577282624
17:46062125:A:C	17:45780624:T:C	0.860568	0.740577282624
17:46062125:A:C	17:45780821:G:T	0.860568	0.740577282624
17:46062125:A:C	17:45780941:T:C	0.860568	0.740577282624
17:46062125:A:C	17:45780960:C:T	0.860568	0.740577282624
17:46062125:A:C	17:45781116:C:T	0.860568	0.740577282624
17:46062125:A:C	17:45781263:A:G	0.860568	0.740577282624
17:46062125:A:C	17:45781699:T:C	0.860568	0.740577282624
17:46062125:A:C	17:45781740:A:C	-0.434737	0.18899625916899998
17:46062125:A:C	17:45782274:A:G	0.860568	0.740577282624
17:46062125:A:C	17:45782325:C:G	0.860568	0.740577282624
17:46062125:A:C	17:45783751:C:T	0.85851	0.7370394201
17:46062125:A:C	17:45791850:T:A	0.323504	0.104654838016
17:46062125:A:C	17:45792776:C:T	-0.395457	0.156386238849
17:46062125:A:C	17:45793781:G:A	0.491663	0.24173250556900003
17:46062125:A:C	17:45794616:C:T	0.860568	0.740577282624
17:46062125:A:C	17:45794862:G:A	0.860568	0.740577282624
17:46062125:A:C	17:45797307:T:C	0.860393	0.740276114449
17:46062125:A:C	17:45801942:A:G	0.860568	0.740577282624
17:46062125:A:C	17:45802681:G:A	-0.412899	0.17048558420100002
17:46062125:A:C	17:45804424:C:T	0.860568	0.740577282624
17:46062125:A:C	17:45807925:G:A	0.860568	0.740577282624
17:46062125:A:C	17:45808001:G:T	-0.412061	0.169794267721
17:46062125:A:C	17:45810114:T:C	0.860568	0.740577282624
17:46062125:A:C	17:45811500:C:T	-0.435402	0.189574901604
17:46062125:A:C	17:45815154:A:C	-0.327368	0.107169807424
17:46062125:A:C	17:45815234:A:G	-0.432431	0.18699656976100001
17:46062125:A:C	17:45815418:T:G	0.856461	0.7335254445210001
17:46062125:A:C	17:45815422:G:A	0.860568	0.740577282624
17:46062125:A:C	17:45815607:T:C	0.860568	0.740577282624
17:46062125:A:C	17:45815893:G:A	0.85851	0.7370394201
17:46062125:A:C	17:45815894:T:C	0.860568	0.740577282624
17:46062125:A:C	17:45816037:G:A	0.860568	0.740577282624
17:46062125:A:C	17:45816121:G:A	-0.433477	0.187902309529
17:46062125:A:C	17:45816350:C:T	0.860568	0.740577282624
17:46062125:A:C	17:45816385:A:G	0.860568	0.740577282624
17:46062125:A:C	17:45816736:T:C	0.860568	0.740577282624
17:46062125:A:C	17:45816793:C:T	0.860568	0.740577282624
17:46062125:A:C	17:45817144:G:A	0.860568	0.740577282624
17:46062125:A:C	17:45817181:C:T	0.860568	0.740577282624
17:46062125:A:C	17:45817243:A:G	0.860568	0.740577282624
17:46062125:A:C	17:45817432:G:C	-0.436271	0.190332385441
17:46062125:A:C	17:45817624:T:G	0.860568	0.740577282624
17:46062125:A:C	17:45817642:C:G	0.860568	0.740577282624
17:46062125:A:C	17:45818135:G:C	0.860568	0.740577282624
17:46062125:A:C	17:45818164:C:T	0.860568	0.740577282624
17:46062125:A:C	17:45818236:T:G	0.860568	0.740577282624
17:46062125:A:C	17:45818287:A:G	0.860568	0.740577282624
17:46062125:A:C	17:45818330:G:A	0.860568	0.740577282624
17:46062125:A:C	17:45818385:G:A	0.860568	0.740577282624
17:46062125:A:C	17:45818431:T:C	0.860568	0.740577282624
17:46062125:A:C	17:45818666:C:T	0.860568	0.740577282624
17:46062125:A:C	17:45818862:T:C	0.860568	0.740577282624
17:46062125:A:C	17:45819162:C:G	0.860568	0.740577282624
17:46062125:A:C	17:45819250:T:C	0.860568	0.740577282624
17:46062125:A:C	17:45819271:T:C	0.860568	0.740577282624
17:46062125:A:C	17:45819324:T:C	0.860568	0.740577282624
17:46062125:A:C	17:45819368:T:C	0.860568	0.740577282624
17:46062125:A:C	17:45819764:A:G	0.860568	0.740577282624
17:46062125:A:C	17:45819836:T:A	0.860568	0.740577282624
17:46062125:A:C	17:45819880:A:G	0.860568	0.740577282624
17:46062125:A:C	17:45820083:A:T	0.860568	0.740577282624
17:46062125:A:C	17:45820114:A:G	0.860568	0.740577282624
17:46062125:A:C	17:45820356:T:C	0.860568	0.740577282624
17:46062125:A:C	17:45821002:A:G	0.521018	0.271459756324
17:46062125:A:C	17:45821093:C:T	0.860568	0.740577282624
17:46062125:A:C	17:45821521:T:C	0.860568	0.740577282624
17:46062125:A:C	17:45821597:A:T	0.860568	0.740577282624
17:46062125:A:C	17:45821795:A:C	0.860568	0.740577282624
17:46062125:A:C	17:45822035:C:T	0.860568	0.740577282624
17:46062125:A:C	17:45822051:G:C	0.860568	0.740577282624
17:46062125:A:C	17:45822245:C:T	0.860568	0.740577282624
17:46062125:A:C	17:45822289:T:C	0.860568	0.740577282624
17:46062125:A:C	17:45822291:C:G	0.860568	0.740577282624
17:46062125:A:C	17:45822361:A:G	0.860568	0.740577282624
17:46062125:A:C	17:45822370:G:A	0.860568	0.740577282624
17:46062125:A:C	17:45822420:C:T	0.860568	0.740577282624
17:46062125:A:C	17:45822715:C:T	0.860568	0.740577282624
17:46062125:A:C	17:45823068:A:G	0.860568	0.740577282624
17:46062125:A:C	17:45823331:C:T	0.860568	0.740577282624
17:46062125:A:C	17:45823394:G:A	0.858323	0.736718372329
17:46062125:A:C	17:45823403:C:T	0.796946	0.635122926916
17:46062125:A:C	17:45823451:A:G	0.85851	0.7370394201
17:46062125:A:C	17:45823635:C:T	0.860568	0.740577282624
17:46062125:A:C	17:45823708:A:G	0.521018	0.271459756324
17:46062125:A:C	17:45823872:A:G	0.860568	0.740577282624
17:46062125:A:C	17:45824162:T:C	0.860568	0.740577282624
17:46062125:A:C	17:45824192:A:G	0.860568	0.740577282624
17:46062125:A:C	17:45824850:C:T	0.860568	0.740577282624
17:46062125:A:C	17:45825139:C:T	0.860568	0.740577282624
17:46062125:A:C	17:45825156:G:A	0.860568	0.740577282624
17:46062125:A:C	17:45825175:A:G	0.769571	0.592239524041
17:46062125:A:C	17:45825372:C:A	0.860568	0.740577282624
17:46062125:A:C	17:45825433:A:G	0.860568	0.740577282624
17:46062125:A:C	17:45825476:C:T	0.860568	0.740577282624
17:46062125:A:C	17:45825495:C:A	0.860568	0.740577282624
17:46062125:A:C	17:45825578:C:T	0.860568	0.740577282624
17:46062125:A:C	17:45825631:G:A	0.860568	0.740577282624
17:46062125:A:C	17:45825723:C:T	0.860568	0.740577282624
17:46062125:A:C	17:45825740:A:G	0.860568	0.740577282624
17:46062125:A:C	17:45825932:G:A	0.860568	0.740577282624
17:46062125:A:C	17:45825970:G:A	0.860568	0.740577282624
17:46062125:A:C	17:45826119:G:C	0.860568	0.740577282624
17:46062125:A:C	17:45826180:A:G	0.860568	0.740577282624
17:46062125:A:C	17:45826182:C:T	0.860568	0.740577282624
17:46062125:A:C	17:45826476:C:T	0.850618	0.723550981924
17:46062125:A:C	17:45826744:G:C	0.860568	0.740577282624
17:46062125:A:C	17:45827031:C:T	0.860568	0.740577282624
17:46062125:A:C	17:45827162:T:C	0.860568	0.740577282624
17:46062125:A:C	17:45827244:C:T	0.860568	0.740577282624
17:46062125:A:C	17:45827307:C:T	0.860568	0.740577282624
17:46062125:A:C	17:45827582:G:C	0.860568	0.740577282624
17:46062125:A:C	17:45827768:G:A	0.858323	0.736718372329
17:46062125:A:C	17:45827947:G:C	0.860568	0.740577282624
17:46062125:A:C	17:45828115:T:G	0.860568	0.740577282624
17:46062125:A:C	17:45829360:A:C	0.858323	0.736718372329
17:46062125:A:C	17:45829462:G:A	0.858323	0.736718372329
17:46062125:A:C	17:45829777:G:A	0.860568	0.740577282624
17:46062125:A:C	17:45830379:C:T	0.860568	0.740577282624
17:46062125:A:C	17:45830530:T:C	0.860568	0.740577282624
17:46062125:A:C	17:45830600:G:A	0.860568	0.740577282624
17:46062125:A:C	17:45830785:C:T	0.860568	0.740577282624
17:46062125:A:C	17:45830786:C:T	0.860568	0.740577282624
17:46062125:A:C	17:45831407:G:C	0.860568	0.740577282624
17:46062125:A:C	17:45831460:T:G	0.860568	0.740577282624
17:46062125:A:C	17:45831623:C:T	0.860568	0.740577282624
17:46062125:A:C	17:45831642:C:T	0.860568	0.740577282624
17:46062125:A:C	17:45831656:G:T	0.860568	0.740577282624
17:46062125:A:C	17:45832046:C:T	0.521658	0.27212706896399996
17:46062125:A:C	17:45832722:G:A	0.860568	0.740577282624
17:46062125:A:C	17:45832817:G:A	0.858323	0.736718372329
17:46062125:A:C	17:45832896:C:G	0.860568	0.740577282624
17:46062125:A:C	17:45833089:G:A	0.523056	0.27358757913599996
17:46062125:A:C	17:45833141:C:T	0.860568	0.740577282624
17:46062125:A:C	17:45833670:G:A	0.858323	0.736718372329
17:46062125:A:C	17:45833986:C:T	0.860568	0.740577282624
17:46062125:A:C	17:45834058:C:T	0.860568	0.740577282624
17:46062125:A:C	17:45834077:T:C	0.860568	0.740577282624
17:46062125:A:C	17:45834159:C:T	0.860568	0.740577282624
17:46062125:A:C	17:45834350:G:T	-0.400035	0.16002800122499997
17:46062125:A:C	17:45834466:T:C	0.860568	0.740577282624
17:46062125:A:C	17:45834532:C:T	0.860568	0.740577282624
17:46062125:A:C	17:45834793:G:C	0.860568	0.740577282624
17:46062125:A:C	17:45834916:C:T	0.860568	0.740577282624
17:46062125:A:C	17:45835088:T:C	0.860568	0.740577282624
17:46062125:A:C	17:45835124:C:G	0.860568	0.740577282624
17:46062125:A:C	17:45835216:C:T	0.860568	0.740577282624
17:46062125:A:C	17:45835269:A:G	0.860568	0.740577282624
17:46062125:A:C	17:45835357:T:C	0.860568	0.740577282624
17:46062125:A:C	17:45835420:G:C	0.860568	0.740577282624
17:46062125:A:C	17:45835464:T:C	0.860568	0.740577282624
17:46062125:A:C	17:45835949:C:T	0.860568	0.740577282624
17:46062125:A:C	17:45836178:G:T	0.521658	0.27212706896399996
17:46062125:A:C	17:45836191:T:G	0.856461	0.7335254445210001
17:46062125:A:C	17:45836192:T:G	0.856461	0.7335254445210001
17:46062125:A:C	17:45837188:C:A	0.860568	0.740577282624
17:46062125:A:C	17:45837192:G:A	0.858323	0.736718372329
17:46062125:A:C	17:45837232:G:C	0.860568	0.740577282624
17:46062125:A:C	17:45837362:G:T	0.860568	0.740577282624
17:46062125:A:C	17:45837443:C:T	0.860568	0.740577282624
17:46062125:A:C	17:45837615:C:G	0.860568	0.740577282624
17:46062125:A:C	17:45837688:A:G	0.860568	0.740577282624
17:46062125:A:C	17:45837946:C:T	0.860568	0.740577282624
17:46062125:A:C	17:45838131:C:T	0.704274	0.4960018670759999
17:46062125:A:C	17:45838990:G:A	0.860568	0.740577282624
17:46062125:A:C	17:45839143:A:G	0.860568	0.740577282624
17:46062125:A:C	17:45839407:A:C	0.860568	0.740577282624
17:46062125:A:C	17:45839566:G:A	0.860568	0.740577282624
17:46062125:A:C	17:45839720:A:G	0.860568	0.740577282624
17:46062125:A:C	17:45839770:G:A	0.524704	0.27531428761599996
17:46062125:A:C	17:45840410:G:T	0.858323	0.736718372329
17:46062125:A:C	17:45840452:G:A	0.860568	0.740577282624
17:46062125:A:C	17:45840824:T:C	0.860568	0.740577282624
17:46062125:A:C	17:45840873:C:T	0.860568	0.740577282624
17:46062125:A:C	17:45841052:A:G	0.860568	0.740577282624
17:46062125:A:C	17:45841158:A:G	0.860568	0.740577282624
17:46062125:A:C	17:45841247:T:C	0.860568	0.740577282624
17:46062125:A:C	17:45841285:C:G	0.860568	0.740577282624
17:46062125:A:C	17:45841702:G:T	0.860568	0.740577282624
17:46062125:A:C	17:45841704:T:C	0.860568	0.740577282624
17:46062125:A:C	17:45841707:G:T	0.860568	0.740577282624
17:46062125:A:C	17:45841730:A:G	0.860568	0.740577282624
17:46062125:A:C	17:45841739:C:T	0.860568	0.740577282624
17:46062125:A:C	17:45841935:T:C	0.860568	0.740577282624
17:46062125:A:C	17:45842518:T:G	0.860568	0.740577282624
17:46062125:A:C	17:45842934:T:C	0.860568	0.740577282624
17:46062125:A:C	17:45843012:C:T	0.860568	0.740577282624
17:46062125:A:C	17:45843045:T:C	0.860568	0.740577282624
17:46062125:A:C	17:45843608:T:C	0.860568	0.740577282624
17:46062125:A:C	17:45843844:G:T	0.860568	0.740577282624
17:46062125:A:C	17:45844206:T:A	0.860568	0.740577282624
17:46062125:A:C	17:45844388:T:C	0.860568	0.740577282624
17:46062125:A:C	17:45845576:T:C	0.860568	0.740577282624
17:46062125:A:C	17:45845814:G:A	0.524704	0.27531428761599996
17:46062125:A:C	17:45845900:G:A	0.860568	0.740577282624
17:46062125:A:C	17:45846288:G:C	0.860568	0.740577282624
17:46062125:A:C	17:45846317:A:G	0.860568	0.740577282624
17:46062125:A:C	17:45846337:C:T	0.860568	0.740577282624
17:46062125:A:C	17:45846568:T:C	0.860568	0.740577282624
17:46062125:A:C	17:45846707:T:C	0.860568	0.740577282624
17:46062125:A:C	17:45846764:G:A	0.860568	0.740577282624
17:46062125:A:C	17:45846834:C:G	0.860568	0.740577282624
17:46062125:A:C	17:45846853:T:C	0.860568	0.740577282624
17:46062125:A:C	17:45846865:G:A	0.860568	0.740577282624
17:46062125:A:C	17:45846971:A:C	0.856676	0.733893768976
17:46062125:A:C	17:45847155:G:A	0.860568	0.740577282624
17:46062125:A:C	17:45847410:C:T	0.860568	0.740577282624
17:46062125:A:C	17:45847437:A:G	0.860568	0.740577282624
17:46062125:A:C	17:45847931:C:T	0.778149	0.605515866201
17:46062125:A:C	17:45848239:G:A	0.862811	0.744442821721
17:46062125:A:C	17:45848363:A:G	0.862811	0.744442821721
17:46062125:A:C	17:45848600:G:A	0.862811	0.744442821721
17:46062125:A:C	17:45848690:A:C	0.862811	0.744442821721
17:46062125:A:C	17:45848783:A:G	0.85851	0.7370394201
17:46062125:A:C	17:45849389:A:G	0.862811	0.744442821721
17:46062125:A:C	17:45849423:T:C	0.489418	0.23952997872400003
17:46062125:A:C	17:45849582:A:G	0.862811	0.744442821721
17:46062125:A:C	17:45849621:T:G	0.490355	0.24044802602499998
17:46062125:A:C	17:45849626:C:T	0.862811	0.744442821721
17:46062125:A:C	17:45849889:G:T	0.862811	0.744442821721
17:46062125:A:C	17:45849924:G:A	0.842579	0.7099393712409999
17:46062125:A:C	17:45850342:A:G	0.862811	0.744442821721
17:46062125:A:C	17:45851207:T:C	0.490355	0.24044802602499998
17:46062125:A:C	17:45851248:T:G	0.862811	0.744442821721
17:46062125:A:C	17:45851444:A:G	0.490355	0.24044802602499998
17:46062125:A:C	17:45851663:A:G	0.85851	0.7370394201
17:46062125:A:C	17:45852626:C:T	0.864874	0.748007035876
17:46062125:A:C	17:45852667:G:A	0.864874	0.748007035876
17:46062125:A:C	17:45852872:C:A	0.864874	0.748007035876
17:46062125:A:C	17:45853432:A:G	0.864874	0.748007035876
17:46062125:A:C	17:45853589:G:A	0.864874	0.748007035876
17:46062125:A:C	17:45853614:C:T	0.864874	0.748007035876
17:46062125:A:C	17:45853756:C:T	0.864874	0.748007035876
17:46062125:A:C	17:45853878:G:C	0.864874	0.748007035876
17:46062125:A:C	17:45853879:G:A	0.864874	0.748007035876
17:46062125:A:C	17:45854014:A:G	0.864874	0.748007035876
17:46062125:A:C	17:45854260:T:C	0.864874	0.748007035876
17:46062125:A:C	17:45854541:C:A	0.864874	0.748007035876
17:46062125:A:C	17:45854662:A:G	0.864874	0.748007035876
17:46062125:A:C	17:45854683:C:T	0.864874	0.748007035876
17:46062125:A:C	17:45854763:C:T	0.867112	0.751883220544
17:46062125:A:C	17:45854789:A:G	0.864874	0.748007035876
17:46062125:A:C	17:45854807:A:G	0.864874	0.748007035876
17:46062125:A:C	17:45854911:G:A	0.864874	0.748007035876
17:46062125:A:C	17:45855015:C:T	0.864874	0.748007035876
17:46062125:A:C	17:45855375:C:T	0.857996	0.736157136016
17:46062125:A:C	17:45855423:C:T	0.783421	0.6137484632410001
17:46062125:A:C	17:45855431:G:C	0.787877	0.6207501671290001
17:46062125:A:C	17:45855432:G:T	0.787877	0.6207501671290001
17:46062125:A:C	17:45855805:C:T	0.862473	0.743859675729
17:46062125:A:C	17:45855941:T:C	0.533007	0.284096462049
17:46062125:A:C	17:45856213:C:A	0.862473	0.743859675729
17:46062125:A:C	17:45856307:T:C	0.86918	0.7554738724
17:46062125:A:C	17:45856424:G:T	0.86918	0.7554738724
17:46062125:A:C	17:45856436:G:T	0.776787	0.603398043369
17:46062125:A:C	17:45856468:G:T	0.86918	0.7554738724
17:46062125:A:C	17:45856513:C:G	0.86918	0.7554738724
17:46062125:A:C	17:45856650:G:C	0.86918	0.7554738724
17:46062125:A:C	17:45856750:T:G	0.86918	0.7554738724
17:46062125:A:C	17:45856890:G:A	-0.448536	0.201184543296
17:46062125:A:C	17:45856948:T:C	0.86918	0.7554738724
17:46062125:A:C	17:45857306:A:C	0.86918	0.7554738724
17:46062125:A:C	17:45857410:A:G	0.86918	0.7554738724
17:46062125:A:C	17:45857460:T:G	0.86918	0.7554738724
17:46062125:A:C	17:45857530:T:A	0.86918	0.7554738724
17:46062125:A:C	17:45857582:A:G	0.86918	0.7554738724
17:46062125:A:C	17:45857752:G:A	0.86918	0.7554738724
17:46062125:A:C	17:45858472:T:C	-0.31633	0.1000646689
17:46062125:A:C	17:45858522:C:T	0.86918	0.7554738724
17:46062125:A:C	17:45858645:A:G	0.86918	0.7554738724
17:46062125:A:C	17:45858932:C:A	0.86918	0.7554738724
17:46062125:A:C	17:45859044:T:C	-0.317093	0.100547970649
17:46062125:A:C	17:45859298:G:C	-0.446036	0.19894811329599998
17:46062125:A:C	17:45859438:A:G	0.86918	0.7554738724
17:46062125:A:C	17:45859446:G:A	0.86918	0.7554738724
17:46062125:A:C	17:45859738:G:A	0.86918	0.7554738724
17:46062125:A:C	17:45859796:C:T	0.86918	0.7554738724
17:46062125:A:C	17:45859818:T:C	0.86918	0.7554738724
17:46062125:A:C	17:45859967:T:G	0.86918	0.7554738724
17:46062125:A:C	17:45860094:G:A	0.86918	0.7554738724
17:46062125:A:C	17:45860139:C:T	0.86918	0.7554738724
17:46062125:A:C	17:45860267:A:G	0.86918	0.7554738724
17:46062125:A:C	17:45860305:C:T	0.86918	0.7554738724
17:46062125:A:C	17:45860370:C:T	0.86918	0.7554738724
17:46062125:A:C	17:45860741:A:G	0.86918	0.7554738724
17:46062125:A:C	17:45861028:A:G	0.86918	0.7554738724
17:46062125:A:C	17:45861133:G:A	0.86918	0.7554738724
17:46062125:A:C	17:45861268:A:G	0.86918	0.7554738724
17:46062125:A:C	17:45861430:A:G	0.86918	0.7554738724
17:46062125:A:C	17:45861516:G:A	0.86918	0.7554738724
17:46062125:A:C	17:45861770:T:A	-0.31633	0.1000646689
17:46062125:A:C	17:45861859:A:G	-0.31633	0.1000646689
17:46062125:A:C	17:45861889:T:C	0.86918	0.7554738724
17:46062125:A:C	17:45862023:C:T	0.86918	0.7554738724
17:46062125:A:C	17:45862029:A:T	0.86918	0.7554738724
17:46062125:A:C	17:45862033:A:C	0.86918	0.7554738724
17:46062125:A:C	17:45862066:G:T	0.86918	0.7554738724
17:46062125:A:C	17:45862131:C:T	-0.317093	0.100547970649
17:46062125:A:C	17:45862243:A:T	0.86918	0.7554738724
17:46062125:A:C	17:45862272:G:A	0.86918	0.7554738724
17:46062125:A:C	17:45862293:G:A	0.86918	0.7554738724
17:46062125:A:C	17:45862570:G:A	0.86918	0.7554738724
17:46062125:A:C	17:45862646:T:C	0.86918	0.7554738724
17:46062125:A:C	17:45862654:T:C	0.86918	0.7554738724
17:46062125:A:C	17:45862655:G:A	0.86918	0.7554738724
17:46062125:A:C	17:45862822:T:C	0.86918	0.7554738724
17:46062125:A:C	17:45862863:G:A	-0.31633	0.1000646689
17:46062125:A:C	17:45863131:C:T	0.86918	0.7554738724
17:46062125:A:C	17:45863319:G:A	0.86918	0.7554738724
17:46062125:A:C	17:45863459:G:C	0.86918	0.7554738724
17:46062125:A:C	17:45863984:C:T	0.86918	0.7554738724
17:46062125:A:C	17:45864110:A:C	0.86918	0.7554738724
17:46062125:A:C	17:45864125:A:G	0.86918	0.7554738724
17:46062125:A:C	17:45864242:C:G	0.86918	0.7554738724
17:46062125:A:C	17:45864344:C:T	0.86918	0.7554738724
17:46062125:A:C	17:45864492:T:G	0.86918	0.7554738724
17:46062125:A:C	17:45864680:T:A	0.86918	0.7554738724
17:46062125:A:C	17:45865290:G:A	0.86918	0.7554738724
17:46062125:A:C	17:45865454:T:C	0.866945	0.7515936330249999
17:46062125:A:C	17:45865634:A:C	0.86918	0.7554738724
17:46062125:A:C	17:45865685:G:A	-0.446528	0.199387254784
17:46062125:A:C	17:45866289:A:C	0.86918	0.7554738724
17:46062125:A:C	17:45866291:A:G	0.86918	0.7554738724
17:46062125:A:C	17:45866389:T:C	0.86918	0.7554738724
17:46062125:A:C	17:45866591:G:C	0.86918	0.7554738724
17:46062125:A:C	17:45866608:C:T	0.86918	0.7554738724
17:46062125:A:C	17:45866792:C:T	0.86918	0.7554738724
17:46062125:A:C	17:45866838:T:C	0.86918	0.7554738724
17:46062125:A:C	17:45867153:C:T	0.86918	0.7554738724
17:46062125:A:C	17:45867734:G:A	-0.446528	0.199387254784
17:46062125:A:C	17:45867740:T:C	0.86918	0.7554738724
17:46062125:A:C	17:45867922:G:A	-0.333941	0.11151659148099999
17:46062125:A:C	17:45868050:A:G	-0.31633	0.1000646689
17:46062125:A:C	17:45868129:A:G	0.86918	0.7554738724
17:46062125:A:C	17:45868158:A:G	-0.31633	0.1000646689
17:46062125:A:C	17:45868321:C:A	0.86918	0.7554738724
17:46062125:A:C	17:45868360:G:A	-0.446528	0.199387254784
17:46062125:A:C	17:45868379:G:A	-0.31633	0.1000646689
17:46062125:A:C	17:45868489:G:A	0.86918	0.7554738724
17:46062125:A:C	17:45868565:T:C	0.86918	0.7554738724
17:46062125:A:C	17:45868572:C:T	0.86918	0.7554738724
17:46062125:A:C	17:45868746:T:C	0.86918	0.7554738724
17:46062125:A:C	17:45868857:G:A	0.865249	0.748655832001
17:46062125:A:C	17:45868925:A:G	0.812811	0.6606617217209999
17:46062125:A:C	17:45868952:T:C	0.85383	0.7290256689
17:46062125:A:C	17:45869004:A:C	-0.387381	0.15006403916099997
17:46062125:A:C	17:45869057:A:C	0.865054	0.748318422916
17:46062125:A:C	17:45869170:C:T	0.86918	0.7554738724
17:46062125:A:C	17:45869276:T:C	0.86918	0.7554738724
17:46062125:A:C	17:45869341:T:C	0.86918	0.7554738724
17:46062125:A:C	17:45869472:C:A	0.86918	0.7554738724
17:46062125:A:C	17:45869509:C:T	0.86918	0.7554738724
17:46062125:A:C	17:45869805:G:A	0.86918	0.7554738724
17:46062125:A:C	17:45870122:A:G	0.86918	0.7554738724
17:46062125:A:C	17:45870562:A:G	0.86918	0.7554738724
17:46062125:A:C	17:45870674:C:T	0.86918	0.7554738724
17:46062125:A:C	17:45870793:G:A	0.86918	0.7554738724
17:46062125:A:C	17:45870981:T:C	0.626418	0.39239951072400003
17:46062125:A:C	17:45871367:C:T	0.86918	0.7554738724
17:46062125:A:C	17:45871611:G:A	0.86918	0.7554738724
17:46062125:A:C	17:45871642:C:T	0.86918	0.7554738724
17:46062125:A:C	17:45871726:T:G	0.86918	0.7554738724
17:46062125:A:C	17:45871976:G:A	0.844832	0.713741108224
17:46062125:A:C	17:45872082:C:A	0.86471	0.7477233840999999
17:46062125:A:C	17:45872526:C:T	0.86918	0.7554738724
17:46062125:A:C	17:45872829:T:C	0.86918	0.7554738724
17:46062125:A:C	17:45872956:A:G	0.620428	0.384930903184
17:46062125:A:C	17:45873028:C:T	0.86918	0.7554738724
17:46062125:A:C	17:45873075:C:A	0.86918	0.7554738724
17:46062125:A:C	17:45873167:A:G	0.86918	0.7554738724
17:46062125:A:C	17:45873610:G:T	0.86918	0.7554738724
17:46062125:A:C	17:45873754:T:C	0.86918	0.7554738724
17:46062125:A:C	17:45873854:T:G	0.86918	0.7554738724
17:46062125:A:C	17:45873979:C:A	0.86918	0.7554738724
17:46062125:A:C	17:45874351:G:A	0.86918	0.7554738724
17:46062125:A:C	17:45874629:C:T	0.86918	0.7554738724
17:46062125:A:C	17:45874825:A:T	0.86918	0.7554738724
17:46062125:A:C	17:45875268:A:T	0.86918	0.7554738724
17:46062125:A:C	17:45875578:T:C	0.86918	0.7554738724
17:46062125:A:C	17:45875650:C:T	0.86918	0.7554738724
17:46062125:A:C	17:45875677:A:C	0.86918	0.7554738724
17:46062125:A:C	17:45875804:C:T	0.86918	0.7554738724
17:46062125:A:C	17:45875813:A:G	0.865054	0.748318422916
17:46062125:A:C	17:45875941:C:T	0.86918	0.7554738724
17:46062125:A:C	17:45876163:A:G	0.86918	0.7554738724
17:46062125:A:C	17:45876329:T:C	0.86918	0.7554738724
17:46062125:A:C	17:45876341:C:T	0.86918	0.7554738724
17:46062125:A:C	17:45876353:G:C	0.86918	0.7554738724
17:46062125:A:C	17:45876448:G:A	0.86918	0.7554738724
17:46062125:A:C	17:45876625:C:G	0.86918	0.7554738724
17:46062125:A:C	17:45876768:G:A	0.86918	0.7554738724
17:46062125:A:C	17:45876861:G:A	0.86918	0.7554738724
17:46062125:A:C	17:45876918:G:A	0.86918	0.7554738724
17:46062125:A:C	17:45877320:G:A	0.866945	0.7515936330249999
17:46062125:A:C	17:45877664:A:G	0.86918	0.7554738724
17:46062125:A:C	17:45877727:T:C	0.86918	0.7554738724
17:46062125:A:C	17:45877999:C:A	0.86918	0.7554738724
17:46062125:A:C	17:45878121:C:T	0.871414	0.759362359396
17:46062125:A:C	17:45879004:G:T	0.86918	0.7554738724
17:46062125:A:C	17:45879024:T:C	0.86918	0.7554738724
17:46062125:A:C	17:45879059:C:T	0.86918	0.7554738724
17:46062125:A:C	17:45879139:A:C	0.86918	0.7554738724
17:46062125:A:C	17:45879276:T:C	0.86918	0.7554738724
17:46062125:A:C	17:45879368:C:A	0.86918	0.7554738724
17:46062125:A:C	17:45879412:A:G	0.86918	0.7554738724
17:46062125:A:C	17:45879855:C:T	0.86918	0.7554738724
17:46062125:A:C	17:45879903:T:C	0.86918	0.7554738724
17:46062125:A:C	17:45879962:C:T	0.86918	0.7554738724
17:46062125:A:C	17:45880713:C:T	0.871414	0.759362359396
17:46062125:A:C	17:45880733:T:C	0.86918	0.7554738724
17:46062125:A:C	17:45880773:A:C	0.86918	0.7554738724
17:46062125:A:C	17:45880806:A:G	0.86918	0.7554738724
17:46062125:A:C	17:45880996:T:G	0.86918	0.7554738724
17:46062125:A:C	17:45881065:T:C	0.86918	0.7554738724
17:46062125:A:C	17:45881370:G:A	0.86918	0.7554738724
17:46062125:A:C	17:45881378:A:G	0.86918	0.7554738724
17:46062125:A:C	17:45881726:G:T	0.86918	0.7554738724
17:46062125:A:C	17:45881747:A:G	0.86918	0.7554738724
17:46062125:A:C	17:45881895:G:A	0.86918	0.7554738724
17:46062125:A:C	17:45882295:G:A	0.86918	0.7554738724
17:46062125:A:C	17:45882386:A:T	0.86918	0.7554738724
17:46062125:A:C	17:45882552:T:A	0.86918	0.7554738724
17:46062125:A:C	17:45882654:A:G	0.86918	0.7554738724
17:46062125:A:C	17:45882806:C:T	0.86918	0.7554738724
17:46062125:A:C	17:45882917:A:G	0.86918	0.7554738724
17:46062125:A:C	17:45882957:A:G	0.86918	0.7554738724
17:46062125:A:C	17:45882959:T:C	0.86918	0.7554738724
17:46062125:A:C	17:45882975:G:A	0.86918	0.7554738724
17:46062125:A:C	17:45883234:T:C	0.86918	0.7554738724
17:46062125:A:C	17:45883446:A:T	0.86918	0.7554738724
17:46062125:A:C	17:45883545:A:G	0.871414	0.759362359396
17:46062125:A:C	17:45883552:T:C	0.86918	0.7554738724
17:46062125:A:C	17:45883631:T:C	0.86918	0.7554738724
17:46062125:A:C	17:45883678:A:G	0.86918	0.7554738724
17:46062125:A:C	17:45883776:T:C	0.86918	0.7554738724
17:46062125:A:C	17:45883926:G:T	0.86918	0.7554738724
17:46062125:A:C	17:45884353:C:T	0.86918	0.7554738724
17:46062125:A:C	17:45884651:G:C	0.86918	0.7554738724
17:46062125:A:C	17:45885616:G:A	0.86918	0.7554738724
17:46062125:A:C	17:45885680:G:A	0.86918	0.7554738724
17:46062125:A:C	17:45885754:C:T	0.86918	0.7554738724
17:46062125:A:C	17:45885916:C:G	0.86918	0.7554738724
17:46062125:A:C	17:45886050:C:G	0.86918	0.7554738724
17:46062125:A:C	17:45886478:C:T	0.86918	0.7554738724
17:46062125:A:C	17:45886577:C:A	0.86918	0.7554738724
17:46062125:A:C	17:45886797:G:A	0.86918	0.7554738724
17:46062125:A:C	17:45886825:C:A	0.86918	0.7554738724
17:46062125:A:C	17:45886917:G:C	0.86918	0.7554738724
17:46062125:A:C	17:45887173:A:G	0.863004	0.744775904016
17:46062125:A:C	17:45887195:C:T	0.867112	0.751883220544
17:46062125:A:C	17:45887201:A:C	0.86918	0.7554738724
17:46062125:A:C	17:45887389:C:T	0.86918	0.7554738724
17:46062125:A:C	17:45887533:A:G	0.86918	0.7554738724
17:46062125:A:C	17:45887697:T:C	0.86918	0.7554738724
17:46062125:A:C	17:45888229:G:C	0.86918	0.7554738724
17:46062125:A:C	17:45888314:G:A	0.86918	0.7554738724
17:46062125:A:C	17:45888321:C:G	0.86918	0.7554738724
17:46062125:A:C	17:45888589:A:G	0.86918	0.7554738724
17:46062125:A:C	17:45888812:C:A	0.86918	0.7554738724
17:46062125:A:C	17:45888894:A:G	0.86918	0.7554738724
17:46062125:A:C	17:45888916:G:T	0.86918	0.7554738724
17:46062125:A:C	17:45889242:A:T	0.86918	0.7554738724
17:46062125:A:C	17:45889383:T:C	0.86918	0.7554738724
17:46062125:A:C	17:45889429:C:A	0.86918	0.7554738724
17:46062125:A:C	17:45889589:A:G	0.86918	0.7554738724
17:46062125:A:C	17:45889772:T:G	0.86918	0.7554738724
17:46062125:A:C	17:45890196:T:C	0.871414	0.759362359396
17:46062125:A:C	17:45890853:A:G	0.86918	0.7554738724
17:46062125:A:C	17:45891049:G:A	0.652367	0.42558270268900006
17:46062125:A:C	17:45891097:C:G	0.86918	0.7554738724
17:46062125:A:C	17:45891206:G:A	0.86918	0.7554738724
17:46062125:A:C	17:45891508:A:G	0.86918	0.7554738724
17:46062125:A:C	17:45891571:T:C	0.86918	0.7554738724
17:46062125:A:C	17:45891628:T:C	0.86918	0.7554738724
17:46062125:A:C	17:45891653:T:C	0.86918	0.7554738724
17:46062125:A:C	17:45891770:C:T	0.86918	0.7554738724
17:46062125:A:C	17:45891802:T:A	0.86918	0.7554738724
17:46062125:A:C	17:45892320:T:A	0.86918	0.7554738724
17:46062125:A:C	17:45892413:G:T	0.86918	0.7554738724
17:46062125:A:C	17:45892467:A:G	0.86918	0.7554738724
17:46062125:A:C	17:45892535:G:A	0.86918	0.7554738724
17:46062125:A:C	17:45892586:T:C	0.86918	0.7554738724
17:46062125:A:C	17:45892629:C:T	0.86918	0.7554738724
17:46062125:A:C	17:45892742:C:A	0.86918	0.7554738724
17:46062125:A:C	17:45892788:T:C	0.86918	0.7554738724
17:46062125:A:C	17:45892937:G:A	0.86918	0.7554738724
17:46062125:A:C	17:45893296:G:T	0.86918	0.7554738724
17:46062125:A:C	17:45894091:G:C	0.86918	0.7554738724
17:46062125:A:C	17:45894115:T:C	0.86918	0.7554738724
17:46062125:A:C	17:45894238:C:G	0.86918	0.7554738724
17:46062125:A:C	17:45894419:A:G	0.86918	0.7554738724
17:46062125:A:C	17:45894571:C:A	0.86918	0.7554738724
17:46062125:A:C	17:45894776:G:A	0.86918	0.7554738724
17:46062125:A:C	17:45895215:C:T	0.86918	0.7554738724
17:46062125:A:C	17:45895714:A:G	0.86918	0.7554738724
17:46062125:A:C	17:45895755:G:C	0.862473	0.743859675729
17:46062125:A:C	17:45895867:C:T	0.86918	0.7554738724
17:46062125:A:C	17:45896042:C:T	0.86918	0.7554738724
17:46062125:A:C	17:45896047:A:G	0.86918	0.7554738724
17:46062125:A:C	17:45896132:T:G	0.652367	0.42558270268900006
17:46062125:A:C	17:45896286:C:T	0.86918	0.7554738724
17:46062125:A:C	17:45896533:T:C	0.86918	0.7554738724
17:46062125:A:C	17:45896699:C:A	0.86918	0.7554738724
17:46062125:A:C	17:45896864:C:T	0.86918	0.7554738724
17:46062125:A:C	17:45896988:G:A	0.86918	0.7554738724
17:46062125:A:C	17:45897110:G:T	0.86918	0.7554738724
17:46062125:A:C	17:45897111:A:T	0.86918	0.7554738724
17:46062125:A:C	17:45897183:G:C	0.86918	0.7554738724
17:46062125:A:C	17:45897523:C:G	0.86918	0.7554738724
17:46062125:A:C	17:45897897:T:C	0.86918	0.7554738724
17:46062125:A:C	17:45897919:T:C	0.86918	0.7554738724
17:46062125:A:C	17:45898049:A:C	0.86918	0.7554738724
17:46062125:A:C	17:45898051:G:A	0.86918	0.7554738724
17:46062125:A:C	17:45898698:T:C	0.86918	0.7554738724
17:46062125:A:C	17:45899261:G:T	0.86918	0.7554738724
17:46062125:A:C	17:45899278:G:A	0.86918	0.7554738724
17:46062125:A:C	17:45899318:T:C	0.652367	0.42558270268900006
17:46062125:A:C	17:45899652:A:G	0.86918	0.7554738724
17:46062125:A:C	17:45899683:A:G	0.86918	0.7554738724
17:46062125:A:C	17:45900336:C:T	0.86918	0.7554738724
17:46062125:A:C	17:45900461:C:T	0.86918	0.7554738724
17:46062125:A:C	17:45900480:T:G	0.652367	0.42558270268900006
17:46062125:A:C	17:45900675:C:T	0.86918	0.7554738724
17:46062125:A:C	17:45900754:A:G	0.86918	0.7554738724
17:46062125:A:C	17:45900929:G:C	0.86918	0.7554738724
17:46062125:A:C	17:45900940:G:A	0.86918	0.7554738724
17:46062125:A:C	17:45900942:T:C	0.86918	0.7554738724
17:46062125:A:C	17:45900954:G:A	0.86918	0.7554738724
17:46062125:A:C	17:45901168:G:A	0.86918	0.7554738724
17:46062125:A:C	17:45901238:A:G	0.86918	0.7554738724
17:46062125:A:C	17:45901259:T:C	0.86918	0.7554738724
17:46062125:A:C	17:45901568:T:G	0.86918	0.7554738724
17:46062125:A:C	17:45901622:A:G	0.652367	0.42558270268900006
17:46062125:A:C	17:45902102:T:A	0.86918	0.7554738724
17:46062125:A:C	17:45902138:G:A	0.86918	0.7554738724
17:46062125:A:C	17:45902256:G:A	0.86918	0.7554738724
17:46062125:A:C	17:45902456:A:T	0.86918	0.7554738724
17:46062125:A:C	17:45902605:C:T	0.86918	0.7554738724
17:46062125:A:C	17:45903164:A:C	0.866945	0.7515936330249999
17:46062125:A:C	17:45903396:A:G	0.86918	0.7554738724
17:46062125:A:C	17:45903632:G:A	0.86918	0.7554738724
17:46062125:A:C	17:45904429:G:A	0.9035	0.81631225
17:46062125:A:C	17:45904465:A:T	0.905686	0.820267130596
17:46062125:A:C	17:45904592:C:T	0.910058	0.8282055633640001
17:46062125:A:C	17:45904703:T:G	0.912243	0.832187291049
17:46062125:A:C	17:45904793:A:G	0.912243	0.832187291049
17:46062125:A:C	17:45904920:C:T	0.912243	0.832187291049
17:46062125:A:C	17:45905537:A:G	0.912243	0.832187291049
17:46062125:A:C	17:45905595:T:C	0.912243	0.832187291049
17:46062125:A:C	17:45905793:T:C	0.912243	0.832187291049
17:46062125:A:C	17:45905997:G:A	0.912243	0.832187291049
17:46062125:A:C	17:45906435:A:G	0.912243	0.832187291049
17:46062125:A:C	17:45906887:G:C	0.912243	0.832187291049
17:46062125:A:C	17:45907033:C:T	0.912243	0.832187291049
17:46062125:A:C	17:45907280:T:C	0.912243	0.832187291049
17:46062125:A:C	17:45907303:A:G	0.910058	0.8282055633640001
17:46062125:A:C	17:45907306:T:C	0.912243	0.832187291049
17:46062125:A:C	17:45907498:C:T	0.912243	0.832187291049
17:46062125:A:C	17:45907881:C:T	0.912243	0.832187291049
17:46062125:A:C	17:45908231:C:T	0.912243	0.832187291049
17:46062125:A:C	17:45908270:C:A	-0.476785	0.22732393622500002
17:46062125:A:C	17:45908296:T:C	0.912243	0.832187291049
17:46062125:A:C	17:45908813:G:A	-0.329578	0.10862165808399998
17:46062125:A:C	17:45909030:C:T	0.912243	0.832187291049
17:46062125:A:C	17:45909054:A:G	0.912243	0.832187291049
17:46062125:A:C	17:45909066:G:A	0.912243	0.832187291049
17:46062125:A:C	17:45909096:A:G	0.912243	0.832187291049
17:46062125:A:C	17:45909626:G:C	0.912243	0.832187291049
17:46062125:A:C	17:45909788:G:A	0.910058	0.8282055633640001
17:46062125:A:C	17:45909818:T:C	0.912243	0.832187291049
17:46062125:A:C	17:45910357:G:A	0.918728	0.844061137984
17:46062125:A:C	17:45910435:T:C	0.912189	0.832088771721
17:46062125:A:C	17:45910839:A:G	0.91021	0.8284822440999999
17:46062125:A:C	17:45911257:G:A	0.916549	0.8400620694009999
17:46062125:A:C	17:45911518:T:C	0.916549	0.8400620694009999
17:46062125:A:C	17:45911721:A:G	0.916549	0.8400620694009999
17:46062125:A:C	17:45911855:T:C	0.916549	0.8400620694009999
17:46062125:A:C	17:45912323:T:C	0.916549	0.8400620694009999
17:46062125:A:C	17:45912532:T:G	0.916549	0.8400620694009999
17:46062125:A:C	17:45912543:A:G	0.916549	0.8400620694009999
17:46062125:A:C	17:45912675:A:C	0.916549	0.8400620694009999
17:46062125:A:C	17:45912706:A:G	0.916549	0.8400620694009999
17:46062125:A:C	17:45913296:G:A	0.916549	0.8400620694009999
17:46062125:A:C	17:45913553:A:G	0.916549	0.8400620694009999
17:46062125:A:C	17:45913906:A:G	0.916549	0.8400620694009999
17:46062125:A:C	17:45914149:T:G	0.916549	0.8400620694009999
17:46062125:A:C	17:45914187:A:G	0.694416	0.48221358105600004
17:46062125:A:C	17:45914415:G:T	0.916549	0.8400620694009999
17:46062125:A:C	17:45914522:G:A	0.916549	0.8400620694009999
17:46062125:A:C	17:45914867:C:T	0.916549	0.8400620694009999
17:46062125:A:C	17:45914878:G:A	0.916549	0.8400620694009999
17:46062125:A:C	17:45914917:A:G	0.916549	0.8400620694009999
17:46062125:A:C	17:45914939:G:A	0.916549	0.8400620694009999
17:46062125:A:C	17:45915090:G:A	0.916549	0.8400620694009999
17:46062125:A:C	17:45915097:G:C	0.916549	0.8400620694009999
17:46062125:A:C	17:45915215:C:T	0.914427	0.836176738329
17:46062125:A:C	17:45915440:A:G	0.916549	0.8400620694009999
17:46062125:A:C	17:45915573:T:C	0.916549	0.8400620694009999
17:46062125:A:C	17:45915577:G:A	0.694416	0.48221358105600004
17:46062125:A:C	17:45916010:T:G	-0.474449	0.22510185360100002
17:46062125:A:C	17:45916886:T:C	0.912314	0.8323168345959999
17:46062125:A:C	17:45916992:C:T	0.914369	0.836070668161
17:46062125:A:C	17:45917020:C:A	0.916549	0.8400620694009999
17:46062125:A:C	17:45917069:A:G	0.916549	0.8400620694009999
17:46062125:A:C	17:45917257:G:A	0.916549	0.8400620694009999
17:46062125:A:C	17:45917282:C:T	0.914427	0.836176738329
17:46062125:A:C	17:45917586:A:G	0.916549	0.8400620694009999
17:46062125:A:C	17:45917732:G:A	0.916549	0.8400620694009999
17:46062125:A:C	17:45918566:C:G	-0.37226	0.13857750759999998
17:46062125:A:C	17:45918624:A:G	0.916549	0.8400620694009999
17:46062125:A:C	17:45918774:T:C	-0.429567	0.18452780748899997
17:46062125:A:C	17:45919195:A:G	-0.429567	0.18452780748899997
17:46062125:A:C	17:45919355:C:G	0.914427	0.836176738329
17:46062125:A:C	17:45919542:T:G	0.916549	0.8400620694009999
17:46062125:A:C	17:45919594:A:G	0.916549	0.8400620694009999
17:46062125:A:C	17:45920006:T:C	0.916549	0.8400620694009999
17:46062125:A:C	17:45920133:A:T	0.916549	0.8400620694009999
17:46062125:A:C	17:45920154:C:T	0.916549	0.8400620694009999
17:46062125:A:C	17:45920535:G:C	0.916549	0.8400620694009999
17:46062125:A:C	17:45920785:C:T	0.916549	0.8400620694009999
17:46062125:A:C	17:45920912:C:T	0.345702	0.11950987280400001
17:46062125:A:C	17:45920962:C:T	0.916549	0.8400620694009999
17:46062125:A:C	17:45921208:T:G	0.916549	0.8400620694009999
17:46062125:A:C	17:45921401:T:C	0.916549	0.8400620694009999
17:46062125:A:C	17:45921456:A:G	0.916549	0.8400620694009999
17:46062125:A:C	17:45921544:C:T	0.916549	0.8400620694009999
17:46062125:A:C	17:45921734:G:C	0.916549	0.8400620694009999
17:46062125:A:C	17:45922040:A:G	0.912314	0.8323168345959999
17:46062125:A:C	17:45922163:G:C	0.916549	0.8400620694009999
17:46062125:A:C	17:45922419:C:G	0.916549	0.8400620694009999
17:46062125:A:C	17:45922427:G:A	0.916549	0.8400620694009999
17:46062125:A:C	17:45922836:G:A	0.929468	0.8639107630239999
17:46062125:A:C	17:45922868:A:T	0.929468	0.8639107630239999
17:46062125:A:C	17:45923139:C:T	0.929468	0.8639107630239999
17:46062125:A:C	17:45923244:G:A	0.929468	0.8639107630239999
17:46062125:A:C	17:45923548:T:C	0.929468	0.8639107630239999
17:46062125:A:C	17:45923862:G:A	0.929468	0.8639107630239999
17:46062125:A:C	17:45924013:C:T	0.929468	0.8639107630239999
17:46062125:A:C	17:45924255:A:G	0.929468	0.8639107630239999
17:46062125:A:C	17:45924295:A:G	0.929468	0.8639107630239999
17:46062125:A:C	17:45924696:A:C	0.929468	0.8639107630239999
17:46062125:A:C	17:45924772:A:G	0.929468	0.8639107630239999
17:46062125:A:C	17:45924905:A:G	-0.431955	0.186585122025
17:46062125:A:C	17:45925065:C:T	0.929468	0.8639107630239999
17:46062125:A:C	17:45925189:A:G	0.929468	0.8639107630239999
17:46062125:A:C	17:45925229:C:T	0.929468	0.8639107630239999
17:46062125:A:C	17:45925266:A:T	-0.330458	0.10920248976399999
17:46062125:A:C	17:45925603:A:C	0.929468	0.8639107630239999
17:46062125:A:C	17:45926031:T:A	0.929468	0.8639107630239999
17:46062125:A:C	17:45926080:A:G	0.929468	0.8639107630239999
17:46062125:A:C	17:45926233:C:T	0.929468	0.8639107630239999
17:46062125:A:C	17:45926527:A:G	0.929468	0.8639107630239999
17:46062125:A:C	17:45926710:T:C	0.929468	0.8639107630239999
17:46062125:A:C	17:45927076:T:G	-0.344542	0.11870918976400001
17:46062125:A:C	17:45927106:A:G	0.929468	0.8639107630239999
17:46062125:A:C	17:45927820:G:A	0.929468	0.8639107630239999
17:46062125:A:C	17:45927860:A:C	0.929468	0.8639107630239999
17:46062125:A:C	17:45927888:T:A	0.929468	0.8639107630239999
17:46062125:A:C	17:45927963:G:A	0.929468	0.8639107630239999
17:46062125:A:C	17:45927995:G:A	0.929468	0.8639107630239999
17:46062125:A:C	17:45928047:A:G	0.927331	0.8599427835610001
17:46062125:A:C	17:45928249:A:G	0.929468	0.8639107630239999
17:46062125:A:C	17:45928455:C:G	-0.431955	0.186585122025
17:46062125:A:C	17:45928719:A:G	0.929468	0.8639107630239999
17:46062125:A:C	17:45928764:T:C	0.929468	0.8639107630239999
17:46062125:A:C	17:45928857:A:G	-0.330458	0.10920248976399999
17:46062125:A:C	17:45928886:T:C	0.929468	0.8639107630239999
17:46062125:A:C	17:45929235:T:C	0.929468	0.8639107630239999
17:46062125:A:C	17:45929530:T:C	0.929468	0.8639107630239999
17:46062125:A:C	17:45929588:T:C	0.929468	0.8639107630239999
17:46062125:A:C	17:45929590:A:G	0.929468	0.8639107630239999
17:46062125:A:C	17:45930127:C:T	0.929468	0.8639107630239999
17:46062125:A:C	17:45930361:C:T	0.929468	0.8639107630239999
17:46062125:A:C	17:45930398:T:C	0.929468	0.8639107630239999
17:46062125:A:C	17:45930419:A:G	0.929468	0.8639107630239999
17:46062125:A:C	17:45930735:T:C	-0.429037	0.184072747369
17:46062125:A:C	17:45932510:C:A	0.929468	0.8639107630239999
17:46062125:A:C	17:45932555:A:G	0.929468	0.8639107630239999
17:46062125:A:C	17:45932674:A:G	0.929468	0.8639107630239999
17:46062125:A:C	17:45932752:G:C	0.929468	0.8639107630239999
17:46062125:A:C	17:45932998:C:G	0.929468	0.8639107630239999
17:46062125:A:C	17:45933039:A:G	0.929468	0.8639107630239999
17:46062125:A:C	17:45933086:C:A	0.929468	0.8639107630239999
17:46062125:A:C	17:45933112:G:A	-0.331201	0.10969410240100001
17:46062125:A:C	17:45933295:A:G	0.929468	0.8639107630239999
17:46062125:A:C	17:45933618:G:A	0.929468	0.8639107630239999
17:46062125:A:C	17:45933652:A:G	0.929468	0.8639107630239999
17:46062125:A:C	17:45933707:G:A	0.929468	0.8639107630239999
17:46062125:A:C	17:45934160:A:G	0.929468	0.8639107630239999
17:46062125:A:C	17:45934383:A:G	0.929468	0.8639107630239999
17:46062125:A:C	17:45934459:A:C	0.929468	0.8639107630239999
17:46062125:A:C	17:45934730:A:G	0.929468	0.8639107630239999
17:46062125:A:C	17:45934882:T:A	0.929468	0.8639107630239999
17:46062125:A:C	17:45934894:T:C	0.927303	0.859890853809
17:46062125:A:C	17:45934977:G:A	0.929468	0.8639107630239999
17:46062125:A:C	17:45935097:T:C	0.929468	0.8639107630239999
17:46062125:A:C	17:45935549:T:C	0.929468	0.8639107630239999
17:46062125:A:C	17:45935623:C:T	0.929468	0.8639107630239999
17:46062125:A:C	17:45935658:T:C	0.929468	0.8639107630239999
17:46062125:A:C	17:45935737:G:T	0.929468	0.8639107630239999
17:46062125:A:C	17:45935823:C:T	0.929468	0.8639107630239999
17:46062125:A:C	17:45935869:A:G	-0.326377	0.10652194612899998
17:46062125:A:C	17:45935980:T:C	0.929468	0.8639107630239999
17:46062125:A:C	17:45936109:G:A	0.929468	0.8639107630239999
17:46062125:A:C	17:45936117:A:G	0.929468	0.8639107630239999
17:46062125:A:C	17:45936572:A:G	0.929468	0.8639107630239999
17:46062125:A:C	17:45936600:T:C	0.929468	0.8639107630239999
17:46062125:A:C	17:45936771:G:T	0.929468	0.8639107630239999
17:46062125:A:C	17:45936897:T:C	0.929468	0.8639107630239999
17:46062125:A:C	17:45937018:G:A	0.929468	0.8639107630239999
17:46062125:A:C	17:45937615:G:T	0.929468	0.8639107630239999
17:46062125:A:C	17:45937616:G:T	0.929468	0.8639107630239999
17:46062125:A:C	17:45938080:A:G	0.929468	0.8639107630239999
17:46062125:A:C	17:45938098:A:G	0.929468	0.8639107630239999
17:46062125:A:C	17:45938258:G:A	0.929468	0.8639107630239999
17:46062125:A:C	17:45938379:A:G	0.929468	0.8639107630239999
17:46062125:A:C	17:45938450:A:G	0.929468	0.8639107630239999
17:46062125:A:C	17:45938563:G:A	0.929468	0.8639107630239999
17:46062125:A:C	17:45938791:G:C	0.929468	0.8639107630239999
17:46062125:A:C	17:45938975:G:A	0.929468	0.8639107630239999
17:46062125:A:C	17:45939096:A:G	0.929468	0.8639107630239999
17:46062125:A:C	17:45939758:G:T	0.929468	0.8639107630239999
17:46062125:A:C	17:45939814:T:G	0.929468	0.8639107630239999
17:46062125:A:C	17:45939917:A:G	0.929468	0.8639107630239999
17:46062125:A:C	17:45939976:A:G	0.929468	0.8639107630239999
17:46062125:A:C	17:45940300:C:A	0.929468	0.8639107630239999
17:46062125:A:C	17:45940575:G:T	0.929468	0.8639107630239999
17:46062125:A:C	17:45941033:A:G	0.91661	0.8401738921
17:46062125:A:C	17:45941122:T:C	0.905747	0.8203776280089999
17:46062125:A:C	17:45941153:T:C	0.890832	0.7935816522239999
17:46062125:A:C	17:45941398:G:A	-0.32818	0.10770211240000002
17:46062125:A:C	17:45941725:T:G	0.740407	0.5482025256490001
17:46062125:A:C	17:45941737:T:G	0.758944	0.575995995136
17:46062125:A:C	17:45941741:T:G	0.737278	0.543578849284
17:46062125:A:C	17:45942113:C:G	0.93808	0.8799940864000001
17:46062125:A:C	17:45942277:G:A	0.93808	0.8799940864000001
17:46062125:A:C	17:45942314:T:C	0.93808	0.8799940864000001
17:46062125:A:C	17:45942346:G:A	-0.408328	0.16673175558400002
17:46062125:A:C	17:45942916:G:A	0.93808	0.8799940864000001
17:46062125:A:C	17:45942948:C:T	0.93808	0.8799940864000001
17:46062125:A:C	17:45943179:A:G	0.93808	0.8799940864000001
17:46062125:A:C	17:45943695:C:T	0.93808	0.8799940864000001
17:46062125:A:C	17:45943852:C:T	0.933774	0.871933883076
17:46062125:A:C	17:45944097:T:C	0.93808	0.8799940864000001
17:46062125:A:C	17:45944333:G:T	0.93808	0.8799940864000001
17:46062125:A:C	17:45944351:G:A	0.93808	0.8799940864000001
17:46062125:A:C	17:45944378:T:C	0.93808	0.8799940864000001
17:46062125:A:C	17:45944677:A:C	0.93808	0.8799940864000001
17:46062125:A:C	17:45944702:G:A	0.93808	0.8799940864000001
17:46062125:A:C	17:45944953:G:A	0.93808	0.8799940864000001
17:46062125:A:C	17:45945010:C:T	0.93808	0.8799940864000001
17:46062125:A:C	17:45945067:T:C	0.93808	0.8799940864000001
17:46062125:A:C	17:45945068:G:A	0.93808	0.8799940864000001
17:46062125:A:C	17:45945162:A:G	0.93808	0.8799940864000001
17:46062125:A:C	17:45945211:A:C	0.93808	0.8799940864000001
17:46062125:A:C	17:45945227:C:T	0.935926	0.8759574774760001
17:46062125:A:C	17:45945266:G:A	0.93808	0.8799940864000001
17:46062125:A:C	17:45945721:G:A	0.93808	0.8799940864000001
17:46062125:A:C	17:45946154:T:G	0.93808	0.8799940864000001
17:46062125:A:C	17:45946476:G:A	0.93808	0.8799940864000001
17:46062125:A:C	17:45946617:T:A	0.696659	0.48533376228100006
17:46062125:A:C	17:45946619:T:A	0.731141	0.5345671618810001
17:46062125:A:C	17:45946621:T:A	-0.369207	0.13631380884900002
17:46062125:A:C	17:45947186:C:G	0.93808	0.8799940864000001
17:46062125:A:C	17:45947196:G:T	0.93808	0.8799940864000001
17:46062125:A:C	17:45947294:G:C	0.93808	0.8799940864000001
17:46062125:A:C	17:45947499:T:C	0.93808	0.8799940864000001
17:46062125:A:C	17:45947540:A:G	0.93808	0.8799940864000001
17:46062125:A:C	17:45947667:T:C	0.93808	0.8799940864000001
17:46062125:A:C	17:45947679:C:T	0.93808	0.8799940864000001
17:46062125:A:C	17:45947907:G:A	0.93808	0.8799940864000001
17:46062125:A:C	17:45947981:T:C	0.93808	0.8799940864000001
17:46062125:A:C	17:45948226:G:C	0.93808	0.8799940864000001
17:46062125:A:C	17:45948284:T:C	0.93808	0.8799940864000001
17:46062125:A:C	17:45948522:C:A	0.908849	0.826006504801
17:46062125:A:C	17:45948955:T:C	0.93808	0.8799940864000001
17:46062125:A:C	17:45949028:A:G	0.93808	0.8799940864000001
17:46062125:A:C	17:45949112:A:G	0.931615	0.8679065082249999
17:46062125:A:C	17:45949124:A:C	0.931615	0.8679065082249999
17:46062125:A:C	17:45949129:A:G	0.931615	0.8679065082249999
17:46062125:A:C	17:45949182:T:C	0.93808	0.8799940864000001
17:46062125:A:C	17:45949373:G:A	-0.405995	0.16483194002499998
17:46062125:A:C	17:45949724:C:T	0.93808	0.8799940864000001
17:46062125:A:C	17:45949950:G:A	0.93808	0.8799940864000001
17:46062125:A:C	17:45950000:T:G	0.93808	0.8799940864000001
17:46062125:A:C	17:45950017:A:G	0.93808	0.8799940864000001
17:46062125:A:C	17:45950155:G:T	0.93808	0.8799940864000001
17:46062125:A:C	17:45950387:A:G	0.935926	0.8759574774760001
17:46062125:A:C	17:45950645:T:G	0.93808	0.8799940864000001
17:46062125:A:C	17:45950679:G:T	0.93808	0.8799940864000001
17:46062125:A:C	17:45950817:T:C	0.93808	0.8799940864000001
17:46062125:A:C	17:45951341:G:A	0.93808	0.8799940864000001
17:46062125:A:C	17:45951430:T:C	0.93808	0.8799940864000001
17:46062125:A:C	17:45951812:G:C	0.93808	0.8799940864000001
17:46062125:A:C	17:45952749:C:T	0.93808	0.8799940864000001
17:46062125:A:C	17:45952829:A:T	0.93808	0.8799940864000001
17:46062125:A:C	17:45952865:T:C	0.93808	0.8799940864000001
17:46062125:A:C	17:45952945:T:G	0.93808	0.8799940864000001
17:46062125:A:C	17:45953407:A:G	0.93808	0.8799940864000001
17:46062125:A:C	17:45954054:G:A	0.93808	0.8799940864000001
17:46062125:A:C	17:45954174:G:T	0.93808	0.8799940864000001
17:46062125:A:C	17:45954230:A:G	-0.324064	0.10501747609600001
17:46062125:A:C	17:45954580:A:G	0.935926	0.8759574774760001
17:46062125:A:C	17:45954707:A:G	0.93808	0.8799940864000001
17:46062125:A:C	17:45955104:C:G	0.93808	0.8799940864000001
17:46062125:A:C	17:45955231:G:A	0.93808	0.8799940864000001
17:46062125:A:C	17:45955402:T:C	0.93808	0.8799940864000001
17:46062125:A:C	17:45955513:A:G	0.93808	0.8799940864000001
17:46062125:A:C	17:45955549:T:C	0.93808	0.8799940864000001
17:46062125:A:C	17:45955590:G:A	0.93808	0.8799940864000001
17:46062125:A:C	17:45955636:T:C	0.93808	0.8799940864000001
17:46062125:A:C	17:45955766:C:T	0.93808	0.8799940864000001
17:46062125:A:C	17:45955803:T:C	0.93808	0.8799940864000001
17:46062125:A:C	17:45955822:G:A	0.93808	0.8799940864000001
17:46062125:A:C	17:45956028:G:C	0.93808	0.8799940864000001
17:46062125:A:C	17:45956035:C:T	0.93808	0.8799940864000001
17:46062125:A:C	17:45956102:G:A	0.93808	0.8799940864000001
17:46062125:A:C	17:45956122:C:T	0.93808	0.8799940864000001
17:46062125:A:C	17:45956436:T:C	0.93808	0.8799940864000001
17:46062125:A:C	17:45956598:A:T	-0.335424	0.112509259776
17:46062125:A:C	17:45956600:A:T	-0.380857	0.145052054449
17:46062125:A:C	17:45956828:C:T	0.942403	0.888123414409
17:46062125:A:C	17:45956843:T:C	0.942403	0.888123414409
17:46062125:A:C	17:45956974:C:T	0.946693	0.896227636249
17:46062125:A:C	17:45957120:A:G	0.946693	0.896227636249
17:46062125:A:C	17:45957209:T:C	0.944548	0.8921709243040001
17:46062125:A:C	17:45957307:T:G	0.946693	0.896227636249
17:46062125:A:C	17:45957467:G:A	0.946693	0.896227636249
17:46062125:A:C	17:45957493:A:G	0.946693	0.896227636249
17:46062125:A:C	17:45957867:A:T	0.946693	0.896227636249
17:46062125:A:C	17:45958001:A:G	0.944548	0.8921709243040001
17:46062125:A:C	17:45958150:G:A	0.946693	0.896227636249
17:46062125:A:C	17:45958340:A:G	0.946693	0.896227636249
17:46062125:A:C	17:45958681:G:A	0.946693	0.896227636249
17:46062125:A:C	17:45958763:C:T	0.946693	0.896227636249
17:46062125:A:C	17:45958921:A:G	0.946693	0.896227636249
17:46062125:A:C	17:45959042:T:G	0.944536	0.8921482552960001
17:46062125:A:C	17:45959096:T:A	0.946693	0.896227636249
17:46062125:A:C	17:45959421:T:C	0.946693	0.896227636249
17:46062125:A:C	17:45959548:C:T	0.946693	0.896227636249
17:46062125:A:C	17:45959570:G:A	0.946693	0.896227636249
17:46062125:A:C	17:45959713:G:A	0.946693	0.896227636249
17:46062125:A:C	17:45959933:G:C	0.946693	0.896227636249
17:46062125:A:C	17:45960125:A:G	0.946693	0.896227636249
17:46062125:A:C	17:45961419:A:G	0.929454	0.863884738116
17:46062125:A:C	17:45961642:G:A	0.946719	0.896276864961
17:46062125:A:C	17:45961677:G:A	0.953139	0.9084739533209999
17:46062125:A:C	17:45961999:C:T	-0.399418	0.159534738724
17:46062125:A:C	17:45962044:A:G	0.950981	0.9043648623609999
17:46062125:A:C	17:45962150:G:T	0.953139	0.9084739533209999
17:46062125:A:C	17:45962325:A:G	0.953139	0.9084739533209999
17:46062125:A:C	17:45962754:C:T	0.953139	0.9084739533209999
17:46062125:A:C	17:45963457:C:T	0.953139	0.9084739533209999
17:46062125:A:C	17:45963735:T:C	0.953139	0.9084739533209999
17:46062125:A:C	17:45963741:G:A	0.953139	0.9084739533209999
17:46062125:A:C	17:45964196:G:T	0.953139	0.9084739533209999
17:46062125:A:C	17:45964405:C:T	-0.396285	0.157041801225
17:46062125:A:C	17:45964451:A:G	0.953139	0.9084739533209999
17:46062125:A:C	17:45964855:A:G	0.953139	0.9084739533209999
17:46062125:A:C	17:45964995:T:C	0.953139	0.9084739533209999
17:46062125:A:C	17:45965000:G:A	0.953139	0.9084739533209999
17:46062125:A:C	17:45965417:G:A	0.950999	0.904399098001
17:46062125:A:C	17:45965502:G:A	0.950999	0.904399098001
17:46062125:A:C	17:45965573:G:A	0.953139	0.9084739533209999
17:46062125:A:C	17:45965585:C:T	0.953139	0.9084739533209999
17:46062125:A:C	17:45966012:T:C	0.953139	0.9084739533209999
17:46062125:A:C	17:45966270:C:T	0.953139	0.9084739533209999
17:46062125:A:C	17:45966453:G:A	0.953139	0.9084739533209999
17:46062125:A:C	17:45966791:G:A	0.953139	0.9084739533209999
17:46062125:A:C	17:45966854:A:T	0.953139	0.9084739533209999
17:46062125:A:C	17:45967065:C:T	0.953139	0.9084739533209999
17:46062125:A:C	17:45967142:A:C	0.953139	0.9084739533209999
17:46062125:A:C	17:45967457:T:A	0.953139	0.9084739533209999
17:46062125:A:C	17:45967574:T:C	0.953139	0.9084739533209999
17:46062125:A:C	17:45967619:A:G	0.950999	0.904399098001
17:46062125:A:C	17:45968108:A:G	0.953139	0.9084739533209999
17:46062125:A:C	17:45968219:C:A	0.946693	0.896227636249
17:46062125:A:C	17:45968608:C:T	0.953139	0.9084739533209999
17:46062125:A:C	17:45968836:C:T	0.953139	0.9084739533209999
17:46062125:A:C	17:45969568:T:A	0.613096	0.375886705216
17:46062125:A:C	17:45969671:T:A	0.356739	0.127262714121
17:46062125:A:C	17:45969850:T:G	0.95744	0.9166913535999999
17:46062125:A:C	17:45970243:C:T	0.95744	0.9166913535999999
17:46062125:A:C	17:45970436:A:T	0.95744	0.9166913535999999
17:46062125:A:C	17:45970957:G:T	0.95744	0.9166913535999999
17:46062125:A:C	17:45970970:T:C	0.95744	0.9166913535999999
17:46062125:A:C	17:45970984:T:C	0.95744	0.9166913535999999
17:46062125:A:C	17:45971767:T:C	0.95744	0.9166913535999999
17:46062125:A:C	17:45971963:C:T	0.95744	0.9166913535999999
17:46062125:A:C	17:45972184:G:A	0.95744	0.9166913535999999
17:46062125:A:C	17:45972501:A:G	0.95744	0.9166913535999999
17:46062125:A:C	17:45972534:A:G	0.955306	0.9126095536359999
17:46062125:A:C	17:45972916:G:A	0.95744	0.9166913535999999
17:46062125:A:C	17:45972974:G:A	0.95744	0.9166913535999999
17:46062125:A:C	17:45973029:C:A	0.95744	0.9166913535999999
17:46062125:A:C	17:45973097:T:C	0.95744	0.9166913535999999
17:46062125:A:C	17:45973457:G:T	0.95744	0.9166913535999999
17:46062125:A:C	17:45973462:G:C	-0.40004	0.1600320016
17:46062125:A:C	17:45973484:A:G	0.95744	0.9166913535999999
17:46062125:A:C	17:45974038:G:A	-0.40004	0.1600320016
17:46062125:A:C	17:45974222:C:G	0.959612	0.920855190544
17:46062125:A:C	17:45974223:T:G	0.95744	0.9166913535999999
17:46062125:A:C	17:45974246:A:G	0.95744	0.9166913535999999
17:46062125:A:C	17:45974480:A:G	0.95744	0.9166913535999999
17:46062125:A:C	17:45974558:G:A	0.95744	0.9166913535999999
17:46062125:A:C	17:45974643:T:C	0.95744	0.9166913535999999
17:46062125:A:C	17:45974918:G:A	0.95744	0.9166913535999999
17:46062125:A:C	17:45975367:A:G	0.95744	0.9166913535999999
17:46062125:A:C	17:45975805:A:G	0.95744	0.9166913535999999
17:46062125:A:C	17:45976082:A:G	0.95744	0.9166913535999999
17:46062125:A:C	17:45976623:G:A	0.95744	0.9166913535999999
17:46062125:A:C	17:45976871:G:A	0.95744	0.9166913535999999
17:46062125:A:C	17:45977022:T:C	0.95744	0.9166913535999999
17:46062125:A:C	17:45977230:T:G	0.95744	0.9166913535999999
17:46062125:A:C	17:45977305:C:T	0.95744	0.9166913535999999
17:46062125:A:C	17:45977330:G:A	0.623996	0.389371008016
17:46062125:A:C	17:45978272:T:A	0.95744	0.9166913535999999
17:46062125:A:C	17:45978281:A:T	0.95744	0.9166913535999999
17:46062125:A:C	17:45978872:A:G	0.95744	0.9166913535999999
17:46062125:A:C	17:45979067:T:C	0.95744	0.9166913535999999
17:46062125:A:C	17:45979068:G:A	0.95744	0.9166913535999999
17:46062125:A:C	17:45979401:G:A	0.95744	0.9166913535999999
17:46062125:A:C	17:45979467:G:A	0.95744	0.9166913535999999
17:46062125:A:C	17:45980229:G:A	0.951089	0.904570285921
17:46062125:A:C	17:45980505:T:C	0.955306	0.9126095536359999
17:46062125:A:C	17:45980638:A:G	0.95744	0.9166913535999999
17:46062125:A:C	17:45980651:G:T	0.95744	0.9166913535999999
17:46062125:A:C	17:45980745:C:T	-0.386045	0.14903074202500002
17:46062125:A:C	17:45981263:T:A	0.95744	0.9166913535999999
17:46062125:A:C	17:45981325:G:T	0.95744	0.9166913535999999
17:46062125:A:C	17:45981350:G:T	0.95744	0.9166913535999999
17:46062125:A:C	17:45981495:C:A	0.95744	0.9166913535999999
17:46062125:A:C	17:45981562:G:A	-0.393988	0.155226544144
17:46062125:A:C	17:45981849:C:T	0.95744	0.9166913535999999
17:46062125:A:C	17:45982034:G:A	0.927519	0.8602914953609999
17:46062125:A:C	17:45982409:A:G	0.95744	0.9166913535999999
17:46062125:A:C	17:45982882:G:A	0.95744	0.9166913535999999
17:46062125:A:C	17:45983409:C:T	0.95744	0.9166913535999999
17:46062125:A:C	17:45983657:G:A	0.95744	0.9166913535999999
17:46062125:A:C	17:45983670:T:C	0.95744	0.9166913535999999
17:46062125:A:C	17:45983912:C:T	0.95744	0.9166913535999999
17:46062125:A:C	17:45984330:C:T	0.95744	0.9166913535999999
17:46062125:A:C	17:45984527:G:T	-0.380294	0.14462352643600002
17:46062125:A:C	17:45984528:C:T	-0.380294	0.14462352643600002
17:46062125:A:C	17:45984532:T:C	0.95744	0.9166913535999999
17:46062125:A:C	17:45984971:G:A	0.95744	0.9166913535999999
17:46062125:A:C	17:45985237:A:G	-0.439835	0.193454827225
17:46062125:A:C	17:45985323:A:C	0.950982	0.904366764324
17:46062125:A:C	17:45985549:G:T	0.955306	0.9126095536359999
17:46062125:A:C	17:45985627:A:G	0.95744	0.9166913535999999
17:46062125:A:C	17:45985774:A:G	0.95744	0.9166913535999999
17:46062125:A:C	17:45985878:C:T	-0.380294	0.14462352643600002
17:46062125:A:C	17:45986027:G:A	0.95744	0.9166913535999999
17:46062125:A:C	17:45986197:T:C	0.95744	0.9166913535999999
17:46062125:A:C	17:45986357:A:C	0.95744	0.9166913535999999
17:46062125:A:C	17:45986400:A:G	0.95744	0.9166913535999999
17:46062125:A:C	17:45986421:A:G	0.95744	0.9166913535999999
17:46062125:A:C	17:45986842:G:A	0.957482	0.9167717803240001
17:46062125:A:C	17:45986968:T:C	0.95744	0.9166913535999999
17:46062125:A:C	17:45987897:T:C	0.613333	0.376177368889
17:46062125:A:C	17:45988044:G:A	0.95744	0.9166913535999999
17:46062125:A:C	17:45988303:A:T	0.95744	0.9166913535999999
17:46062125:A:C	17:45988374:C:T	0.95744	0.9166913535999999
17:46062125:A:C	17:45988535:C:T	0.95744	0.9166913535999999
17:46062125:A:C	17:45988722:T:A	0.95744	0.9166913535999999
17:46062125:A:C	17:45988806:A:G	0.95744	0.9166913535999999
17:46062125:A:C	17:45989268:C:G	0.95744	0.9166913535999999
17:46062125:A:C	17:45989502:C:A	0.95744	0.9166913535999999
17:46062125:A:C	17:45989508:G:A	0.95744	0.9166913535999999
17:46062125:A:C	17:45989629:C:T	0.95744	0.9166913535999999
17:46062125:A:C	17:45989680:G:A	0.95744	0.9166913535999999
17:46062125:A:C	17:45990034:T:C	0.95744	0.9166913535999999
17:46062125:A:C	17:45990142:A:G	0.95744	0.9166913535999999
17:46062125:A:C	17:45990180:T:C	0.95744	0.9166913535999999
17:46062125:A:C	17:45990316:G:A	0.95744	0.9166913535999999
17:46062125:A:C	17:45990465:T:C	0.95744	0.9166913535999999
17:46062125:A:C	17:45990746:C:G	0.95744	0.9166913535999999
17:46062125:A:C	17:45990872:C:T	0.95744	0.9166913535999999
17:46062125:A:C	17:45990923:G:A	0.95744	0.9166913535999999
17:46062125:A:C	17:45990928:G:C	0.95744	0.9166913535999999
17:46062125:A:C	17:45991114:T:C	0.95744	0.9166913535999999
17:46062125:A:C	17:45991115:G:A	0.95744	0.9166913535999999
17:46062125:A:C	17:45991177:G:A	0.95744	0.9166913535999999
17:46062125:A:C	17:45991558:G:A	0.95744	0.9166913535999999
17:46062125:A:C	17:45991814:C:G	0.95744	0.9166913535999999
17:46062125:A:C	17:45991832:C:T	0.95744	0.9166913535999999
17:46062125:A:C	17:45992010:G:T	0.95744	0.9166913535999999
17:46062125:A:C	17:45992321:A:G	0.95744	0.9166913535999999
17:46062125:A:C	17:45992402:A:G	0.95744	0.9166913535999999
17:46062125:A:C	17:45992474:G:A	0.95744	0.9166913535999999
17:46062125:A:C	17:45992604:C:G	0.95744	0.9166913535999999
17:46062125:A:C	17:45992745:G:C	0.95744	0.9166913535999999
17:46062125:A:C	17:45992866:G:A	0.326494	0.106598332036
17:46062125:A:C	17:45993179:G:A	0.95744	0.9166913535999999
17:46062125:A:C	17:45993217:A:G	0.616411	0.3799625209210001
17:46062125:A:C	17:45993590:T:A	0.95744	0.9166913535999999
17:46062125:A:C	17:45993723:C:G	0.95744	0.9166913535999999
17:46062125:A:C	17:45993928:T:C	0.95744	0.9166913535999999
17:46062125:A:C	17:45994308:A:G	0.95744	0.9166913535999999
17:46062125:A:C	17:45994485:G:A	0.629958	0.396847081764
17:46062125:A:C	17:45994651:C:A	0.95744	0.9166913535999999
17:46062125:A:C	17:45994675:T:A	0.95744	0.9166913535999999
17:46062125:A:C	17:45995057:A:C	0.95744	0.9166913535999999
17:46062125:A:C	17:45995104:T:C	0.326494	0.106598332036
17:46062125:A:C	17:45995488:T:C	0.955278	0.9125560572839999
17:46062125:A:C	17:45995515:C:G	0.95744	0.9166913535999999
17:46062125:A:C	17:45995618:A:G	0.95744	0.9166913535999999
17:46062125:A:C	17:45995661:G:A	0.95744	0.9166913535999999
17:46062125:A:C	17:45995696:T:G	0.95744	0.9166913535999999
17:46062125:A:C	17:45995779:G:C	0.95744	0.9166913535999999
17:46062125:A:C	17:45996373:G:A	0.95744	0.9166913535999999
17:46062125:A:C	17:45996523:A:G	0.95744	0.9166913535999999
17:46062125:A:C	17:45996607:T:C	0.95744	0.9166913535999999
17:46062125:A:C	17:45997069:C:G	0.95744	0.9166913535999999
17:46062125:A:C	17:45997215:A:G	0.95744	0.9166913535999999
17:46062125:A:C	17:45997247:A:G	0.95744	0.9166913535999999
17:46062125:A:C	17:45997253:G:A	0.95744	0.9166913535999999
17:46062125:A:C	17:45997733:T:C	0.95744	0.9166913535999999
17:46062125:A:C	17:45997744:A:T	0.95744	0.9166913535999999
17:46062125:A:C	17:45998169:T:C	0.95744	0.9166913535999999
17:46062125:A:C	17:45998471:T:C	0.95744	0.9166913535999999
17:46062125:A:C	17:45998535:A:G	0.95744	0.9166913535999999
17:46062125:A:C	17:45998697:C:T	-0.324894	0.105556111236
17:46062125:A:C	17:45999100:A:G	0.95744	0.9166913535999999
17:46062125:A:C	17:45999299:A:G	0.95744	0.9166913535999999
17:46062125:A:C	17:46000342:G:T	0.95744	0.9166913535999999
17:46062125:A:C	17:46000484:G:A	0.95744	0.9166913535999999
17:46062125:A:C	17:46000485:T:A	0.95744	0.9166913535999999
17:46062125:A:C	17:46001250:G:A	0.95744	0.9166913535999999
17:46062125:A:C	17:46001252:T:C	0.341901	0.116896293801
17:46062125:A:C	17:46001466:G:A	0.95744	0.9166913535999999
17:46062125:A:C	17:46001526:G:A	0.95744	0.9166913535999999
17:46062125:A:C	17:46001616:T:A	0.611291	0.373676686681
17:46062125:A:C	17:46002201:C:T	0.955278	0.9125560572839999
17:46062125:A:C	17:46002355:A:G	0.95744	0.9166913535999999
17:46062125:A:C	17:46002673:T:G	0.95744	0.9166913535999999
17:46062125:A:C	17:46003042:G:C	0.95744	0.9166913535999999
17:46062125:A:C	17:46003698:A:G	0.95744	0.9166913535999999
17:46062125:A:C	17:46003858:G:A	0.95744	0.9166913535999999
17:46062125:A:C	17:46004096:T:C	0.95744	0.9166913535999999
17:46062125:A:C	17:46004161:T:C	0.95744	0.9166913535999999
17:46062125:A:C	17:46004815:A:G	0.953125	0.908447265625
17:46062125:A:C	17:46004883:A:T	0.95744	0.9166913535999999
17:46062125:A:C	17:46005066:G:A	0.95744	0.9166913535999999
17:46062125:A:C	17:46005075:T:C	0.95744	0.9166913535999999
17:46062125:A:C	17:46005080:G:A	0.95744	0.9166913535999999
17:46062125:A:C	17:46005148:T:C	0.95744	0.9166913535999999
17:46062125:A:C	17:46005162:A:T	0.95744	0.9166913535999999
17:46062125:A:C	17:46005237:A:C	0.95744	0.9166913535999999
17:46062125:A:C	17:46005615:G:A	0.95744	0.9166913535999999
17:46062125:A:C	17:46005715:G:A	0.953171	0.908534955241
17:46062125:A:C	17:46005957:C:T	0.946685	0.896212489225
17:46062125:A:C	17:46006036:G:A	0.938169	0.8801610725610001
17:46062125:A:C	17:46006582:T:C	0.639568	0.40904722662400006
17:46062125:A:C	17:46006636:T:C	0.95744	0.9166913535999999
17:46062125:A:C	17:46006642:T:C	-0.426923	0.182263247929
17:46062125:A:C	17:46006791:T:C	0.95744	0.9166913535999999
17:46062125:A:C	17:46007037:G:C	-0.386711	0.14954539752100002
17:46062125:A:C	17:46007167:T:C	0.95744	0.9166913535999999
17:46062125:A:C	17:46007310:C:T	0.95744	0.9166913535999999
17:46062125:A:C	17:46007478:G:C	0.95744	0.9166913535999999
17:46062125:A:C	17:46008377:T:C	0.95744	0.9166913535999999
17:46062125:A:C	17:46008486:T:A	0.95744	0.9166913535999999
17:46062125:A:C	17:46008734:T:C	0.95744	0.9166913535999999
17:46062125:A:C	17:46009155:G:A	0.95744	0.9166913535999999
17:46062125:A:C	17:46009770:G:C	0.326494	0.106598332036
17:46062125:A:C	17:46010134:A:G	-0.370708	0.13742442126399998
17:46062125:A:C	17:46011406:C:A	0.95744	0.9166913535999999
17:46062125:A:C	17:46011560:C:T	0.95744	0.9166913535999999
17:46062125:A:C	17:46011571:G:C	0.95744	0.9166913535999999
17:46062125:A:C	17:46011742:T:C	0.95744	0.9166913535999999
17:46062125:A:C	17:46012197:C:T	0.95744	0.9166913535999999
17:46062125:A:C	17:46012324:T:C	0.95744	0.9166913535999999
17:46062125:A:C	17:46012349:C:T	0.95744	0.9166913535999999
17:46062125:A:C	17:46012361:G:A	0.95744	0.9166913535999999
17:46062125:A:C	17:46012555:C:T	0.95744	0.9166913535999999
17:46062125:A:C	17:46012669:C:G	0.95744	0.9166913535999999
17:46062125:A:C	17:46012782:A:C	0.95744	0.9166913535999999
17:46062125:A:C	17:46012870:T:C	0.95744	0.9166913535999999
17:46062125:A:C	17:46012973:T:C	0.95744	0.9166913535999999
17:46062125:A:C	17:46013089:T:C	0.95744	0.9166913535999999
17:46062125:A:C	17:46013170:G:A	0.95744	0.9166913535999999
17:46062125:A:C	17:46013172:T:G	0.95744	0.9166913535999999
17:46062125:A:C	17:46013280:A:G	0.95744	0.9166913535999999
17:46062125:A:C	17:46013319:G:T	0.95744	0.9166913535999999
17:46062125:A:C	17:46013338:A:G	0.95744	0.9166913535999999
17:46062125:A:C	17:46013430:T:C	0.95744	0.9166913535999999
17:46062125:A:C	17:46013488:C:T	0.95744	0.9166913535999999
17:46062125:A:C	17:46013492:C:T	0.95744	0.9166913535999999
17:46062125:A:C	17:46013726:G:C	0.95744	0.9166913535999999
17:46062125:A:C	17:46013829:T:C	0.95744	0.9166913535999999
17:46062125:A:C	17:46014358:G:A	0.95744	0.9166913535999999
17:46062125:A:C	17:46014520:C:T	0.944607	0.892282384449
17:46062125:A:C	17:46014622:T:C	0.942572	0.8884419751839999
17:46062125:A:C	17:46014742:T:C	0.95744	0.9166913535999999
17:46062125:A:C	17:46014877:C:T	0.9489	0.9004112099999999
17:46062125:A:C	17:46015131:T:C	0.95744	0.9166913535999999
17:46062125:A:C	17:46015378:A:G	0.95744	0.9166913535999999
17:46062125:A:C	17:46015435:G:A	0.95744	0.9166913535999999
17:46062125:A:C	17:46015953:G:A	0.95744	0.9166913535999999
17:46062125:A:C	17:46016130:A:G	0.95744	0.9166913535999999
17:46062125:A:C	17:46016261:A:G	0.95744	0.9166913535999999
17:46062125:A:C	17:46016387:T:G	0.95744	0.9166913535999999
17:46062125:A:C	17:46016494:A:G	0.95744	0.9166913535999999
17:46062125:A:C	17:46016598:T:C	0.95744	0.9166913535999999
17:46062125:A:C	17:46016627:C:T	0.95744	0.9166913535999999
17:46062125:A:C	17:46016746:A:G	0.95744	0.9166913535999999
17:46062125:A:C	17:46017008:A:G	0.95744	0.9166913535999999
17:46062125:A:C	17:46017105:G:A	0.95744	0.9166913535999999
17:46062125:A:C	17:46017301:C:G	0.95744	0.9166913535999999
17:46062125:A:C	17:46017505:A:G	0.955278	0.9125560572839999
17:46062125:A:C	17:46017689:C:A	0.955306	0.9126095536359999
17:46062125:A:C	17:46017969:C:A	0.95744	0.9166913535999999
17:46062125:A:C	17:46018101:T:C	0.94691	0.8966385481000001
17:46062125:A:C	17:46018204:G:A	0.95744	0.9166913535999999
17:46062125:A:C	17:46018295:T:G	0.95744	0.9166913535999999
17:46062125:A:C	17:46019120:C:T	0.95744	0.9166913535999999
17:46062125:A:C	17:46019175:T:G	0.940235	0.8840418552250001
17:46062125:A:C	17:46019187:G:A	0.920866	0.847994189956
17:46062125:A:C	17:46019869:G:C	0.95744	0.9166913535999999
17:46062125:A:C	17:46021431:C:T	-0.38367	0.1472026689
17:46062125:A:C	17:46021495:G:T	0.955306	0.9126095536359999
17:46062125:A:C	17:46021496:A:G	0.955306	0.9126095536359999
17:46062125:A:C	17:46021601:G:A	0.944566	0.8922049283560001
17:46062125:A:C	17:46021716:C:T	0.955306	0.9126095536359999
17:46062125:A:C	17:46021763:C:A	0.951035	0.9044675712249999
17:46062125:A:C	17:46022303:G:A	0.95744	0.9166913535999999
17:46062125:A:C	17:46022443:A:C	0.95744	0.9166913535999999
17:46062125:A:C	17:46022461:C:G	0.95744	0.9166913535999999
17:46062125:A:C	17:46023187:C:A	0.95744	0.9166913535999999
17:46062125:A:C	17:46023300:A:C	0.95744	0.9166913535999999
17:46062125:A:C	17:46023540:A:G	0.95744	0.9166913535999999
17:46062125:A:C	17:46023550:C:T	0.95744	0.9166913535999999
17:46062125:A:C	17:46023638:A:G	0.95744	0.9166913535999999
17:46062125:A:C	17:46024197:T:C	0.955278	0.9125560572839999
17:46062125:A:C	17:46024505:A:G	0.955278	0.9125560572839999
17:46062125:A:C	17:46025238:T:C	0.95744	0.9166913535999999
17:46062125:A:C	17:46025272:A:G	0.95744	0.9166913535999999
17:46062125:A:C	17:46025323:G:C	0.95744	0.9166913535999999
17:46062125:A:C	17:46025499:A:C	0.95744	0.9166913535999999
17:46062125:A:C	17:46025567:T:C	0.95744	0.9166913535999999
17:46062125:A:C	17:46025930:T:C	0.95744	0.9166913535999999
17:46062125:A:C	17:46026250:C:T	0.95744	0.9166913535999999
17:46062125:A:C	17:46026459:T:C	0.95744	0.9166913535999999
17:46062125:A:C	17:46026460:G:A	0.95744	0.9166913535999999
17:46062125:A:C	17:46026977:A:C	0.95744	0.9166913535999999
17:46062125:A:C	17:46026981:G:A	0.338106	0.11431566723600001
17:46062125:A:C	17:46027143:T:C	0.95744	0.9166913535999999
17:46062125:A:C	17:46028029:A:G	-0.435672	0.189810091584
17:46062125:A:C	17:46028853:C:T	0.95744	0.9166913535999999
17:46062125:A:C	17:46028854:A:G	0.955278	0.9125560572839999
17:46062125:A:C	17:46029440:G:A	0.95744	0.9166913535999999
17:46062125:A:C	17:46030734:C:T	0.95744	0.9166913535999999
17:46062125:A:C	17:46030836:A:G	0.95744	0.9166913535999999
17:46062125:A:C	17:46030989:G:A	0.95744	0.9166913535999999
17:46062125:A:C	17:46031540:A:G	0.95744	0.9166913535999999
17:46062125:A:C	17:46031822:C:G	0.95744	0.9166913535999999
17:46062125:A:C	17:46031882:G:A	0.95744	0.9166913535999999
17:46062125:A:C	17:46032108:G:A	-0.382151	0.146039386801
17:46062125:A:C	17:46032403:C:G	0.95744	0.9166913535999999
17:46062125:A:C	17:46032905:G:A	0.944607	0.892282384449
17:46062125:A:C	17:46033166:G:A	0.95744	0.9166913535999999
17:46062125:A:C	17:46033175:G:A	0.95744	0.9166913535999999
17:46062125:A:C	17:46033304:C:G	0.944607	0.892282384449
17:46062125:A:C	17:46033522:A:T	0.95744	0.9166913535999999
17:46062125:A:C	17:46033743:A:G	0.95744	0.9166913535999999
17:46062125:A:C	17:46034247:A:G	0.95744	0.9166913535999999
17:46062125:A:C	17:46034461:C:A	0.95744	0.9166913535999999
17:46062125:A:C	17:46035019:A:G	0.95744	0.9166913535999999
17:46062125:A:C	17:46035075:G:A	0.95744	0.9166913535999999
17:46062125:A:C	17:46035272:T:C	0.95744	0.9166913535999999
17:46062125:A:C	17:46035377:C:A	0.95744	0.9166913535999999
17:46062125:A:C	17:46035858:C:T	0.95744	0.9166913535999999
17:46062125:A:C	17:46035993:T:C	0.95744	0.9166913535999999
17:46062125:A:C	17:46036125:T:C	0.95744	0.9166913535999999
17:46062125:A:C	17:46036597:C:T	0.95744	0.9166913535999999
17:46062125:A:C	17:46036852:T:C	0.95744	0.9166913535999999
17:46062125:A:C	17:46036996:A:T	0.95744	0.9166913535999999
17:46062125:A:C	17:46036998:C:A	0.95744	0.9166913535999999
17:46062125:A:C	17:46037006:T:C	0.95744	0.9166913535999999
17:46062125:A:C	17:46037066:A:C	0.95744	0.9166913535999999
17:46062125:A:C	17:46037708:T:C	0.95744	0.9166913535999999
17:46062125:A:C	17:46037741:C:T	0.95744	0.9166913535999999
17:46062125:A:C	17:46037985:T:C	0.955306	0.9126095536359999
17:46062125:A:C	17:46038074:T:C	0.944607	0.892282384449
17:46062125:A:C	17:46038203:C:A	0.95744	0.9166913535999999
17:46062125:A:C	17:46038364:G:A	0.95744	0.9166913535999999
17:46062125:A:C	17:46038520:C:T	0.95744	0.9166913535999999
17:46062125:A:C	17:46038872:G:A	0.95744	0.9166913535999999
17:46062125:A:C	17:46038946:T:C	0.95744	0.9166913535999999
17:46062125:A:C	17:46039477:C:A	-0.382151	0.146039386801
17:46062125:A:C	17:46039584:T:G	0.944607	0.892282384449
17:46062125:A:C	17:46039753:A:G	0.95744	0.9166913535999999
17:46062125:A:C	17:46040031:A:G	0.95744	0.9166913535999999
17:46062125:A:C	17:46041482:G:A	0.95744	0.9166913535999999
17:46062125:A:C	17:46041633:A:G	0.95744	0.9166913535999999
17:46062125:A:C	17:46041685:T:C	-0.38367	0.1472026689
17:46062125:A:C	17:46041954:C:T	0.95744	0.9166913535999999
17:46062125:A:C	17:46042001:A:G	-0.436468	0.19050431502400003
17:46062125:A:C	17:46042097:C:T	0.95744	0.9166913535999999
17:46062125:A:C	17:46042108:T:C	0.95744	0.9166913535999999
17:46062125:A:C	17:46042270:A:C	0.95744	0.9166913535999999
17:46062125:A:C	17:46042474:T:C	-0.385969	0.14897206896100001
17:46062125:A:C	17:46042621:C:G	-0.38367	0.1472026689
17:46062125:A:C	17:46043076:A:G	0.95744	0.9166913535999999
17:46062125:A:C	17:46043242:A:G	0.95744	0.9166913535999999
17:46062125:A:C	17:46043480:G:A	0.326494	0.106598332036
17:46062125:A:C	17:46044017:G:A	0.326494	0.106598332036
17:46062125:A:C	17:46044103:C:T	0.95744	0.9166913535999999
17:46062125:A:C	17:46044551:C:T	0.95744	0.9166913535999999
17:46062125:A:C	17:46044979:A:G	0.95744	0.9166913535999999
17:46062125:A:C	17:46044982:C:T	0.95744	0.9166913535999999
17:46062125:A:C	17:46044988:A:G	0.95744	0.9166913535999999
17:46062125:A:C	17:46045118:C:T	0.95744	0.9166913535999999
17:46062125:A:C	17:46045260:C:A	0.95744	0.9166913535999999
17:46062125:A:C	17:46045530:G:A	0.95744	0.9166913535999999
17:46062125:A:C	17:46045882:T:C	0.955306	0.9126095536359999
17:46062125:A:C	17:46046319:G:A	0.95744	0.9166913535999999
17:46062125:A:C	17:46046351:C:T	0.95744	0.9166913535999999
17:46062125:A:C	17:46047169:T:C	0.95744	0.9166913535999999
17:46062125:A:C	17:46047471:A:G	0.95744	0.9166913535999999
17:46062125:A:C	17:46047700:C:T	0.95744	0.9166913535999999
17:46062125:A:C	17:46047809:A:C	-0.382151	0.146039386801
17:46062125:A:C	17:46048100:G:A	-0.381393	0.145460620449
17:46062125:A:C	17:46048118:T:G	0.95744	0.9166913535999999
17:46062125:A:C	17:46048338:C:T	0.95744	0.9166913535999999
17:46062125:A:C	17:46048852:G:A	0.95744	0.9166913535999999
17:46062125:A:C	17:46048999:C:T	0.944607	0.892282384449
17:46062125:A:C	17:46049111:G:A	0.944607	0.892282384449
17:46062125:A:C	17:46049112:T:C	0.944607	0.892282384449
17:46062125:A:C	17:46049209:C:T	0.95744	0.9166913535999999
17:46062125:A:C	17:46049284:C:T	0.953171	0.908534955241
17:46062125:A:C	17:46049307:A:G	0.95744	0.9166913535999999
17:46062125:A:C	17:46049325:G:A	0.95744	0.9166913535999999
17:46062125:A:C	17:46049399:C:A	0.845595	0.715030904025
17:46062125:A:C	17:46049611:G:C	0.955306	0.9126095536359999
17:46062125:A:C	17:46050759:A:C	0.95744	0.9166913535999999
17:46062125:A:C	17:46051041:C:A	0.95744	0.9166913535999999
17:46062125:A:C	17:46051510:T:A	0.95744	0.9166913535999999
17:46062125:A:C	17:46051887:T:C	0.95744	0.9166913535999999
17:46062125:A:C	17:46052434:G:A	0.95744	0.9166913535999999
17:46062125:A:C	17:46052519:C:T	0.95744	0.9166913535999999
17:46062125:A:C	17:46052583:C:G	0.95744	0.9166913535999999
17:46062125:A:C	17:46053221:T:G	0.95744	0.9166913535999999
17:46062125:A:C	17:46053302:T:A	0.95744	0.9166913535999999
17:46062125:A:C	17:46053512:A:G	0.95744	0.9166913535999999
17:46062125:A:C	17:46053558:A:T	0.95744	0.9166913535999999
17:46062125:A:C	17:46053656:T:C	0.95744	0.9166913535999999
17:46062125:A:C	17:46053730:G:A	-0.382151	0.146039386801
17:46062125:A:C	17:46053939:T:C	-0.436468	0.19050431502400003
17:46062125:A:C	17:46054193:C:A	0.95744	0.9166913535999999
17:46062125:A:C	17:46054226:A:G	0.95744	0.9166913535999999
17:46062125:A:C	17:46054256:G:A	0.955306	0.9126095536359999
17:46062125:A:C	17:46054351:G:A	0.95744	0.9166913535999999
17:46062125:A:C	17:46054432:C:T	0.95744	0.9166913535999999
17:46062125:A:C	17:46054903:T:C	0.95744	0.9166913535999999
17:46062125:A:C	17:46055013:A:G	0.95744	0.9166913535999999
17:46062125:A:C	17:46055092:G:A	0.95744	0.9166913535999999
17:46062125:A:C	17:46055226:A:G	0.95744	0.9166913535999999
17:46062125:A:C	17:46055521:C:T	0.95744	0.9166913535999999
17:46062125:A:C	17:46055665:T:A	0.95744	0.9166913535999999
17:46062125:A:C	17:46055704:A:T	0.95744	0.9166913535999999
17:46062125:A:C	17:46055776:G:A	0.95744	0.9166913535999999
17:46062125:A:C	17:46055796:A:C	0.95744	0.9166913535999999
17:46062125:A:C	17:46056030:G:A	0.95744	0.9166913535999999
17:46062125:A:C	17:46056037:T:C	0.95744	0.9166913535999999
17:46062125:A:C	17:46056168:C:T	0.95744	0.9166913535999999
17:46062125:A:C	17:46056267:A:G	0.95744	0.9166913535999999
17:46062125:A:C	17:46056282:A:C	0.95744	0.9166913535999999
17:46062125:A:C	17:46056729:A:G	0.95744	0.9166913535999999
17:46062125:A:C	17:46057025:G:T	0.95744	0.9166913535999999
17:46062125:A:C	17:46057544:G:A	0.95744	0.9166913535999999
17:46062125:A:C	17:46057618:G:A	0.95744	0.9166913535999999
17:46062125:A:C	17:46057660:G:C	0.95744	0.9166913535999999
17:46062125:A:C	17:46057993:T:C	0.95744	0.9166913535999999
17:46062125:A:C	17:46058461:G:A	0.95744	0.9166913535999999
17:46062125:A:C	17:46058619:A:G	0.95744	0.9166913535999999
17:46062125:A:C	17:46059211:A:C	0.95744	0.9166913535999999
17:46062125:A:C	17:46059268:G:A	0.95744	0.9166913535999999
17:46062125:A:C	17:46059397:C:T	0.95744	0.9166913535999999
17:46062125:A:C	17:46059437:G:T	0.95744	0.9166913535999999
17:46062125:A:C	17:46059704:A:G	0.95744	0.9166913535999999
17:46062125:A:C	17:46059823:A:T	0.95744	0.9166913535999999
17:46062125:A:C	17:46059945:G:A	0.95744	0.9166913535999999
17:46062125:A:C	17:46060310:A:T	0.95744	0.9166913535999999
17:46062125:A:C	17:46060312:G:A	0.95744	0.9166913535999999
17:46062125:A:C	17:46060559:T:C	0.95744	0.9166913535999999
17:46062125:A:C	17:46060835:T:C	0.944607	0.892282384449
17:46062125:A:C	17:46061717:G:C	0.95744	0.9166913535999999
17:46062125:A:C	17:46061824:G:C	0.95744	0.9166913535999999
17:46062125:A:C	17:46062087:G:A	-0.383007	0.146694362049
17:46062125:A:C	17:46062296:C:T	0.961741	0.924945751081
17:46062125:A:C	17:46062396:C:G	0.955352	0.912697443904
17:46062125:A:C	17:46062975:G:A	0.961741	0.924945751081
17:46062125:A:C	17:46063382:C:T	-0.372994	0.139124524036
17:46062125:A:C	17:46063913:A:T	-0.514291	0.26449523268100006
17:46062125:A:C	17:46063981:A:G	0.961741	0.924945751081
17:46062125:A:C	17:46064366:G:A	0.961741	0.924945751081
17:46062125:A:C	17:46064589:T:A	0.961741	0.924945751081
17:46062125:A:C	17:46064755:G:A	0.961741	0.924945751081
17:46062125:A:C	17:46064966:T:G	0.961741	0.924945751081
17:46062125:A:C	17:46064968:G:T	0.961741	0.924945751081
17:46062125:A:C	17:46065061:A:G	0.961741	0.924945751081
17:46062125:A:C	17:46065200:C:T	0.961741	0.924945751081
17:46062125:A:C	17:46065297:C:T	0.961741	0.924945751081
17:46062125:A:C	17:46065513:C:T	0.961741	0.924945751081
17:46062125:A:C	17:46065663:G:T	0.961741	0.924945751081
17:46062125:A:C	17:46065978:G:A	0.961741	0.924945751081
17:46062125:A:C	17:46066118:G:A	0.961741	0.924945751081
17:46062125:A:C	17:46066786:T:C	0.961741	0.924945751081
17:46062125:A:C	17:46066885:G:T	0.961741	0.924945751081
17:46062125:A:C	17:46066979:A:G	0.961741	0.924945751081
17:46062125:A:C	17:46067021:C:A	0.961741	0.924945751081
17:46062125:A:C	17:46067268:G:A	0.961741	0.924945751081
17:46062125:A:C	17:46068007:T:C	0.961741	0.924945751081
17:46062125:A:C	17:46068226:A:G	0.961741	0.924945751081
17:46062125:A:C	17:46068494:A:G	0.961741	0.924945751081
17:46062125:A:C	17:46068799:C:G	0.961741	0.924945751081
17:46062125:A:C	17:46068970:A:C	0.961741	0.924945751081
17:46062125:A:C	17:46068991:T:C	0.961741	0.924945751081
17:46062125:A:C	17:46069085:T:C	0.961741	0.924945751081
17:46062125:A:C	17:46069201:T:C	0.961741	0.924945751081
17:46062125:A:C	17:46070045:G:A	0.961741	0.924945751081
17:46062125:A:C	17:46070145:G:C	0.961741	0.924945751081
17:46062125:A:C	17:46070208:G:A	0.961741	0.924945751081
17:46062125:A:C	17:46070233:G:C	0.961741	0.924945751081
17:46062125:A:C	17:46070355:C:T	0.961741	0.924945751081
17:46062125:A:C	17:46070901:C:T	0.961741	0.924945751081
17:46062125:A:C	17:46071247:G:A	0.961741	0.924945751081
17:46062125:A:C	17:46071308:A:G	0.961741	0.924945751081
17:46062125:A:C	17:46071931:A:C	0.959612	0.920855190544
17:46062125:A:C	17:46071986:C:G	0.953221	0.908630274841
17:46062125:A:C	17:46071987:T:C	0.955352	0.912697443904
17:46062125:A:C	17:46072082:C:G	0.961741	0.924945751081
17:46062125:A:C	17:46072171:C:G	0.961741	0.924945751081
17:46062125:A:C	17:46072215:C:T	0.961741	0.924945751081
17:46062125:A:C	17:46072375:G:A	0.961741	0.924945751081
17:46062125:A:C	17:46072676:T:C	0.961741	0.924945751081
17:46062125:A:C	17:46072786:A:T	0.961741	0.924945751081
17:46062125:A:C	17:46072795:T:G	0.948879	0.9003713566410001
17:46062125:A:C	17:46072797:T:G	0.961741	0.924945751081
17:46062125:A:C	17:46072867:G:A	0.961741	0.924945751081
17:46062125:A:C	17:46073098:T:C	0.961741	0.924945751081
17:46062125:A:C	17:46073114:A:T	0.961741	0.924945751081
17:46062125:A:C	17:46073554:T:C	0.961741	0.924945751081
17:46062125:A:C	17:46073790:T:C	0.961741	0.924945751081
17:46062125:A:C	17:46074180:T:G	0.948879	0.9003713566410001
17:46062125:A:C	17:46074301:A:G	0.961741	0.924945751081
17:46062125:A:C	17:46074331:A:T	0.961741	0.924945751081
17:46062125:A:C	17:46075024:C:T	0.961741	0.924945751081
17:46062125:A:C	17:46075081:G:A	0.961741	0.924945751081
17:46062125:A:C	17:46075394:T:G	0.961741	0.924945751081
17:46062125:A:C	17:46075778:A:G	0.961741	0.924945751081
17:46062125:A:C	17:46075861:A:G	0.961741	0.924945751081
17:46062125:A:C	17:46075892:A:G	0.961741	0.924945751081
17:46062125:A:C	17:46076020:A:T	0.961741	0.924945751081
17:46062125:A:C	17:46076241:T:A	0.961741	0.924945751081
17:46062125:A:C	17:46076260:C:T	0.961741	0.924945751081
17:46062125:A:C	17:46077027:A:G	0.961741	0.924945751081
17:46062125:A:C	17:46077095:A:C	0.961741	0.924945751081
17:46062125:A:C	17:46077241:T:C	0.961741	0.924945751081
17:46062125:A:C	17:46077580:C:T	0.961741	0.924945751081
17:46062125:A:C	17:46077791:C:T	0.961741	0.924945751081
17:46062125:A:C	17:46078341:C:T	0.961741	0.924945751081
17:46062125:A:C	17:46078366:C:T	0.948879	0.9003713566410001
17:46062125:A:C	17:46078801:G:A	0.961741	0.924945751081
17:46062125:A:C	17:46078814:A:G	0.961741	0.924945751081
17:46062125:A:C	17:46078815:T:A	0.961741	0.924945751081
17:46062125:A:C	17:46080231:A:G	0.961741	0.924945751081
17:46062125:A:C	17:46080256:T:G	0.961741	0.924945751081
17:46062125:A:C	17:46080616:A:T	0.961741	0.924945751081
17:46062125:A:C	17:46080626:T:C	0.961741	0.924945751081
17:46062125:A:C	17:46081736:C:T	0.961741	0.924945751081
17:46062125:A:C	17:46082189:C:A	0.961741	0.924945751081
17:46062125:A:C	17:46082265:T:G	0.961741	0.924945751081
17:46062125:A:C	17:46082306:A:G	0.961741	0.924945751081
17:46062125:A:C	17:46082329:C:T	0.961741	0.924945751081
17:46062125:A:C	17:46082359:C:T	0.961741	0.924945751081
17:46062125:A:C	17:46082483:T:C	0.961741	0.924945751081
17:46062125:A:C	17:46082622:G:A	0.961741	0.924945751081
17:46062125:A:C	17:46082684:G:A	0.961741	0.924945751081
17:46062125:A:C	17:46083226:G:A	0.961741	0.924945751081
17:46062125:A:C	17:46083308:G:C	0.961741	0.924945751081
17:46062125:A:C	17:46083780:T:G	0.961741	0.924945751081
17:46062125:A:C	17:46083936:A:G	0.961741	0.924945751081
17:46062125:A:C	17:46083994:A:T	0.961741	0.924945751081
17:46062125:A:C	17:46084104:A:C	0.961741	0.924945751081
17:46062125:A:C	17:46084215:T:C	-0.436468	0.19050431502400003
17:46062125:A:C	17:46084397:C:T	-0.38367	0.1472026689
17:46062125:A:C	17:46084494:C:T	0.961741	0.924945751081
17:46062125:A:C	17:46084509:A:C	0.961741	0.924945751081
17:46062125:A:C	17:46084619:T:G	0.961741	0.924945751081
17:46062125:A:C	17:46084690:T:A	0.957482	0.9167717803240001
17:46062125:A:C	17:46084864:G:A	-0.436468	0.19050431502400003
17:46062125:A:C	17:46084918:T:C	0.961741	0.924945751081
17:46062125:A:C	17:46085231:C:A	0.948879	0.9003713566410001
17:46062125:A:C	17:46086045:T:C	0.961741	0.924945751081
17:46062125:A:C	17:46086443:A:C	-0.436468	0.19050431502400003
17:46062125:A:C	17:46086724:G:C	0.961741	0.924945751081
17:46062125:A:C	17:46086767:G:A	0.961741	0.924945751081
17:46062125:A:C	17:46086957:G:A	0.961741	0.924945751081
17:46062125:A:C	17:46087683:A:G	0.961741	0.924945751081
17:46062125:A:C	17:46087703:A:G	0.961741	0.924945751081
17:46062125:A:C	17:46087732:C:T	0.961741	0.924945751081
17:46062125:A:C	17:46087803:C:T	0.948879	0.9003713566410001
17:46062125:A:C	17:46088069:C:T	0.961741	0.924945751081
17:46062125:A:C	17:46088228:C:A	0.961741	0.924945751081
17:46062125:A:C	17:46088230:C:T	0.961741	0.924945751081
17:46062125:A:C	17:46088437:T:C	0.961741	0.924945751081
17:46062125:A:C	17:46088486:A:G	0.961741	0.924945751081
17:46062125:A:C	17:46088714:T:A	0.961741	0.924945751081
17:46062125:A:C	17:46088831:A:G	0.961741	0.924945751081
17:46062125:A:C	17:46088945:C:T	0.961741	0.924945751081
17:46062125:A:C	17:46089134:G:A	0.961741	0.924945751081
17:46062125:A:C	17:46089280:C:T	0.961741	0.924945751081
17:46062125:A:C	17:46089735:T:C	0.959612	0.920855190544
17:46062125:A:C	17:46090098:G:A	0.961741	0.924945751081
17:46062125:A:C	17:46090295:G:T	0.961741	0.924945751081
17:46062125:A:C	17:46090363:A:G	0.961741	0.924945751081
17:46062125:A:C	17:46091142:C:T	0.961741	0.924945751081
17:46062125:A:C	17:46091311:A:G	0.948879	0.9003713566410001
17:46062125:A:C	17:46092011:G:C	0.961741	0.924945751081
17:46062125:A:C	17:46092040:G:A	0.961741	0.924945751081
17:46062125:A:C	17:46092071:T:C	0.961741	0.924945751081
17:46062125:A:C	17:46092215:T:C	0.961741	0.924945751081
17:46062125:A:C	17:46092239:T:C	0.961741	0.924945751081
17:46062125:A:C	17:46092393:G:A	0.961741	0.924945751081
17:46062125:A:C	17:46092403:C:T	0.961741	0.924945751081
17:46062125:A:C	17:46092652:G:C	0.961741	0.924945751081
17:46062125:A:C	17:46092872:G:A	0.961741	0.924945751081
17:46062125:A:C	17:46093048:G:A	0.961741	0.924945751081
17:46062125:A:C	17:46093246:C:T	0.961741	0.924945751081
17:46062125:A:C	17:46093658:T:C	0.961741	0.924945751081
17:46062125:A:C	17:46094188:G:A	0.961741	0.924945751081
17:46062125:A:C	17:46094199:C:A	0.961741	0.924945751081
17:46062125:A:C	17:46094961:T:A	0.961741	0.924945751081
17:46062125:A:C	17:46095025:C:T	0.961741	0.924945751081
17:46062125:A:C	17:46095042:C:G	0.961741	0.924945751081
17:46062125:A:C	17:46095332:T:C	0.961741	0.924945751081
17:46062125:A:C	17:46095407:C:T	0.961741	0.924945751081
17:46062125:A:C	17:46095446:G:A	-0.39205	0.1537032025
17:46062125:A:C	17:46095813:C:A	0.961741	0.924945751081
17:46062125:A:C	17:46095990:C:G	0.961741	0.924945751081
17:46062125:A:C	17:46096042:G:A	0.961741	0.924945751081
17:46062125:A:C	17:46096446:G:A	0.959612	0.920855190544
17:46062125:A:C	17:46096702:T:C	0.961741	0.924945751081
17:46062125:A:C	17:46096743:G:C	0.959612	0.920855190544
17:46062125:A:C	17:46096869:A:G	0.961741	0.924945751081
17:46062125:A:C	17:46096985:T:A	0.961741	0.924945751081
17:46062125:A:C	17:46097147:C:A	0.961741	0.924945751081
17:46062125:A:C	17:46098123:A:G	-0.393579	0.154904429241
17:46062125:A:C	17:46098726:G:A	0.961741	0.924945751081
17:46062125:A:C	17:46098804:C:G	0.961741	0.924945751081
17:46062125:A:C	17:46098849:G:A	0.961741	0.924945751081
17:46062125:A:C	17:46099731:C:T	0.953139	0.9084739533209999
17:46062125:A:C	17:46099971:C:T	0.953139	0.9084739533209999
17:46062125:A:C	17:46100303:C:T	0.953139	0.9084739533209999
17:46062125:A:C	17:46100389:C:G	0.950999	0.904399098001
17:46062125:A:C	17:46100627:C:A	0.953139	0.9084739533209999
17:46062125:A:C	17:46100906:C:T	0.953139	0.9084739533209999
17:46062125:A:C	17:46100971:T:C	0.953139	0.9084739533209999
17:46062125:A:C	17:46101473:T:C	0.953139	0.9084739533209999
17:46062125:A:C	17:46101518:G:A	0.953139	0.9084739533209999
17:46062125:A:C	17:46101729:G:A	-0.388256	0.150742721536
17:46062125:A:C	17:46101776:A:G	0.946695	0.8962314230249999
17:46062125:A:C	17:46102357:T:C	0.953139	0.9084739533209999
17:46062125:A:C	17:46102383:G:A	0.953139	0.9084739533209999
17:46062125:A:C	17:46102603:G:A	0.953139	0.9084739533209999
17:46062125:A:C	17:46102626:A:G	0.953139	0.9084739533209999
17:46062125:A:C	17:46102807:T:G	0.953139	0.9084739533209999
17:46062125:A:C	17:46103076:A:G	0.953139	0.9084739533209999
17:46062125:A:C	17:46103588:A:G	0.953139	0.9084739533209999
17:46062125:A:C	17:46103631:C:T	0.953139	0.9084739533209999
17:46062125:A:C	17:46103752:G:A	0.953139	0.9084739533209999
17:46062125:A:C	17:46104088:C:T	0.953139	0.9084739533209999
17:46062125:A:C	17:46104142:T:G	0.953139	0.9084739533209999
17:46062125:A:C	17:46104315:A:G	0.953139	0.9084739533209999
17:46062125:A:C	17:46104567:T:C	0.953139	0.9084739533209999
17:46062125:A:C	17:46104815:T:C	0.953139	0.9084739533209999
17:46062125:A:C	17:46104901:T:C	-0.442379	0.19569917964100003
17:46062125:A:C	17:46104970:C:A	0.953139	0.9084739533209999
17:46062125:A:C	17:46105340:A:G	0.953139	0.9084739533209999
17:46062125:A:C	17:46105551:C:G	0.953139	0.9084739533209999
17:46062125:A:C	17:46105589:C:T	0.953139	0.9084739533209999
17:46062125:A:C	17:46105590:A:G	0.953139	0.9084739533209999
17:46062125:A:C	17:46105636:C:A	0.953139	0.9084739533209999
17:46062125:A:C	17:46105866:C:G	0.931725	0.868111475625
17:46062125:A:C	17:46106037:A:G	0.944536	0.8921482552960001
17:46062125:A:C	17:46106250:C:A	0.944536	0.8921482552960001
17:46062125:A:C	17:46106424:G:A	0.944536	0.8921482552960001
17:46062125:A:C	17:46107009:A:G	0.942387	0.8880932577689999
17:46062125:A:C	17:46107038:G:A	0.944536	0.8921482552960001
17:46062125:A:C	17:46107062:T:C	0.944536	0.8921482552960001
17:46062125:A:C	17:46107442:C:G	0.944536	0.8921482552960001
17:46062125:A:C	17:46107462:G:T	0.600413	0.36049577056899995
17:46062125:A:C	17:46107879:C:A	0.944536	0.8921482552960001
17:46062125:A:C	17:46108065:T:C	0.929615	0.864184048225
17:46062125:A:C	17:46108113:G:T	-0.384462	0.147811029444
17:46062125:A:C	17:46108689:G:A	0.944536	0.8921482552960001
17:46062125:A:C	17:46108697:C:T	0.93179	0.8682326041
17:46062125:A:C	17:46108886:G:A	0.944536	0.8921482552960001
17:46062125:A:C	17:46108935:T:C	0.944536	0.8921482552960001
17:46062125:A:C	17:46109227:T:C	0.944536	0.8921482552960001
17:46062125:A:C	17:46109528:A:C	0.944536	0.8921482552960001
17:46062125:A:C	17:46109586:T:C	-0.434971	0.189199770841
17:46062125:A:C	17:46109891:A:G	0.93179	0.8682326041
17:46062125:A:C	17:46110126:A:G	0.944536	0.8921482552960001
17:46062125:A:C	17:46111111:T:G	0.944536	0.8921482552960001
17:46062125:A:C	17:46111279:C:T	0.944536	0.8921482552960001
17:46062125:A:C	17:46111389:T:C	0.944536	0.8921482552960001
17:46062125:A:C	17:46111398:T:C	0.944536	0.8921482552960001
17:46062125:A:C	17:46111701:A:G	0.592086	0.350565831396
17:46062125:A:C	17:46111904:A:C	-0.384462	0.147811029444
17:46062125:A:C	17:46112007:C:T	0.944536	0.8921482552960001
17:46062125:A:C	17:46112042:T:C	0.944536	0.8921482552960001
17:46062125:A:C	17:46112232:A:G	-0.433356	0.187797422736
17:46062125:A:C	17:46112433:T:C	0.942387	0.8880932577689999
17:46062125:A:C	17:46112489:G:A	0.944536	0.8921482552960001
17:46062125:A:C	17:46112492:G:A	0.944536	0.8921482552960001
17:46062125:A:C	17:46112544:A:G	0.942387	0.8880932577689999
17:46062125:A:C	17:46112790:T:C	0.944536	0.8921482552960001
17:46062125:A:C	17:46113719:G:A	0.944536	0.8921482552960001
17:46062125:A:C	17:46113793:C:T	0.944536	0.8921482552960001
17:46062125:A:C	17:46114117:A:G	-0.344814	0.11889669459600001
17:46062125:A:C	17:46114316:G:A	0.942387	0.8880932577689999
17:46062125:A:C	17:46114469:A:G	0.944536	0.8921482552960001
17:46062125:A:C	17:46115029:G:T	0.944536	0.8921482552960001
17:46062125:A:C	17:46115202:C:T	0.847311	0.717935930721
17:46062125:A:C	17:46115224:T:A	0.93808	0.8799940864000001
17:46062125:A:C	17:46115252:A:G	0.944536	0.8921482552960001
17:46062125:A:C	17:46115557:A:G	0.942387	0.8880932577689999
17:46062125:A:C	17:46115580:C:T	0.940237	0.884045616169
17:46062125:A:C	17:46115591:T:C	0.940237	0.884045616169
17:46062125:A:C	17:46115731:C:A	0.940235	0.8840418552250001
17:46062125:A:C	17:46116516:C:T	0.940235	0.8840418552250001
17:46062125:A:C	17:46116786:T:A	0.940235	0.8840418552250001
17:46062125:A:C	17:46117015:T:A	0.940235	0.8840418552250001
17:46062125:A:C	17:46117153:T:C	0.940235	0.8840418552250001
17:46062125:A:C	17:46117255:C:G	0.940235	0.8840418552250001
17:46062125:A:C	17:46117369:G:T	0.940235	0.8840418552250001
17:46062125:A:C	17:46117469:T:C	0.940235	0.8840418552250001
17:46062125:A:C	17:46117525:C:T	0.940235	0.8840418552250001
17:46062125:A:C	17:46118058:A:C	0.940235	0.8840418552250001
17:46062125:A:C	17:46118129:G:A	0.940235	0.8840418552250001
17:46062125:A:C	17:46118649:C:G	0.940235	0.8840418552250001
17:46062125:A:C	17:46118759:T:C	0.940235	0.8840418552250001
17:46062125:A:C	17:46118787:A:G	0.940235	0.8840418552250001
17:46062125:A:C	17:46119081:T:A	0.940235	0.8840418552250001
17:46062125:A:C	17:46119287:G:A	0.940235	0.8840418552250001
17:46062125:A:C	17:46119433:G:A	0.940235	0.8840418552250001
17:46062125:A:C	17:46119456:G:A	0.940235	0.8840418552250001
17:46062125:A:C	17:46119666:T:C	0.940235	0.8840418552250001
17:46062125:A:C	17:46120237:T:C	0.940235	0.8840418552250001
17:46062125:A:C	17:46120440:T:C	0.940235	0.8840418552250001
17:46062125:A:C	17:46120714:C:T	0.940235	0.8840418552250001
17:46062125:A:C	17:46121440:T:C	0.940235	0.8840418552250001
17:46062125:A:C	17:46121663:T:C	0.935933	0.875970580489
17:46062125:A:C	17:46122304:G:A	0.940235	0.8840418552250001
17:46062125:A:C	17:46122649:T:C	0.940235	0.8840418552250001
17:46062125:A:C	17:46122667:T:C	0.940235	0.8840418552250001
17:46062125:A:C	17:46122712:A:T	0.940235	0.8840418552250001
17:46062125:A:C	17:46122825:C:T	0.65117	0.42402236890000006
17:46062125:A:C	17:46122826:A:G	-0.434971	0.189199770841
17:46062125:A:C	17:46123144:C:A	0.940235	0.8840418552250001
17:46062125:A:C	17:46123743:C:G	0.93808	0.8799940864000001
17:46062125:A:C	17:46123978:G:C	0.940235	0.8840418552250001
17:46062125:A:C	17:46124301:G:A	0.940235	0.8840418552250001
17:46062125:A:C	17:46124314:A:C	0.940235	0.8840418552250001
17:46062125:A:C	17:46124425:G:C	0.93808	0.8799940864000001
17:46062125:A:C	17:46124499:C:T	0.940235	0.8840418552250001
17:46062125:A:C	17:46124521:C:T	0.940235	0.8840418552250001
17:46062125:A:C	17:46124781:A:G	0.93808	0.8799940864000001
17:46062125:A:C	17:46124865:A:G	0.940235	0.8840418552250001
17:46062125:A:C	17:46125198:G:A	0.940235	0.8840418552250001
17:46062125:A:C	17:46125242:C:T	0.940235	0.8840418552250001
17:46062125:A:C	17:46125324:T:C	-0.434971	0.189199770841
17:46062125:A:C	17:46125586:C:G	0.940235	0.8840418552250001
17:46062125:A:C	17:46125765:C:G	0.942389	0.888097027321
17:46062125:A:C	17:46125945:C:T	0.942389	0.888097027321
17:46062125:A:C	17:46126000:T:C	0.942389	0.888097027321
17:46062125:A:C	17:46126047:C:T	0.942389	0.888097027321
17:46062125:A:C	17:46126154:C:T	0.942389	0.888097027321
17:46062125:A:C	17:46126938:T:G	0.940235	0.8840418552250001
17:46062125:A:C	17:46127373:T:C	0.940235	0.8840418552250001
17:46062125:A:C	17:46127383:A:G	0.940235	0.8840418552250001
17:46062125:A:C	17:46127574:G:A	0.316396	0.100106428816
17:46062125:A:C	17:46127756:C:G	0.940235	0.8840418552250001
17:46062125:A:C	17:46128134:A:G	0.940235	0.8840418552250001
17:46062125:A:C	17:46128324:C:T	0.929615	0.864184048225
17:46062125:A:C	17:46128473:A:G	0.93808	0.8799940864000001
17:46062125:A:C	17:46128713:C:T	0.940235	0.8840418552250001
17:46062125:A:C	17:46129116:C:T	0.940235	0.8840418552250001
17:46062125:A:C	17:46129280:C:G	0.940235	0.8840418552250001
17:46062125:A:C	17:46129700:A:G	0.940235	0.8840418552250001
17:46062125:A:C	17:46129994:C:T	0.940235	0.8840418552250001
17:46062125:A:C	17:46130157:T:A	0.93808	0.8799940864000001
17:46062125:A:C	17:46130412:A:G	0.940235	0.8840418552250001
17:46062125:A:C	17:46130521:C:T	0.938092	0.8800166004640001
17:46062125:A:C	17:46130566:A:G	0.940235	0.8840418552250001
17:46062125:A:C	17:46130778:C:G	0.940235	0.8840418552250001
17:46062125:A:C	17:46130852:A:G	0.940235	0.8840418552250001
17:46062125:A:C	17:46130946:G:T	0.927518	0.8602896403239999
17:46062125:A:C	17:46131308:G:T	0.927518	0.8602896403239999
17:46062125:A:C	17:46131579:C:T	0.940235	0.8840418552250001
17:46062125:A:C	17:46131947:T:C	0.940235	0.8840418552250001
17:46062125:A:C	17:46131998:G:A	0.940235	0.8840418552250001
17:46062125:A:C	17:46132108:A:T	0.940235	0.8840418552250001
17:46062125:A:C	17:46132262:T:C	0.940235	0.8840418552250001
17:46062125:A:C	17:46132509:T:C	0.940235	0.8840418552250001
17:46062125:A:C	17:46132553:C:G	0.940235	0.8840418552250001
17:46062125:A:C	17:46132591:A:G	0.940235	0.8840418552250001
17:46062125:A:C	17:46132619:T:C	0.940235	0.8840418552250001
17:46062125:A:C	17:46133076:C:T	0.940235	0.8840418552250001
17:46062125:A:C	17:46133567:A:G	0.927518	0.8602896403239999
17:46062125:A:C	17:46133622:C:G	0.940235	0.8840418552250001
17:46062125:A:C	17:46134136:G:A	0.940235	0.8840418552250001
17:46062125:A:C	17:46134536:A:G	0.940235	0.8840418552250001
17:46062125:A:C	17:46134666:C:A	0.940235	0.8840418552250001
17:46062125:A:C	17:46134944:G:A	0.927518	0.8602896403239999
17:46062125:A:C	17:46135161:A:G	0.940235	0.8840418552250001
17:46062125:A:C	17:46135416:T:C	0.925431	0.856422535761
17:46062125:A:C	17:46135838:C:T	0.940235	0.8840418552250001
17:46062125:A:C	17:46136346:G:A	0.940235	0.8840418552250001
17:46062125:A:C	17:46136555:A:C	0.940235	0.8840418552250001
17:46062125:A:C	17:46136568:G:A	0.940235	0.8840418552250001
17:46062125:A:C	17:46136728:A:G	0.940235	0.8840418552250001
17:46062125:A:C	17:46137448:G:A	0.940235	0.8840418552250001
17:46062125:A:C	17:46137449:C:G	0.940235	0.8840418552250001
17:46062125:A:C	17:46137679:T:C	0.940235	0.8840418552250001
17:46062125:A:C	17:46138457:A:G	0.940235	0.8840418552250001
17:46062125:A:C	17:46138792:T:C	0.938092	0.8800166004640001
17:46062125:A:C	17:46138860:A:G	0.940235	0.8840418552250001
17:46062125:A:C	17:46139746:G:T	0.940235	0.8840418552250001
17:46062125:A:C	17:46139860:A:G	0.940235	0.8840418552250001
17:46062125:A:C	17:46139927:G:A	0.940235	0.8840418552250001
17:46062125:A:C	17:46140876:C:T	0.940235	0.8840418552250001
17:46062125:A:C	17:46142465:T:A	0.938092	0.8800166004640001
17:46062125:A:C	17:46143088:T:G	0.940235	0.8840418552250001
17:46062125:A:C	17:46143419:G:A	0.942389	0.888097027321
17:46062125:A:C	17:46143424:A:G	0.940235	0.8840418552250001
17:46062125:A:C	17:46143576:G:A	0.940235	0.8840418552250001
17:46062125:A:C	17:46143676:C:T	0.938092	0.8800166004640001
17:46062125:A:C	17:46143984:G:A	0.940235	0.8840418552250001
17:46062125:A:C	17:46144236:G:C	0.940235	0.8840418552250001
17:46062125:A:C	17:46144477:A:G	-0.38523	0.1484021529
17:46062125:A:C	17:46144701:T:G	0.935933	0.875970580489
17:46062125:A:C	17:46144969:G:A	0.935933	0.875970580489
17:46062125:A:C	17:46145058:G:C	-0.431268	0.18599208782399998
17:46062125:A:C	17:46145094:T:G	0.935933	0.875970580489
17:46062125:A:C	17:46145694:G:A	0.935933	0.875970580489
17:46062125:A:C	17:46145877:G:A	0.935933	0.875970580489
17:46062125:A:C	17:46146021:T:C	0.935933	0.875970580489
17:46062125:A:C	17:46146906:G:A	-0.431268	0.18599208782399998
17:46062125:A:C	17:46147320:A:T	0.935933	0.875970580489
17:46062125:A:C	17:46147868:T:C	0.935933	0.875970580489
17:46062125:A:C	17:46148119:T:C	0.935933	0.875970580489
17:46062125:A:C	17:46148436:C:T	0.935933	0.875970580489
17:46062125:A:C	17:46148664:G:A	0.935933	0.875970580489
17:46062125:A:C	17:46148760:A:C	0.935933	0.875970580489
17:46062125:A:C	17:46149195:T:G	0.935933	0.875970580489
17:46062125:A:C	17:46149820:G:A	0.935933	0.875970580489
17:46062125:A:C	17:46149830:T:C	0.935933	0.875970580489
17:46062125:A:C	17:46150027:T:A	0.935933	0.875970580489
17:46062125:A:C	17:46150144:A:T	0.935933	0.875970580489
17:46062125:A:C	17:46150165:T:C	0.935933	0.875970580489
17:46062125:A:C	17:46150257:T:C	0.923246	0.852383176516
17:46062125:A:C	17:46150803:C:T	0.921163	0.8485412725689999
17:46062125:A:C	17:46151163:G:A	0.935933	0.875970580489
17:46062125:A:C	17:46151243:C:G	0.935933	0.875970580489
17:46062125:A:C	17:46151404:A:G	0.935933	0.875970580489
17:46062125:A:C	17:46151458:A:G	0.935933	0.875970580489
17:46062125:A:C	17:46152620:T:C	0.935933	0.875970580489
17:46062125:A:C	17:46153281:C:T	0.935933	0.875970580489
17:46062125:A:C	17:46153751:T:C	0.935933	0.875970580489
17:46062125:A:C	17:46153929:G:A	0.935933	0.875970580489
17:46062125:A:C	17:46153960:G:A	0.935933	0.875970580489
17:46062125:A:C	17:46154251:A:T	0.935933	0.875970580489
17:46062125:A:C	17:46155593:G:A	0.935933	0.875970580489
17:46062125:A:C	17:46156067:G:C	0.935933	0.875970580489
17:46062125:A:C	17:46156223:T:C	0.935933	0.875970580489
17:46062125:A:C	17:46156410:T:C	0.935933	0.875970580489
17:46062125:A:C	17:46156445:C:T	0.935933	0.875970580489
17:46062125:A:C	17:46156694:A:G	0.935933	0.875970580489
17:46062125:A:C	17:46157160:C:T	0.935933	0.875970580489
17:46062125:A:C	17:46158461:C:A	-0.383694	0.14722108563599998
17:46062125:A:C	17:46158527:C:T	0.935933	0.875970580489
17:46062125:A:C	17:46158639:C:T	-0.381437	0.14549418496900002
17:46062125:A:C	17:46159359:C:A	0.935933	0.875970580489
17:46062125:A:C	17:46159702:A:T	0.935933	0.875970580489
17:46062125:A:C	17:46160006:G:C	0.935933	0.875970580489
17:46062125:A:C	17:46160424:G:A	0.935933	0.875970580489
17:46062125:A:C	17:46161058:G:A	0.935933	0.875970580489
17:46062125:A:C	17:46161205:C:G	0.921163	0.8485412725689999
17:46062125:A:C	17:46161572:T:C	0.935933	0.875970580489
17:46062125:A:C	17:46161600:T:C	0.935933	0.875970580489
17:46062125:A:C	17:46162592:C:T	0.935933	0.875970580489
17:46062125:A:C	17:46162741:T:C	0.935933	0.875970580489
17:46062125:A:C	17:46163620:C:A	0.935933	0.875970580489
17:46062125:A:C	17:46163938:C:G	0.935933	0.875970580489
17:46062125:A:C	17:46164298:T:C	0.935933	0.875970580489
17:46062125:A:C	17:46165422:C:T	0.935933	0.875970580489
17:46062125:A:C	17:46165603:T:C	0.935933	0.875970580489
17:46062125:A:C	17:46165813:A:G	0.935933	0.875970580489
17:46062125:A:C	17:46166497:A:T	0.935933	0.875970580489
17:46062125:A:C	17:46166502:C:T	0.935933	0.875970580489
17:46062125:A:C	17:46166504:T:C	0.935933	0.875970580489
17:46062125:A:C	17:46166613:C:T	0.935933	0.875970580489
17:46062125:A:C	17:46167031:G:A	0.933796	0.871974969616
17:46062125:A:C	17:46167215:T:C	0.935933	0.875970580489
17:46062125:A:C	17:46167560:T:G	0.935933	0.875970580489
17:46062125:A:C	17:46168400:G:A	0.935933	0.875970580489
17:46062125:A:C	17:46168510:A:G	0.935933	0.875970580489
17:46062125:A:C	17:46168845:A:G	0.935933	0.875970580489
17:46062125:A:C	17:46169039:C:A	0.935933	0.875970580489
17:46062125:A:C	17:46169258:C:A	0.935933	0.875970580489
17:46062125:A:C	17:46169631:G:A	0.935933	0.875970580489
17:46062125:A:C	17:46169651:C:A	-0.381437	0.14549418496900002
17:46062125:A:C	17:46169798:A:G	0.923246	0.852383176516
17:46062125:A:C	17:46169948:C:T	0.935933	0.875970580489
17:46062125:A:C	17:46170307:G:A	0.935933	0.875970580489
17:46062125:A:C	17:46170676:G:A	0.935933	0.875970580489
17:46062125:A:C	17:46171403:T:C	0.935933	0.875970580489
17:46062125:A:C	17:46171448:G:A	0.935933	0.875970580489
17:46062125:A:C	17:46172255:A:G	0.935933	0.875970580489
17:46062125:A:C	17:46172434:G:A	0.935933	0.875970580489
17:46062125:A:C	17:46172742:T:C	0.935933	0.875970580489
17:46062125:A:C	17:46173250:G:A	0.935933	0.875970580489
17:46062125:A:C	17:46173864:T:C	0.935933	0.875970580489
17:46062125:A:C	17:46174182:G:A	0.935933	0.875970580489
17:46062125:A:C	17:46174216:T:C	0.935933	0.875970580489
17:46062125:A:C	17:46174332:G:A	0.935933	0.875970580489
17:46062125:A:C	17:46174403:A:G	0.935933	0.875970580489
17:46062125:A:C	17:46174541:C:T	0.935933	0.875970580489
17:46062125:A:C	17:46174606:G:A	0.935933	0.875970580489
17:46062125:A:C	17:46174732:C:T	0.935933	0.875970580489
17:46062125:A:C	17:46174831:G:T	0.935933	0.875970580489
17:46062125:A:C	17:46175050:G:C	0.935933	0.875970580489
17:46062125:A:C	17:46175144:T:C	0.935933	0.875970580489
17:46062125:A:C	17:46175837:A:C	0.935933	0.875970580489
17:46062125:A:C	17:46175998:G:A	0.935933	0.875970580489
17:46062125:A:C	17:46177013:C:T	0.935933	0.875970580489
17:46062125:A:C	17:46177047:A:G	0.935933	0.875970580489
17:46062125:A:C	17:46177128:T:C	0.935933	0.875970580489
17:46062125:A:C	17:46177651:T:C	0.935933	0.875970580489
17:46062125:A:C	17:46178166:T:C	0.935933	0.875970580489
17:46062125:A:C	17:46178411:G:A	0.935933	0.875970580489
17:46062125:A:C	17:46180107:T:C	0.935933	0.875970580489
17:46062125:A:C	17:46180417:A:G	0.923246	0.852383176516
17:46062125:A:C	17:46180422:T:C	0.935933	0.875970580489
17:46062125:A:C	17:46180865:A:G	0.935933	0.875970580489
17:46062125:A:C	17:46180988:G:C	0.935933	0.875970580489
17:46062125:A:C	17:46181056:G:T	0.933796	0.871974969616
17:46062125:A:C	17:46181548:A:G	0.935933	0.875970580489
17:46062125:A:C	17:46181588:G:C	0.935933	0.875970580489
17:46062125:A:C	17:46181674:G:C	0.935933	0.875970580489
17:46062125:A:C	17:46182426:G:A	0.935933	0.875970580489
17:46062125:A:C	17:46183050:T:C	0.935933	0.875970580489
17:46062125:A:C	17:46183601:G:A	0.940235	0.8840418552250001
17:46062125:A:C	17:46183771:C:T	0.940235	0.8840418552250001
17:46062125:A:C	17:46184387:T:C	0.940235	0.8840418552250001
17:46062125:A:C	17:46185037:C:T	0.940235	0.8840418552250001
17:46062125:A:C	17:46185052:G:A	0.940235	0.8840418552250001
17:46062125:A:C	17:46185130:T:C	-0.344814	0.11889669459600001
17:46062125:A:C	17:46185584:G:A	-0.434971	0.189199770841
17:46062125:A:C	17:46186113:T:C	0.940235	0.8840418552250001
17:46062125:A:C	17:46186363:C:G	0.940235	0.8840418552250001
17:46062125:A:C	17:46186599:T:C	0.940235	0.8840418552250001
17:46062125:A:C	17:46186679:T:C	0.940235	0.8840418552250001
17:46062125:A:C	17:46187351:A:C	0.940235	0.8840418552250001
17:46062125:A:C	17:46187577:T:C	0.940235	0.8840418552250001
17:46062125:A:C	17:46187962:A:G	0.940235	0.8840418552250001
17:46062125:A:C	17:46188336:A:T	0.940235	0.8840418552250001
17:46062125:A:C	17:46188473:C:T	0.592086	0.350565831396
17:46062125:A:C	17:46188656:A:G	0.940235	0.8840418552250001
17:46062125:A:C	17:46188861:T:C	0.938092	0.8800166004640001
17:46062125:A:C	17:46188924:G:C	0.940235	0.8840418552250001
17:46062125:A:C	17:46188976:T:C	0.940235	0.8840418552250001
17:46062125:A:C	17:46189165:G:A	0.940235	0.8840418552250001
17:46062125:A:C	17:46189606:A:G	0.940235	0.8840418552250001
17:46062125:A:C	17:46189616:T:C	-0.434971	0.189199770841
17:46062125:A:C	17:46189798:C:T	0.940235	0.8840418552250001
17:46062125:A:C	17:46189804:G:T	0.940235	0.8840418552250001
17:46062125:A:C	17:46189861:A:G	0.940235	0.8840418552250001
17:46062125:A:C	17:46190251:A:G	0.940235	0.8840418552250001
17:46062125:A:C	17:46190497:G:A	0.940235	0.8840418552250001
17:46062125:A:C	17:46190538:T:C	0.940235	0.8840418552250001
17:46062125:A:C	17:46191122:C:T	0.940235	0.8840418552250001
17:46062125:A:C	17:46192180:C:T	0.940235	0.8840418552250001
17:46062125:A:C	17:46192598:T:A	0.940235	0.8840418552250001
17:46062125:A:C	17:46192693:A:T	0.940235	0.8840418552250001
17:46062125:A:C	17:46192815:G:A	-0.384462	0.147811029444
17:46062125:A:C	17:46192927:G:T	0.940235	0.8840418552250001
17:46062125:A:C	17:46193293:G:A	-0.38523	0.1484021529
17:46062125:A:C	17:46193443:A:G	0.940235	0.8840418552250001
17:46062125:A:C	17:46193786:G:A	0.940235	0.8840418552250001
17:46062125:A:C	17:46194064:A:G	0.940235	0.8840418552250001
17:46062125:A:C	17:46194634:G:A	0.940235	0.8840418552250001
17:46062125:A:C	17:46194900:A:G	0.940235	0.8840418552250001
17:46062125:A:C	17:46195186:C:T	0.940235	0.8840418552250001
17:46062125:A:C	17:46195313:G:C	0.940235	0.8840418552250001
17:46062125:A:C	17:46195562:C:A	0.940235	0.8840418552250001
17:46062125:A:C	17:46195852:C:T	0.940235	0.8840418552250001
17:46062125:A:C	17:46195898:G:A	0.940235	0.8840418552250001
17:46062125:A:C	17:46196082:C:A	0.940235	0.8840418552250001
17:46062125:A:C	17:46197108:C:T	-0.434971	0.189199770841
17:46062125:A:C	17:46197194:T:C	0.940235	0.8840418552250001
17:46062125:A:C	17:46197400:T:C	0.940235	0.8840418552250001
17:46062125:A:C	17:46197619:C:A	0.940235	0.8840418552250001
17:46062125:A:C	17:46197669:T:G	0.940235	0.8840418552250001
17:46062125:A:C	17:46198253:A:G	0.940235	0.8840418552250001
17:46062125:A:C	17:46198647:G:A	0.940235	0.8840418552250001
17:46062125:A:C	17:46198964:T:C	0.940235	0.8840418552250001
17:46062125:A:C	17:46199212:T:C	0.940235	0.8840418552250001
17:46062125:A:C	17:46199252:A:G	0.940235	0.8840418552250001
17:46062125:A:C	17:46199455:G:A	0.940235	0.8840418552250001
17:46062125:A:C	17:46199899:A:C	0.940235	0.8840418552250001
17:46062125:A:C	17:46200325:T:C	0.940235	0.8840418552250001
17:46062125:A:C	17:46200452:A:G	0.940235	0.8840418552250001
17:46062125:A:C	17:46200501:G:A	0.940235	0.8840418552250001
17:46062125:A:C	17:46200557:G:A	0.938092	0.8800166004640001
17:46062125:A:C	17:46201143:C:G	0.338106	0.11431566723600001
17:46062125:A:C	17:46201376:A:G	0.940235	0.8840418552250001
17:46062125:A:C	17:46201735:A:G	0.940235	0.8840418552250001
17:46062125:A:C	17:46201886:A:G	0.940235	0.8840418552250001
17:46062125:A:C	17:46202394:G:A	0.940235	0.8840418552250001
17:46062125:A:C	17:46202822:T:A	0.940235	0.8840418552250001
17:46062125:A:C	17:46203157:A:G	0.940235	0.8840418552250001
17:46062125:A:C	17:46203536:G:C	0.940235	0.8840418552250001
17:46062125:A:C	17:46204015:A:G	0.940235	0.8840418552250001
17:46062125:A:C	17:46204086:A:G	0.940235	0.8840418552250001
17:46062125:A:C	17:46204178:C:T	0.332227	0.110374779529
17:46062125:A:C	17:46204222:T:C	0.940235	0.8840418552250001
17:46062125:A:C	17:46204356:T:C	0.940235	0.8840418552250001
17:46062125:A:C	17:46204641:T:C	0.940235	0.8840418552250001
17:46062125:A:C	17:46205463:C:T	0.654737	0.428680539169
17:46062125:A:C	17:46205526:T:C	0.940235	0.8840418552250001
17:46062125:A:C	17:46205656:A:G	0.940235	0.8840418552250001
17:46062125:A:C	17:46205773:C:A	0.940235	0.8840418552250001
17:46062125:A:C	17:46206113:T:C	0.940235	0.8840418552250001
17:46062125:A:C	17:46206395:A:T	0.940235	0.8840418552250001
17:46062125:A:C	17:46206691:C:T	0.942389	0.888097027321
17:46062125:A:C	17:46207054:C:T	0.940235	0.8840418552250001
17:46062125:A:C	17:46207176:G:A	0.940235	0.8840418552250001
17:46062125:A:C	17:46207234:G:A	-0.38749	0.1501485001
17:46062125:A:C	17:46207275:T:G	0.940235	0.8840418552250001
17:46062125:A:C	17:46207368:G:C	0.940235	0.8840418552250001
17:46062125:A:C	17:46207776:G:C	0.940235	0.8840418552250001
17:46062125:A:C	17:46208101:A:G	0.940235	0.8840418552250001
17:46062125:A:C	17:46208165:G:A	0.938092	0.8800166004640001
17:46062125:A:C	17:46208478:C:T	-0.434971	0.189199770841
17:46062125:A:C	17:46208586:T:C	0.940235	0.8840418552250001
17:46062125:A:C	17:46208723:G:A	0.940235	0.8840418552250001
17:46062125:A:C	17:46208762:A:G	0.940235	0.8840418552250001
17:46062125:A:C	17:46208832:G:A	0.938092	0.8800166004640001
17:46062125:A:C	17:46208969:G:A	0.54245	0.2942520025
17:46062125:A:C	17:46208974:C:T	0.54245	0.2942520025
17:46062125:A:C	17:46208980:G:A	0.526354	0.277048533316
17:46062125:A:C	17:46208987:A:G	0.523639	0.27419780232099994
17:46062125:A:C	17:46209018:C:A	-0.38523	0.1484021529
17:46062125:A:C	17:46209944:A:G	0.940235	0.8840418552250001
17:46062125:A:C	17:46210790:T:C	0.940235	0.8840418552250001
17:46062125:A:C	17:46211213:T:C	0.93808	0.8799940864000001
17:46062125:A:C	17:46211274:A:G	0.940235	0.8840418552250001
17:46062125:A:C	17:46211306:G:A	0.940235	0.8840418552250001
17:46062125:A:C	17:46211735:A:G	0.940235	0.8840418552250001
17:46062125:A:C	17:46211784:A:C	0.940235	0.8840418552250001
17:46062125:A:C	17:46211854:C:T	0.940235	0.8840418552250001
17:46062125:A:C	17:46211866:G:T	0.940235	0.8840418552250001
17:46062125:A:C	17:46211925:A:C	0.938092	0.8800166004640001
17:46062125:A:C	17:46212262:A:C	0.940235	0.8840418552250001
17:46062125:A:C	17:46212466:A:G	0.592086	0.350565831396
17:46062125:A:C	17:46212681:G:A	0.940235	0.8840418552250001
17:46062125:A:C	17:46213393:T:C	0.940235	0.8840418552250001
17:46062125:A:C	17:46213544:A:G	0.938092	0.8800166004640001
17:46062125:A:C	17:46213999:C:T	0.940235	0.8840418552250001
17:46062125:A:C	17:46214015:A:G	0.940235	0.8840418552250001
17:46062125:A:C	17:46214113:G:A	0.940235	0.8840418552250001
17:46062125:A:C	17:46214454:A:G	0.940235	0.8840418552250001
17:46062125:A:C	17:46214614:G:A	-0.43659	0.1906108281
17:46062125:A:C	17:46214760:T:C	0.940235	0.8840418552250001
17:46062125:A:C	17:46214953:T:C	0.940235	0.8840418552250001
17:46062125:A:C	17:46215654:G:A	0.940235	0.8840418552250001
17:46062125:A:C	17:46215839:A:G	0.927518	0.8602896403239999
17:46062125:A:C	17:46216597:T:A	0.93377	0.8719264129
17:46062125:A:C	17:46217420:A:G	0.938092	0.8800166004640001
17:46062125:A:C	17:46217617:C:A	0.940235	0.8840418552250001
17:46062125:A:C	17:46217791:A:G	0.940235	0.8840418552250001
17:46062125:A:C	17:46218816:C:T	0.935933	0.875970580489
17:46062125:A:C	17:46218864:T:A	0.935933	0.875970580489
17:46062125:A:C	17:46218885:T:C	0.935933	0.875970580489
17:46062125:A:C	17:46219156:T:C	0.935933	0.875970580489
17:46062125:A:C	17:46219157:G:A	0.935933	0.875970580489
17:46062125:A:C	17:46219479:A:C	0.933796	0.871974969616
17:46062125:A:C	17:46219480:G:A	0.933796	0.871974969616
17:46062125:A:C	17:46219782:G:A	0.933796	0.871974969616
17:46062125:A:C	17:46219870:G:A	0.56753	0.32209030089999996
17:46062125:A:C	17:46220736:G:A	0.935933	0.875970580489
17:46062125:A:C	17:46220812:A:G	0.935933	0.875970580489
17:46062125:A:C	17:46220843:T:C	0.935933	0.875970580489
17:46062125:A:C	17:46220913:C:T	0.935959	0.876019249681
17:46062125:A:C	17:46224180:T:C	0.935933	0.875970580489
17:46062125:A:C	17:46225000:G:C	0.935933	0.875970580489
17:46062125:A:C	17:46225515:C:T	0.935933	0.875970580489
17:46062125:A:C	17:46226159:G:A	0.935933	0.875970580489
17:46062125:A:C	17:46226198:C:T	0.935933	0.875970580489
17:46062125:A:C	17:46226302:G:T	0.935933	0.875970580489
17:46062125:A:C	17:46226809:C:A	0.912507	0.8326690250489999
17:46062125:A:C	17:46226837:T:C	0.935933	0.875970580489
17:46062125:A:C	17:46226932:T:A	0.935933	0.875970580489
17:46062125:A:C	17:46227163:A:C	0.676759	0.458002744081
17:46062125:A:C	17:46227374:A:T	0.931668	0.8680052622240001
17:46062125:A:C	17:46227518:C:T	0.921163	0.8485412725689999
17:46062125:A:C	17:46227544:G:C	0.931668	0.8680052622240001
17:46062125:A:C	17:46227660:G:A	0.931668	0.8680052622240001
17:46062125:A:C	17:46227833:T:C	0.931668	0.8680052622240001
17:46062125:A:C	17:46227886:G:A	0.931668	0.8680052622240001
17:46062125:A:C	17:46228451:T:C	0.918644	0.843906798736
17:46062125:A:C	17:46229827:C:T	0.910058	0.8282055633640001
17:46062125:A:C	17:46229888:A:G	0.9035	0.81631225
17:46062125:A:C	17:46230687:A:G	0.905644	0.820191054736
17:46062125:A:C	17:46231038:T:C	-0.365491	0.133583671081
17:46062125:A:C	17:46231113:C:T	0.85079	0.7238436241
17:46062125:A:C	17:46231181:C:A	0.894744	0.800566825536
17:46062125:A:C	17:46231564:G:A	0.354834	0.12590716755599998
17:46062125:A:C	17:46232277:T:A	0.474577	0.22522332892900002
17:46062125:A:C	17:46232490:G:A	0.912402	0.8324774096040001
17:46062125:A:C	17:46232735:A:G	0.914502	0.8363139080040001
17:46062125:A:C	17:46232798:T:C	0.912189	0.832088771721
17:46062125:A:C	17:46232868:T:C	0.914502	0.8363139080040001
17:46062125:A:C	17:46233673:T:C	0.756662	0.572537382244
17:46062125:A:C	17:46234912:A:G	-0.428375	0.183505140625
17:46062125:A:C	17:46236156:G:T	0.914502	0.8363139080040001
17:46062125:A:C	17:46236391:G:A	0.914502	0.8363139080040001
17:46062125:A:C	17:46236584:C:A	0.914502	0.8363139080040001
17:46062125:A:C	17:46236700:A:G	0.914502	0.8363139080040001
17:46062125:A:C	17:46236813:G:A	0.914502	0.8363139080040001
17:46062125:A:C	17:46236851:A:G	0.914502	0.8363139080040001
17:46062125:A:C	17:46236895:C:T	0.912402	0.8324774096040001
17:46062125:A:C	17:46236976:T:C	0.918728	0.844061137984
17:46062125:A:C	17:46238437:A:C	0.899425	0.8089653306250001
17:46062125:A:C	17:46238710:G:T	0.901627	0.8129312471289999
17:46062125:A:C	17:46238853:C:T	-0.377645	0.14261574602500002
17:46062125:A:C	17:46238914:T:C	0.901627	0.8129312471289999
17:46062125:A:C	17:46239023:G:A	0.901627	0.8129312471289999
17:46062125:A:C	17:46239083:A:C	0.901627	0.8129312471289999
17:46062125:A:C	17:46239522:A:G	0.901627	0.8129312471289999
17:46062125:A:C	17:46239737:T:C	0.901627	0.8129312471289999
17:46062125:A:C	17:46239844:C:A	0.901627	0.8129312471289999
17:46062125:A:C	17:46240818:A:G	0.901627	0.8129312471289999
17:46062125:A:C	17:46240911:G:C	0.543509	0.29540203308100005
17:46062125:A:C	17:46241209:T:G	0.901627	0.8129312471289999
17:46062125:A:C	17:46241297:G:A	0.901627	0.8129312471289999
17:46062125:A:C	17:46241497:T:C	0.883178	0.780003379684
17:46062125:A:C	17:46241681:A:G	-0.423861	0.179658147321
17:46062125:A:C	17:46241801:G:A	0.901627	0.8129312471289999
17:46062125:A:C	17:46242290:T:C	0.872803	0.761785076809
17:46062125:A:C	17:46242369:C:G	-0.377645	0.14261574602500002
17:46062125:A:C	17:46244161:C:T	0.897124	0.8048314713760001
17:46062125:A:C	17:46245556:A:G	0.897336	0.805211896896
17:46062125:A:C	17:46245594:A:G	0.89052	0.7930258703999999
17:46062125:A:C	17:46245680:T:C	-0.360789	0.13016870252100002
17:46062125:A:C	17:46245694:C:T	0.443035	0.19628001122500002
17:46062125:A:C	17:46246059:C:T	0.878701	0.7721154474009999
17:46062125:A:C	17:46246819:A:G	0.886845	0.786494054025
17:46062125:A:C	17:46246891:G:T	0.888902	0.790146765604
17:46062125:A:C	17:46247173:T:C	0.878701	0.7721154474009999
17:46062125:A:C	17:46247206:A:G	0.886845	0.786494054025
17:46062125:A:C	17:46248269:C:G	0.79548	0.6327884304
17:46062125:A:C	17:46248739:G:C	0.888902	0.790146765604
17:46062125:A:C	17:46249253:A:G	0.888902	0.790146765604
17:46062125:A:C	17:46249479:A:G	0.888902	0.790146765604
17:46062125:A:C	17:46249498:A:G	0.888902	0.790146765604
17:46062125:A:C	17:46249704:G:A	0.886845	0.786494054025
17:46062125:A:C	17:46250072:C:G	0.886845	0.786494054025
17:46062125:A:C	17:46250116:G:A	0.888902	0.790146765604
17:46062125:A:C	17:46250346:C:T	0.886845	0.786494054025
17:46062125:A:C	17:46251820:A:G	0.888502	0.789435804004
17:46062125:A:C	17:46252270:T:C	0.895128	0.8012541363840001
17:46062125:A:C	17:46252739:A:G	0.893044	0.7975275859359999
17:46062125:A:C	17:46252740:T:C	0.893044	0.7975275859359999
17:46062125:A:C	17:46252899:G:A	0.332794	0.11075184643599999
17:46062125:A:C	17:46252907:C:T	0.459731	0.211352592361
17:46062125:A:C	17:46253155:A:G	0.828448	0.6863260887039999
17:46062125:A:C	17:46253848:T:C	0.868662	0.7545736702440001
17:46062125:A:C	17:46253931:G:T	0.893044	0.7975275859359999
17:46062125:A:C	17:46254727:G:A	-0.393701	0.155000477401
17:46062125:A:C	17:46254985:A:G	0.884796	0.782863961616
17:46062125:A:C	17:46255063:C:T	0.888902	0.790146765604
17:46062125:A:C	17:46255440:A:C	0.366163	0.134075342569
17:46062125:A:C	17:46255604:A:G	0.888753	0.7898818950090001
17:46062125:A:C	17:46255755:G:A	0.888753	0.7898818950090001
17:46062125:A:C	17:46255927:A:G	0.888753	0.7898818950090001
17:46062125:A:C	17:46255965:A:G	0.888753	0.7898818950090001
17:46062125:A:C	17:46256046:G:A	0.884318	0.782018325124
17:46062125:A:C	17:46256057:G:T	0.888753	0.7898818950090001
17:46062125:A:C	17:46256133:G:T	0.888753	0.7898818950090001
17:46062125:A:C	17:46256166:C:G	0.888753	0.7898818950090001
17:46062125:A:C	17:46256202:T:C	0.884318	0.782018325124
17:46062125:A:C	17:46256523:T:C	0.888753	0.7898818950090001
17:46062125:A:C	17:46256524:G:A	0.888753	0.7898818950090001
17:46062125:A:C	17:46256686:G:A	0.888753	0.7898818950090001
17:46062125:A:C	17:46256922:C:G	0.884621	0.782554313641
17:46062125:A:C	17:46257053:C:T	0.888753	0.7898818950090001
17:46062125:A:C	17:46257402:A:G	0.888753	0.7898818950090001
17:46062125:A:C	17:46257504:A:T	0.862087	0.7431939955690001
17:46062125:A:C	17:46257908:G:A	0.841987	0.708942108169
17:46062125:A:C	17:46258219:C:T	0.351152	0.12330772710400001
17:46062125:A:C	17:46258269:G:A	0.864476	0.747318754576
17:46062125:A:C	17:46258386:T:C	0.888753	0.7898818950090001
17:46062125:A:C	17:46258440:A:C	0.868767	0.754756100289
17:46062125:A:C	17:46258452:A:G	0.888753	0.7898818950090001
17:46062125:A:C	17:46258749:T:C	0.607227	0.3687246295289999
17:46062125:A:C	17:46258775:T:C	0.614306	0.377371861636
17:46062125:A:C	17:46258871:C:T	0.888902	0.790146765604
17:46062125:A:C	17:46259228:G:A	0.888902	0.790146765604
17:46062125:A:C	17:46259285:T:C	0.662613	0.439055987769
17:46062125:A:C	17:46259631:C:G	0.555645	0.30874136602499996
17:46062125:A:C	17:46259681:G:A	0.65979	0.4353228441
17:46062125:A:C	17:46259925:C:T	0.47334	0.22405075559999998
17:46062125:A:C	17:46260063:G:C	0.868711	0.7546588015210001
17:46062125:A:C	17:46260913:G:C	0.882568	0.778926274624
17:46062125:A:C	17:46261137:C:A	0.884621	0.782554313641
17:46062125:A:C	17:46261168:C:T	0.884621	0.782554313641
17:46062125:A:C	17:46261170:T:C	0.884621	0.782554313641
17:46062125:A:C	17:46261228:G:A	0.884621	0.782554313641
17:46062125:A:C	17:46261328:G:A	0.884621	0.782554313641
17:46062125:A:C	17:46261369:C:T	0.884621	0.782554313641
17:46062125:A:C	17:46261600:A:C	0.884621	0.782554313641
17:46062125:A:C	17:46261601:T:C	0.884621	0.782554313641
17:46062125:A:C	17:46261637:G:T	0.884621	0.782554313641
17:46062125:A:C	17:46262042:C:T	0.884621	0.782554313641
17:46062125:A:C	17:46262107:A:G	0.884621	0.782554313641
17:46062125:A:C	17:46262785:T:C	0.884621	0.782554313641
17:46062125:A:C	17:46262887:A:G	0.884621	0.782554313641
17:46062125:A:C	17:46262962:A:C	0.884621	0.782554313641
17:46062125:A:C	17:46263140:C:G	0.884621	0.782554313641
17:46062125:A:C	17:46263159:A:C	0.884621	0.782554313641
17:46062125:A:C	17:46263576:T:C	0.882756	0.779258155536
17:46062125:A:C	17:46264757:G:C	0.663908	0.4407738324640001
17:46062125:A:C	17:46264961:T:G	0.884796	0.782863961616
17:46062125:A:C	17:46265012:G:A	-0.405519	0.164445659361
17:46062125:A:C	17:46265628:C:T	0.876057	0.767475867249
17:46062125:A:C	17:46265759:C:T	0.876057	0.767475867249
17:46062125:A:C	17:46265916:G:A	0.876057	0.767475867249
17:46062125:A:C	17:46265925:C:G	0.876057	0.767475867249
17:46062125:A:C	17:46265938:T:A	0.876057	0.767475867249
17:46062125:A:C	17:46266004:C:G	0.656203	0.43060237720899996
17:46062125:A:C	17:46266005:G:A	0.876057	0.767475867249
17:46062125:A:C	17:46266353:C:T	0.876057	0.767475867249
17:46062125:A:C	17:46266536:G:A	-0.330738	0.10938762464399998
17:46062125:A:C	17:46266564:A:G	0.876057	0.767475867249
17:46062125:A:C	17:46266731:G:C	0.876057	0.767475867249
17:46062125:A:C	17:46266812:T:G	0.876057	0.767475867249
17:46062125:A:C	17:46266934:G:T	0.876057	0.767475867249
17:46062125:A:C	17:46267010:G:A	0.877793	0.7705205508490001
17:46062125:A:C	17:46267043:A:C	0.877793	0.7705205508490001
17:46062125:A:C	17:46267090:T:C	0.877793	0.7705205508490001
17:46062125:A:C	17:46267444:T:G	0.877793	0.7705205508490001
17:46062125:A:C	17:46267622:C:G	0.882099	0.778098645801
17:46062125:A:C	17:46268062:A:G	-0.338142	0.114340012164
17:46062125:A:C	17:46268287:A:G	0.882099	0.778098645801
17:46062125:A:C	17:46269308:T:C	0.882099	0.778098645801
17:46062125:A:C	17:46269585:T:A	0.666692	0.44447822286399996
17:46062125:A:C	17:46269852:C:A	0.882099	0.778098645801
17:46062125:A:C	17:46270272:C:T	0.882099	0.778098645801
17:46062125:A:C	17:46270855:A:G	0.877659	0.7702853202809999
17:46062125:A:C	17:46270899:G:C	0.882099	0.778098645801
17:46062125:A:C	17:46271004:A:G	0.882099	0.778098645801
17:46062125:A:C	17:46271227:A:G	0.882239	0.778345653121
17:46062125:A:C	17:46271566:T:G	0.882099	0.778098645801
17:46062125:A:C	17:46272501:G:A	0.882099	0.778098645801
17:46062125:A:C	17:46272724:G:A	0.882099	0.778098645801
17:46062125:A:C	17:46273553:A:C	0.882099	0.778098645801
17:46062125:A:C	17:46273919:A:G	0.882099	0.778098645801
17:46062125:A:C	17:46274021:C:T	0.882099	0.778098645801
17:46062125:A:C	17:46274167:A:G	0.882099	0.778098645801
17:46062125:A:C	17:46274320:C:T	0.882099	0.778098645801
17:46062125:A:C	17:46274563:T:G	0.882099	0.778098645801
17:46062125:A:C	17:46274765:G:T	0.882099	0.778098645801
17:46062125:A:C	17:46274995:C:T	0.882099	0.778098645801
17:46062125:A:C	17:46275255:A:G	0.886405	0.785713824025
17:46062125:A:C	17:46275273:G:A	0.886405	0.785713824025
17:46062125:A:C	17:46275506:A:G	0.886405	0.785713824025
17:46062125:A:C	17:46276048:A:G	0.886405	0.785713824025
17:46062125:A:C	17:46276327:T:C	0.884318	0.782018325124
17:46062125:A:C	17:46276362:T:G	0.886405	0.785713824025
17:46062125:A:C	17:46276519:G:A	0.886405	0.785713824025
17:46062125:A:C	17:46276737:A:G	0.886405	0.785713824025
17:46062125:A:C	17:46276865:A:G	0.886405	0.785713824025
17:46062125:A:C	17:46277183:C:G	0.886405	0.785713824025
17:46062125:A:C	17:46277747:A:T	0.486712	0.23688857094399998
17:46062125:A:C	17:46277796:A:G	0.886405	0.785713824025
17:46062125:A:C	17:46277937:T:C	0.886405	0.785713824025
17:46062125:A:C	17:46277977:T:C	0.886405	0.785713824025
17:46062125:A:C	17:46278236:A:G	0.875323	0.766190354329
17:46062125:A:C	17:46278268:C:A	0.590539	0.34873631052100007
17:46062125:A:C	17:46278348:A:C	0.613252	0.376078015504
17:46062125:A:C	17:46278360:T:A	0.873486	0.7629777921959999
17:46062125:A:C	17:46278412:G:T	-0.328125	0.107666015625
17:46062125:A:C	17:46278692:G:A	-0.380602	0.144857882404
17:46062125:A:C	17:46279427:A:G	0.871414	0.759362359396
17:46062125:A:C	17:46279524:T:C	0.873486	0.7629777921959999
17:46062125:A:C	17:46279583:T:C	0.873486	0.7629777921959999
17:46062125:A:C	17:46279931:G:T	0.873486	0.7629777921959999
17:46062125:A:C	17:46279985:T:C	0.873486	0.7629777921959999
17:46062125:A:C	17:46280087:G:T	0.873486	0.7629777921959999
17:46062125:A:C	17:46280411:C:T	0.86935	0.7557694224999999
17:46062125:A:C	17:46280741:G:T	0.86918	0.7554738724
17:46062125:A:C	17:46280743:A:T	0.86918	0.7554738724
17:46062125:A:C	17:46281196:C:T	0.86918	0.7554738724
17:46062125:A:C	17:46281355:C:T	0.853515	0.728487855225
17:46062125:A:C	17:46282133:C:T	0.877793	0.7705205508490001
17:46062125:A:C	17:46282413:G:T	0.436583	0.190604715889
17:46062125:A:C	17:46282447:C:T	0.612576	0.375249355776
17:46062125:A:C	17:46282555:T:C	0.571944	0.327119939136
17:46062125:A:C	17:46282677:T:G	0.550341	0.30287521628099995
17:46062125:A:C	17:46282936:C:T	0.853165	0.7278905172249999
17:46062125:A:C	17:46282948:A:G	0.855242	0.7314388785639999
17:46062125:A:C	17:46282965:C:A	0.85969	0.7390668960999999
17:46062125:A:C	17:46282983:A:G	0.859858	0.739355780164
17:46062125:A:C	17:46283645:G:A	0.598367	0.358043066689
17:46062125:A:C	17:46283709:C:G	0.873486	0.7629777921959999
17:46062125:A:C	17:46283971:G:T	0.873486	0.7629777921959999
17:46062125:A:C	17:46284989:A:G	0.86471	0.7477233840999999
17:46062125:A:C	17:46285186:C:T	0.86918	0.7554738724
17:46062125:A:C	17:46285770:G:C	-0.367932	0.13537395662399998
17:46062125:A:C	17:46285910:G:A	0.596649	0.355990029201
17:46062125:A:C	17:46286374:C:A	-0.316457	0.10014503284899999
17:46062125:A:C	17:46286563:C:T	0.864874	0.748007035876
17:46062125:A:C	17:46287153:C:G	0.864874	0.748007035876
17:46062125:A:C	17:46287283:C:T	0.864874	0.748007035876
17:46062125:A:C	17:46287333:C:T	0.864874	0.748007035876
17:46062125:A:C	17:46287463:A:C	0.864874	0.748007035876
17:46062125:A:C	17:46287634:C:G	0.864874	0.748007035876
17:46062125:A:C	17:46287684:G:A	0.864874	0.748007035876
17:46062125:A:C	17:46288003:T:C	0.864874	0.748007035876
17:46062125:A:C	17:46288008:C:T	0.864874	0.748007035876
17:46062125:A:C	17:46288073:G:A	0.398209	0.15857040768099998
17:46062125:A:C	17:46288124:C:T	-0.414039	0.171428293521
17:46062125:A:C	17:46288614:A:T	0.860568	0.740577282624
17:46062125:A:C	17:46288919:A:G	0.548501	0.300853347001
17:46062125:A:C	17:46288949:T:C	0.860568	0.740577282624
17:46062125:A:C	17:46289006:A:G	0.60849	0.37026008009999994
17:46062125:A:C	17:46289044:T:C	0.860568	0.740577282624
17:46062125:A:C	17:46289299:C:T	0.864874	0.748007035876
17:46062125:A:C	17:46289311:A:G	0.602681	0.363224387761
17:46062125:A:C	17:46289829:G:A	0.484731	0.23496414236100002
17:46062125:A:C	17:46289849:C:G	0.435881	0.18999224616100002
17:46062125:A:C	17:46289886:G:A	0.499467	0.24946728408899999
17:46062125:A:C	17:46289922:G:C	0.864874	0.748007035876
17:46062125:A:C	17:46290035:T:C	0.568297	0.32296148020900006
17:46062125:A:C	17:46290087:G:C	0.86918	0.7554738724
17:46062125:A:C	17:46290097:T:C	0.355291	0.126231694681
17:46062125:A:C	17:46290573:G:A	0.866794	0.7513318384359999
17:46062125:A:C	17:46290635:C:T	0.576109	0.331901579881
17:46062125:A:C	17:46290689:G:C	0.86918	0.7554738724
17:46062125:A:C	17:46291038:C:T	0.86918	0.7554738724
17:46062125:A:C	17:46291065:C:T	0.853665	0.728743932225
17:46062125:A:C	17:46291560:C:A	0.795469	0.6327709299609999
17:46062125:A:C	17:46291848:A:C	0.866945	0.7515936330249999
17:46062125:A:C	17:46291954:C:T	0.864874	0.748007035876
17:46062125:A:C	17:46298584:C:T	0.430335	0.185188212225
17:46062125:A:C	17:46344555:G:A	-0.426177	0.18162683532899998
17:46062125:A:C	17:46395750:G:A	0.805755	0.649241120025
17:46062125:A:C	17:46399911:C:T	0.812645	0.6603918960249999
17:46062125:A:C	17:46416973:C:T	0.802393	0.6438345264490001
17:46062125:A:C	17:46428766:A:G	0.779933	0.608295484489
17:46062125:A:C	17:46437422:C:T	0.809859	0.655871599881
17:46062125:A:C	17:46491682:A:T	0.374275	0.14008177562500002
17:46062125:A:C	17:46491687:T:C	0.374275	0.14008177562500002
17:46062125:A:C	17:46491871:T:C	0.41699	0.17388066010000003
17:46062125:A:C	17:46492265:C:T	0.373231	0.13930137936099998
17:46062125:A:C	17:46493238:G:T	0.434324	0.188637336976
17:46062125:A:C	17:46493256:C:G	0.44358	0.19676321639999997
17:46062125:A:C	17:46494702:A:G	0.416075	0.17311840562499997
17:46062125:A:C	17:46494707:G:A	0.41699	0.17388066010000003
17:46062125:A:C	17:46495403:G:A	0.401356	0.161086638736
17:46062125:A:C	17:46496508:C:G	0.402357	0.161891155449
17:46062125:A:C	17:46522580:G:A	0.497332	0.247339118224
17:46062125:A:C	17:46532132:C:G	0.412491	0.170148825081
17:46062125:A:C	17:46534342:C:T	0.52066	0.2710868356
17:46062125:A:C	17:46534412:C:T	-0.384671	0.147971778241
17:46062125:A:C	17:46534416:T:C	0.768591	0.590732125281
17:46062125:A:C	17:46534973:C:T	0.414348	0.171684265104
17:46062125:A:C	17:46536874:C:G	0.410555	0.168555408025
17:46062125:A:C	17:46537119:G:T	0.371492	0.138006306064
17:46062125:A:C	17:46539546:T:A	-0.406078	0.164899342084
17:46062125:A:C	17:46541752:G:A	0.402362	0.161895179044
17:46062125:A:C	17:46541833:A:C	0.386236	0.14917824769600002
17:46062125:A:C	17:46548500:A:C	0.783055	0.6131751330249999
17:46062125:A:C	17:46549661:G:A	0.543609	0.295510744881
17:46062125:A:C	17:46551118:G:T	0.40468	0.1637659024
17:46062125:A:C	17:46551498:T:C	0.406949	0.165607488601
17:46062125:A:C	17:46552563:A:G	0.462626	0.21402281587599997
