arm,locus,celltype,gene_name,rank0_x,rank1_x,score_fitted_top1,rank0_y,rank1_y,score_empirical_mode,rank0,rank1,score_ld_sign,score_single_lead,is_egene,truth,rank_fitted_top1,called_fitted_top1,rank_empirical_mode,called_empirical_mode,rank_ld_sign,called_ld_sign,rank_single_lead,called_single_lead
armA,10_59978394_G_T,Ast,ANK3,1,1,3.8521366658508804e-05,1,1,3.8521366658508804e-05,1,1,3.8521366658508804e-05,2.2834772653926305e-05,False,False,218.0,False,218.0,False,218.0,False,230.0,False
armA,10_59978394_G_T,Ast,CCDC6,1,1,0.0012185706950265107,1,1,0.0012185706950265107,1,1,0.0012185706950265107,0.00033735247267213664,True,True,22.0,True,22.0,True,22.0,True,86.0,False
armA,10_59978394_G_T,Ast,SLC16A9,1,1,1.4168526266608583e-05,1,1,1.4168526266608583e-05,1,1,1.4168526266608583e-05,4.7606510532843815e-05,True,True,243.0,False,243.0,False,243.0,False,213.0,False
armA,10_59978394_G_T,Exc,ANK3,1,1,0.0002820880531391734,1,1,0.0002820880531391734,1,1,0.0002820880531391734,0.00022643235697267228,False,False,75.0,True,75.0,True,75.0,True,68.0,True
armA,10_59978394_G_T,Exc,CCDC6,1,1,0.00030092299335438,1,1,0.00030092299335438,1,1,0.00030092299335438,0.00010967371438730389,True,True,65.0,True,65.0,True,65.0,True,128.0,True
armA,10_59978394_G_T,Mic,ANK3,1,1,9.901487329687722e-05,1,1,9.901487329687722e-05,1,1,9.901487329687722e-05,6.857688793059785e-06,True,True,126.0,False,126.0,False,126.0,False,165.0,False
armA,10_59978394_G_T,Mic,CCDC6,1,1,0.010956100766822685,1,1,0.010956100766822685,1,1,0.010956100766822685,3.375388973919646e-05,True,True,8.0,True,8.0,True,8.0,True,147.0,False
armA,11_60254475_G_A,Ast,MRPL16,1,1,0.0006826094074348088,1,1,0.0006826094074348088,1,1,0.0006826094074348088,0.00012215989682184958,False,False,51.0,True,51.0,True,51.0,True,161.0,False
armA,11_60254475_G_A,Ast,STX3,1,1,0.0001413849065162731,1,1,0.0001413849065162731,1,1,0.0001413849065162731,2.948274290895392e-05,True,True,160.0,False,160.0,False,160.0,False,223.0,False
armA,11_60254475_G_A,Exc,MRPL16,1,1,0.00043228932447164636,1,1,0.00043228932447164636,1,1,0.00043228932447164636,2.5591065828667325e-05,False,False,37.0,True,37.0,True,37.0,True,223.0,False
armA,11_60254475_G_A,Exc,STX3,1,1,1.2724603221131447e-05,1,1,1.2724603221131447e-05,1,1,1.2724603221131447e-05,1.8695320938455495e-05,False,False,249.0,False,249.0,False,249.0,False,236.0,False
armA,11_60254475_G_A,Mic,MS4A14,1,1,2.3211799285549617e-05,1,1,2.3211799285549617e-05,1,1,2.3211799285549617e-05,0.001237826355310112,True,True,160.0,False,160.0,False,160.0,False,19.0,True
armA,11_60254475_G_A,Mic,MS4A4A,1,1,0.0006917356761881877,1,1,0.0006917356761881877,1,1,0.0006917356761881877,0.0019767331168649704,True,True,59.0,False,59.0,False,59.0,False,12.0,True
armA,11_60254475_G_A,Mic,MS4A4E,1,1,0.00589015404613033,1,1,0.00589015404613033,1,1,0.00589015404613033,0.0006517939413356599,False,False,13.0,True,13.0,True,13.0,True,51.0,False
armA,11_60254475_G_A,Mic,MS4A6A,1,1,0.003024400700442964,1,1,0.003024400700442964,1,1,0.003024400700442964,0.0001792172895078714,True,True,17.0,True,17.0,True,17.0,True,107.0,False
armA,11_60254475_G_A,Mic,MS4A7,1,1,0.004548348450979622,1,1,0.004548348450979622,1,1,0.004548348450979622,0.0009206324732025095,True,True,15.0,True,15.0,True,15.0,True,34.0,True
armA,11_60254475_G_A,Mic,STX3,1,1,0.00039338570253422134,1,1,0.00039338570253422134,1,1,0.00039338570253422134,0.00023577453168005524,False,False,78.0,False,78.0,False,78.0,False,98.0,False
armA,11_86089237_G_A,Ast,CCDC81,1,1,2.3715059812051686e-05,1,1,2.3715059812051686e-05,1,1,2.3715059812051686e-05,1.3291751574870392e-05,False,False,230.0,False,230.0,False,230.0,False,242.0,False
armA,11_86089237_G_A,Ast,CREBZF,1,1,0.0006040962527644744,1,1,0.0006040962527644744,1,1,0.0006040962527644744,5.4874182418895856e-05,True,True,59.0,False,59.0,False,59.0,False,206.0,False
armA,11_86089237_G_A,Ast,EED,1,1,0.0001346305022878469,1,1,0.0001346305022878469,1,1,0.0001346305022878469,0.00010741338113798293,True,True,163.0,False,163.0,False,163.0,False,174.0,False
armA,11_86089237_G_A,Ast,HIKESHI,1,1,4.698710014139351e-05,1,1,4.698710014139351e-05,1,1,4.698710014139351e-05,0.0003846196989015782,False,False,213.0,False,213.0,False,213.0,False,74.0,False
armA,11_86089237_G_A,Ast,PICALM,1,1,0.0027500104868504183,1,1,0.0027500104868504183,1,1,0.0027500104868504183,1.7263938996481265e-05,False,False,7.0,True,7.0,True,7.0,True,233.0,False
armA,11_86089237_G_A,Ast,SYTL2,1,1,0.0001505352268525717,1,1,0.0001505352268525717,1,1,0.0001505352268525717,7.6799006700351e-05,True,True,155.0,False,155.0,False,155.0,False,193.0,False
armA,11_86089237_G_A,Ast,TMEM126A,1,1,0.0003840609694175101,1,1,0.0003840609694175101,1,1,0.0003840609694175101,0.0010289365555600782,False,False,89.0,False,89.0,False,89.0,False,22.0,True
armA,11_86089237_G_A,Ast,TMEM126B,1,1,0.0005955400504055186,1,1,0.0005955400504055186,1,1,0.0005955400504055186,0.000978973148954898,False,False,62.0,False,62.0,False,62.0,False,23.0,True
armA,11_86089237_G_A,Exc,CREBZF,1,1,0.0003281899422336032,1,1,0.0003281899422336032,1,1,0.0003281899422336032,0.0002177365803137099,True,True,56.0,True,56.0,True,56.0,True,73.0,True
armA,11_86089237_G_A,Exc,EED,1,1,2.2802640486374592e-06,1,1,2.2802640486374592e-06,1,1,2.2802640486374592e-06,3.751554802866597e-06,True,True,267.0,False,267.0,False,267.0,False,260.0,False
armA,11_86089237_G_A,Exc,HIKESHI,1,1,0.00032761598655270396,1,1,0.00032761598655270396,1,1,0.00032761598655270396,1.4291189265741577e-05,True,True,57.0,True,57.0,True,57.0,True,245.0,False
armA,11_86089237_G_A,Exc,PICALM,1,1,0.0002424377221758034,1,1,0.0002424377221758034,1,1,0.0002424377221758034,9.370820530474333e-05,True,True,88.0,True,88.0,True,88.0,True,142.0,False
armA,11_86089237_G_A,Exc,SYTL2,1,1,0.00010351071020596458,1,1,0.00010351071020596458,1,1,0.00010351071020596458,3.685789022880859e-05,True,True,155.0,False,155.0,False,155.0,False,205.0,False
armA,11_86089237_G_A,Exc,TMEM126A,1,1,4.7561367623488726e-05,1,1,4.7561367623488726e-05,1,1,4.7561367623488726e-05,0.00016038428012193906,False,False,204.0,False,204.0,False,204.0,False,103.0,True
armA,11_86089237_G_A,Exc,TMEM126B,1,1,0.0001595694672465453,1,1,0.0001595694672465453,1,1,0.0001595694672465453,6.168962824310009e-05,True,True,124.0,True,124.0,True,124.0,True,176.0,False
armA,11_86089237_G_A,Mic,CREBZF,1,1,0.00043418425446911657,1,1,0.00043418425446911657,1,1,0.00043418425446911657,6.348186105392672e-05,False,False,75.0,False,75.0,False,75.0,False,138.0,False
armA,11_86089237_G_A,Mic,EED,1,1,0.00031837986145533126,1,1,0.00031837986145533126,1,1,0.00031837986145533126,0.0005063112705600004,False,False,86.0,False,86.0,False,86.0,False,64.0,False
armA,11_86089237_G_A,Mic,HIKESHI,1,1,9.402545923709038e-05,1,1,9.402545923709038e-05,1,1,9.402545923709038e-05,0.0011112630645512267,False,False,129.0,False,129.0,False,129.0,False,23.0,True
armA,11_86089237_G_A,Mic,PICALM,1,1,0.0029764637566347396,1,1,0.0029764637566347396,1,1,0.0029764637566347396,0.0006680950546866793,True,True,18.0,True,18.0,True,18.0,True,49.0,False
armA,11_86089237_G_A,Mic,SYTL2,1,1,1.9911276164559163e-05,1,1,1.9911276164559163e-05,1,1,1.9911276164559163e-05,9.597722274348047e-06,False,False,161.0,False,161.0,False,161.0,False,159.0,False
armA,11_86089237_G_A,Mic,TMEM126B,1,1,6.255097581564506e-05,1,1,6.255097581564506e-05,1,1,6.255097581564506e-05,0.0007930741927983931,False,False,138.0,False,138.0,False,138.0,False,42.0,False
armA,14_52832135_A_G,Ast,DDHD1,1,1,9.409126351616476e-05,1,1,9.409126351616476e-05,1,1,9.409126351616476e-05,6.566102655238687e-05,True,True,180.0,False,180.0,False,180.0,False,198.0,False
armA,14_52832135_A_G,Ast,ERO1A,1,1,0.0001912912442183501,1,1,0.0001912912442183501,1,1,0.0001912912442183501,0.00026133963191832255,False,False,141.0,False,141.0,False,141.0,False,104.0,False
armA,14_52832135_A_G,Ast,FERMT2,1,1,0.0018000173554622023,1,1,0.0018000173554622023,1,1,0.0018000173554622023,0.0006810915910142601,False,False,12.0,True,12.0,True,12.0,True,37.0,True
armA,14_52832135_A_G,Ast,GNPNAT1,1,1,0.0008454676708193332,1,1,0.0008454676708193332,1,1,0.0008454676708193332,0.000310569963229812,False,False,35.0,True,35.0,True,35.0,True,91.0,False
armA,14_52832135_A_G,Ast,GPR137C,1,1,1.3989509161074255e-05,1,1,1.3989509161074255e-05,1,1,1.3989509161074255e-05,3.423405069745769e-06,True,True,245.0,False,245.0,False,245.0,False,271.0,False
armA,14_52832135_A_G,Ast,PSMC6,1,1,4.6864527172618686e-05,1,1,4.6864527172618686e-05,1,1,4.6864527172618686e-05,0.00027574930780127627,False,False,214.0,False,214.0,False,214.0,False,100.0,False
armA,14_52832135_A_G,Ast,STYX,1,1,0.00021141808327759803,1,1,0.00021141808327759803,1,1,0.00021141808327759803,0.0001827188492002918,False,False,129.0,False,129.0,False,129.0,False,132.0,False
armA,14_52832135_A_G,Ast,TXNDC16,1,1,1.0258070460587854e-05,1,1,1.0258070460587854e-05,1,1,1.0258070460587854e-05,1.5752668627661004e-05,False,False,252.0,False,252.0,False,252.0,False,236.0,False
armA,14_52832135_A_G,Exc,DDHD1,1,1,0.00011565506734859121,1,1,0.00011565506734859121,1,1,0.00011565506734859121,4.1160443686377723e-05,False,False,149.0,False,149.0,False,149.0,False,200.0,False
armA,14_52832135_A_G,Exc,ERO1A,1,1,0.0001832877825691248,1,1,0.0001832877825691248,1,1,0.0001832877825691248,0.00011025039923467927,False,False,113.0,True,113.0,True,113.0,True,127.0,True
armA,14_52832135_A_G,Exc,FERMT2,1,1,0.0004998472806417853,1,1,0.0004998472806417853,1,1,0.0004998472806417853,0.00019200171761835083,True,True,33.0,True,33.0,True,33.0,True,84.0,True
armA,14_52832135_A_G,Exc,GNPNAT1,1,1,0.00025205117603802063,1,1,0.00025205117603802063,1,1,0.00025205117603802063,0.00015019255960874167,False,False,85.0,True,85.0,True,85.0,True,107.0,True
armA,14_52832135_A_G,Exc,GPR137C,1,1,0.0001216956923980328,1,1,0.0001216956923980328,1,1,0.0001216956923980328,0.00017734130802299353,False,False,145.0,False,145.0,False,145.0,False,91.0,True
armA,14_52832135_A_G,Exc,PSMC6,1,1,3.57223894192904e-06,1,1,3.57223894192904e-06,1,1,3.57223894192904e-06,0.00027925739547063344,True,True,264.0,False,264.0,False,264.0,False,52.0,True
armA,14_52832135_A_G,Exc,STYX,1,1,0.00020711000148268544,1,1,0.00020711000148268544,1,1,0.00020711000148268544,5.064767828447114e-05,False,False,104.0,True,104.0,True,104.0,True,188.0,False
armA,14_52832135_A_G,Exc,TXNDC16,1,1,1.4991182351903332e-05,1,1,1.4991182351903332e-05,1,1,1.4991182351903332e-05,8.627936387609059e-05,True,True,244.0,False,244.0,False,244.0,False,150.0,False
armA,14_52832135_A_G,Mic,DDHD1,1,1,0.00012617210362120268,1,1,0.00012617210362120268,1,1,0.00012617210362120268,9.397821430495723e-05,False,False,117.0,False,117.0,False,117.0,False,128.0,False
armA,14_52832135_A_G,Mic,ERO1A,1,1,0.000428675171211812,1,1,0.000428675171211812,1,1,0.000428675171211812,0.00023221438102916103,False,False,76.0,False,76.0,False,76.0,False,99.0,False
armA,14_52832135_A_G,Mic,GPR137C,1,1,1.744197236654664e-05,1,1,1.744197236654664e-05,1,1,1.744197236654664e-05,1.0689278613250017e-06,False,False,163.0,False,163.0,False,163.0,False,173.0,False
armA,14_52832135_A_G,Mic,PSMC6,1,1,4.297985727319542e-05,1,1,4.297985727319542e-05,1,1,4.297985727319542e-05,9.008261972875964e-05,False,False,152.0,False,152.0,False,152.0,False,130.0,False
armA,14_52832135_A_G,Mic,STYX,1,1,0.0001621568874840551,1,1,0.0001621568874840551,1,1,0.0001621568874840551,0.0005014352647011444,False,False,104.0,False,104.0,False,104.0,False,65.0,False
armA,14_52832135_A_G,Mic,TXNDC16,1,1,0.00010428530605902098,1,1,0.00010428530605902098,1,1,0.00010428530605902098,0.00011726165562632451,False,False,125.0,False,125.0,False,125.0,False,120.0,False
armA,15_58764824_T_A,Ast,ADAM10,1,1,0.0016348654397631002,1,1,0.0016348654397631002,1,1,0.0016348654397631002,0.00019035971118119832,False,False,18.0,True,18.0,True,18.0,True,127.0,False
armA,15_58764824_T_A,Ast,MINDY2,1,1,0.00010878277278059123,1,1,0.00010878277278059123,1,1,0.00010878277278059123,0.0002516455673063911,False,False,174.0,False,174.0,False,174.0,False,107.0,False
armA,15_58764824_T_A,Ast,RNF111,1,1,3.691167054370448e-05,1,1,3.691167054370448e-05,1,1,3.691167054370448e-05,9.971248145973499e-05,False,False,219.0,False,219.0,False,219.0,False,178.0,False
armA,15_58764824_T_A,Ast,SLTM,1,1,8.79740082292968e-05,1,1,8.79740082292968e-05,1,1,8.79740082292968e-05,0.0002918117431257583,False,False,186.0,False,186.0,False,186.0,False,96.0,False
armA,15_58764824_T_A,Exc,ADAM10,1,1,0.0007490396992667625,1,1,0.0007490396992667625,1,1,0.0007490396992667625,0.00013611828982657004,True,True,23.0,True,23.0,True,23.0,True,113.0,True
armA,15_58764824_T_A,Exc,LIPC,1,1,1.8725587682657998e-07,1,1,1.8725587682657998e-07,1,1,1.8725587682657998e-07,3.8807291718613427e-07,False,False,272.0,False,272.0,False,272.0,False,271.0,False
armA,15_58764824_T_A,Exc,MINDY2,1,1,3.2789943104988284e-05,1,1,3.2789943104988284e-05,1,1,3.2789943104988284e-05,1.6096648517538448e-05,True,True,220.0,False,220.0,False,220.0,False,241.0,False
armA,15_58764824_T_A,Exc,RNF111,1,1,6.104869065035046e-05,1,1,6.104869065035046e-05,1,1,6.104869065035046e-05,7.955333702616696e-05,False,False,192.0,False,192.0,False,192.0,False,158.0,False
armA,15_58764824_T_A,Exc,SLTM,1,1,1.6382235738798823e-05,1,1,1.6382235738798823e-05,1,1,1.6382235738798823e-05,0.0003253758589250588,False,False,243.0,False,243.0,False,243.0,False,37.0,True
armA,15_58764824_T_A,Mic,ADAM10,1,1,0.006095728788922394,1,1,0.006095728788922394,1,1,0.006095728788922394,8.302755821010255e-05,False,False,12.0,True,12.0,True,12.0,True,132.0,False
armA,15_58764824_T_A,Mic,LIPC,1,1,1.161507452324649e-05,1,1,1.161507452324649e-05,1,1,1.161507452324649e-05,1.084373655950389e-05,True,True,167.0,False,167.0,False,167.0,False,158.0,False
armA,15_58764824_T_A,Mic,MINDY2,1,1,9.749693587146613e-05,1,1,9.749693587146613e-05,1,1,9.749693587146613e-05,6.87602078013605e-05,True,True,127.0,False,127.0,False,127.0,False,136.0,False
armA,15_58764824_T_A,Mic,RNF111,1,1,4.405282631952945e-05,1,1,4.405282631952945e-05,1,1,4.405282631952945e-05,0.0001663750262441699,False,False,150.0,False,150.0,False,150.0,False,109.0,False
armA,15_58764824_T_A,Mic,SLTM,1,1,0.0005102144830873012,1,1,0.0005102144830873012,1,1,0.0005102144830873012,0.00011977892941827939,False,False,66.0,False,66.0,False,66.0,False,119.0,False
armA,15_63277703_C_T,Ast,APH1B,1,1,0.004769120159565904,1,1,0.004769120159565904,1,1,0.004769120159565904,0.005171189325131609,True,True,6.0,True,6.0,True,6.0,True,2.0,True
armA,15_63277703_C_T,Ast,CA12,1,1,0.00074492886407862,1,1,0.00074492886407862,1,1,0.00074492886407862,0.000397709163123372,True,True,44.0,True,44.0,True,44.0,True,71.0,False
armA,15_63277703_C_T,Ast,LACTB,1,1,0.00010687484852284213,1,1,0.00010687484852284213,1,1,0.00010687484852284213,0.0001797009167859298,True,True,176.0,False,176.0,False,176.0,False,133.0,False
armA,15_63277703_C_T,Ast,RAB8B,1,1,0.0009578886649065366,1,1,0.0009578886649065366,1,1,0.0009578886649065366,0.0011208801034513494,False,False,28.0,True,28.0,True,28.0,True,18.0,True
armA,15_63277703_C_T,Ast,RPS27L,1,1,0.0002273886161020533,1,1,0.0002273886161020533,1,1,0.0002273886161020533,0.00068058282174005,True,True,124.0,False,124.0,False,124.0,False,38.0,True
armA,15_63277703_C_T,Ast,TPM1,1,1,0.0005597381682398428,1,1,0.0005597381682398428,1,1,0.0005597381682398428,0.00018972010034135067,False,False,66.0,False,66.0,False,66.0,False,128.0,False
armA,15_63277703_C_T,Ast,USP3,1,1,1.093364553919618e-05,1,1,1.093364553919618e-05,1,1,1.093364553919618e-05,4.965309297358389e-05,False,False,251.0,False,251.0,False,251.0,False,211.0,False
armA,15_63277703_C_T,Ast,USP3-AS1,1,1,8.569754980144312e-06,1,1,8.569754980144312e-06,1,1,8.569754980144312e-06,1.5355657746077972e-05,False,False,255.0,False,255.0,False,255.0,False,237.0,False
armA,15_63277703_C_T,Exc,APH1B,1,1,0.002807411608857585,1,1,0.002807411608857585,1,1,0.002807411608857585,0.002930732719054724,True,True,5.0,True,5.0,True,5.0,True,2.0,True
armA,15_63277703_C_T,Exc,LACTB,1,1,0.00014365882939774977,1,1,0.00014365882939774977,1,1,0.00014365882939774977,7.438240848106625e-05,True,True,128.0,True,128.0,True,128.0,True,165.0,False
armA,15_63277703_C_T,Exc,RAB8B,1,1,1.7611954380158945e-05,1,1,1.7611954380158945e-05,1,1,1.7611954380158945e-05,0.00016113867513578572,True,True,241.0,False,241.0,False,241.0,False,102.0,True
armA,15_63277703_C_T,Exc,RPS27L,1,1,4.6830889727622615e-05,1,1,4.6830889727622615e-05,1,1,4.6830889727622615e-05,8.540345317455122e-05,True,True,205.0,False,205.0,False,205.0,False,152.0,False
armA,15_63277703_C_T,Exc,TPM1,1,1,0.0006501100083251554,1,1,0.0006501100083251554,1,1,0.0006501100083251554,0.0003052290190910245,True,True,26.0,True,26.0,True,26.0,True,41.0,True
armA,15_63277703_C_T,Exc,USP3,1,1,1.8532001495069617e-05,1,1,1.8532001495069617e-05,1,1,1.8532001495069617e-05,7.548680488023152e-06,True,True,238.0,False,238.0,False,238.0,False,254.0,False
armA,15_63277703_C_T,Exc,USP3-AS1,1,1,6.614655750004916e-06,1,1,6.614655750004916e-06,1,1,6.614655750004916e-06,1.5091793466356918e-05,True,True,261.0,False,261.0,False,261.0,False,242.0,False
armA,15_63277703_C_T,Mic,APH1B,1,1,0.0029025432187193,1,1,0.0029025432187193,1,1,0.0029025432187193,0.002101003001709456,False,False,19.0,True,19.0,True,19.0,True,10.0,True
armA,15_63277703_C_T,Mic,LACTB,1,1,6.940461656679275e-05,1,1,6.940461656679275e-05,1,1,6.940461656679275e-05,0.0004829356185278577,True,True,134.0,False,134.0,False,134.0,False,69.0,False
armA,15_63277703_C_T,Mic,RAB8B,1,1,0.0014998007214575004,1,1,0.0014998007214575004,1,1,0.0014998007214575004,0.0005393692225543756,False,False,31.0,True,31.0,True,31.0,True,60.0,False
armA,15_63277703_C_T,Mic,RPS27L,1,1,0.001622772480075585,1,1,0.001622772480075585,1,1,0.001622772480075585,0.001352549651856938,False,False,26.0,True,26.0,True,26.0,True,17.0,True
armA,15_63277703_C_T,Mic,TPM1,1,1,0.0010642907338163643,1,1,0.0010642907338163643,1,1,0.0010642907338163643,0.0005539043495872975,False,False,47.0,False,47.0,False,47.0,False,58.0,False
armA,15_63277703_C_T,Mic,USP3,1,1,0.00025615681207313834,1,1,0.00025615681207313834,1,1,0.00025615681207313834,0.0004433332372821841,True,True,91.0,False,91.0,False,91.0,False,75.0,False
armA,15_63277703_C_T,Mic,USP3-AS1,1,1,0.00013394784983833397,1,1,0.00013394784983833397,1,1,0.00013394784983833397,1.535118082438003e-05,False,False,114.0,False,114.0,False,114.0,False,153.0,False
armA,17_44364976_T_C,Ast,ADAM11,1,1,7.787416619753004e-06,1,1,7.787416619753004e-06,1,1,7.787416619753004e-06,6.0528767984006915e-06,False,False,259.0,False,259.0,False,259.0,False,259.0,False
armA,17_44364976_T_C,Ast,ASB16-AS1,1,1,1.959298751644245e-07,1,1,1.959298751644245e-07,1,1,1.959298751644245e-07,0.0001320253909308372,False,False,285.0,False,285.0,False,285.0,False,155.0,False
armA,17_44364976_T_C,Ast,ATXN7L3,1,1,0.000473678197979166,1,1,0.000473678197979166,1,1,0.000473678197979166,0.00042139687388564884,False,False,76.0,False,76.0,False,76.0,False,63.0,False
armA,17_44364976_T_C,Ast,CCDC43,1,1,0.0004107567846060034,1,1,0.0004107567846060034,1,1,0.0004107567846060034,0.0002135581720447699,False,False,85.0,False,85.0,False,85.0,False,120.0,False
armA,17_44364976_T_C,Ast,DBF4B,1,1,1.7210008243812025e-05,1,1,1.7210008243812025e-05,1,1,1.7210008243812025e-05,3.456060976254893e-05,True,True,237.0,False,237.0,False,237.0,False,221.0,False
armA,17_44364976_T_C,Ast,FAM171A2,1,1,0.0015765238130627801,1,1,0.0015765238130627801,1,1,0.0015765238130627801,0.00033985322101887094,False,False,19.0,True,19.0,True,19.0,True,85.0,False
armA,17_44364976_T_C,Ast,G6PC3,1,1,0.0006848349266659337,1,1,0.0006848349266659337,1,1,0.0006848349266659337,0.00040959512621552285,False,False,50.0,True,50.0,True,50.0,True,67.0,False
armA,17_44364976_T_C,Ast,GPATCH8,1,1,7.4943944976813e-05,1,1,7.4943944976813e-05,1,1,7.4943944976813e-05,6.601110553891565e-05,False,False,193.0,False,193.0,False,193.0,False,197.0,False
armA,17_44364976_T_C,Ast,GRN,1,1,0.0008219225312715572,1,1,0.0008219225312715572,1,1,0.0008219225312715572,0.00136086160178861,False,False,39.0,True,39.0,True,39.0,True,12.0,True
armA,17_44364976_T_C,Ast,HDAC5,1,1,0.0004330327970424319,1,1,0.0004330327970424319,1,1,0.0004330327970424319,8.057585237630782e-05,False,False,82.0,False,82.0,False,82.0,False,188.0,False
armA,17_44364976_T_C,Ast,LSM12,1,1,0.000318037342798172,1,1,0.000318037342798172,1,1,0.000318037342798172,0.00036545620318173544,False,False,95.0,False,95.0,False,95.0,False,80.0,False
armA,17_44364976_T_C,Ast,MPP2,1,1,8.145852035160162e-05,1,1,8.145852035160162e-05,1,1,8.145852035160162e-05,0.00014080622922391095,True,True,191.0,False,191.0,False,191.0,False,152.0,False
armA,17_44364976_T_C,Ast,RUNDC3A,1,1,7.352155960224736e-06,1,1,7.352155960224736e-06,1,1,7.352155960224736e-06,6.177079343694814e-06,False,False,261.0,False,261.0,False,261.0,False,258.0,False
armA,17_44364976_T_C,Ast,SLC25A39,1,1,0.0001794179935885598,1,1,0.0001794179935885598,1,1,0.0001794179935885598,0.000721703580082389,False,False,145.0,False,145.0,False,145.0,False,36.0,True
armA,17_44364976_T_C,Ast,TMEM101,1,1,0.0003947478545962557,1,1,0.0003947478545962557,1,1,0.0003947478545962557,0.0003325573539996185,False,False,86.0,False,86.0,False,86.0,False,87.0,False
armA,17_44364976_T_C,Ast,TMUB2,1,1,0.00019576497979933993,1,1,0.00019576497979933993,1,1,0.00019576497979933993,0.00028210482363633105,False,False,139.0,False,139.0,False,139.0,False,99.0,False
armA,17_44364976_T_C,Ast,UBTF,1,1,0.0001599038766797456,1,1,0.0001599038766797456,1,1,0.0001599038766797456,0.00011885779476972225,False,False,150.0,False,150.0,False,150.0,False,163.0,False
armA,17_44364976_T_C,Exc,ADAM11,1,1,7.856879046419518e-05,1,1,7.856879046419518e-05,1,1,7.856879046419518e-05,0.00023484207526885958,False,False,176.0,False,176.0,False,176.0,False,64.0,True
armA,17_44364976_T_C,Exc,ATXN7L3,1,1,0.00017218080630532206,1,1,0.00017218080630532206,1,1,0.00017218080630532206,6.439496135657308e-05,False,False,121.0,True,121.0,True,121.0,True,171.0,False
armA,17_44364976_T_C,Exc,CCDC43,1,1,0.0003545371946478415,1,1,0.0003545371946478415,1,1,0.0003545371946478415,8.066222479727325e-05,False,False,51.0,True,51.0,True,51.0,True,157.0,False
armA,17_44364976_T_C,Exc,DBF4B,1,1,7.624420233802442e-05,1,1,7.624420233802442e-05,1,1,7.624420233802442e-05,8.120790183047122e-05,True,True,181.0,False,181.0,False,181.0,False,156.0,False
armA,17_44364976_T_C,Exc,FAM171A2,1,1,0.0007730484151026173,1,1,0.0007730484151026173,1,1,0.0007730484151026173,0.0005292270516648045,False,False,21.0,True,21.0,True,21.0,True,24.0,True
armA,17_44364976_T_C,Exc,G6PC3,1,1,0.00016423592966963163,1,1,0.00016423592966963163,1,1,0.00016423592966963163,0.0003038356475555948,False,False,123.0,True,123.0,True,123.0,True,43.0,True
armA,17_44364976_T_C,Exc,GJC1,1,1,0.00030987669729604095,1,1,0.00030987669729604095,1,1,0.00030987669729604095,0.00023401770304753988,True,True,62.0,True,62.0,True,62.0,True,65.0,True
armA,17_44364976_T_C,Exc,GPATCH8,1,1,7.835010679646537e-05,1,1,7.835010679646537e-05,1,1,7.835010679646537e-05,4.1234909499532346e-05,False,False,177.0,False,177.0,False,177.0,False,199.0,False
armA,17_44364976_T_C,Exc,GRN,1,1,4.948265762427795e-05,1,1,4.948265762427795e-05,1,1,4.948265762427795e-05,0.00010659940474866403,True,True,203.0,False,203.0,False,203.0,False,132.0,False
armA,17_44364976_T_C,Exc,HDAC5,1,1,5.3756285058992326e-05,1,1,5.3756285058992326e-05,1,1,5.3756285058992326e-05,6.423448760717321e-05,True,False,199.0,False,199.0,False,199.0,False,172.0,False
armA,17_44364976_T_C,Exc,ITGA2B,1,1,0.0015411856693930553,1,1,0.0015411856693930553,1,1,0.0015411856693930553,7.874737135097482e-05,True,True,10.0,True,10.0,True,10.0,True,160.0,False
armA,17_44364976_T_C,Exc,LSM12,1,1,7.775027602241469e-05,1,1,7.775027602241469e-05,1,1,7.775027602241469e-05,3.380770114135012e-05,False,False,179.0,False,179.0,False,179.0,False,208.0,False
armA,17_44364976_T_C,Exc,MPP2,1,1,5.933459784679407e-05,1,1,5.933459784679407e-05,1,1,5.933459784679407e-05,0.00014660750868472627,True,True,196.0,False,196.0,False,196.0,False,108.0,True
armA,17_44364976_T_C,Exc,RUNDC3A,1,1,0.0002983299790335625,1,1,0.0002983299790335625,1,1,0.0002983299790335625,0.0002801064009474441,True,True,68.0,True,68.0,True,68.0,True,51.0,True
armA,17_44364976_T_C,Exc,RUNDC3A-AS1,1,1,9.297624392952397e-06,1,1,9.297624392952397e-06,1,1,9.297624392952397e-06,3.688473696868838e-05,False,False,255.0,False,255.0,False,255.0,False,204.0,False
armA,17_44364976_T_C,Exc,SLC25A39,1,1,9.454414600196248e-05,1,1,9.454414600196248e-05,1,1,9.454414600196248e-05,0.00042908014239484427,True,True,163.0,False,163.0,False,163.0,False,29.0,True
armA,17_44364976_T_C,Exc,TMEM101,1,1,0.0002560153116198949,1,1,0.0002560153116198949,1,1,0.0002560153116198949,0.0003080023630630535,False,False,84.0,True,84.0,True,84.0,True,39.0,True
armA,17_44364976_T_C,Exc,TMUB2,1,1,8.627731954635731e-05,1,1,8.627731954635731e-05,1,1,8.627731954635731e-05,0.0002059582336493282,False,False,168.0,False,168.0,False,168.0,False,75.0,True
armA,17_44364976_T_C,Exc,UBTF,1,1,0.0001330883040091546,1,1,0.0001330883040091546,1,1,0.0001330883040091546,0.00022496986309428202,False,False,136.0,False,136.0,False,136.0,False,70.0,True
armA,17_44364976_T_C,Mic,ADAM11,1,1,6.621824236727539e-08,1,1,6.621824236727539e-08,1,1,6.621824236727539e-08,3.573544905201894e-06,False,False,175.0,False,175.0,False,175.0,False,169.0,False
armA,17_44364976_T_C,Mic,ATXN7L3,1,1,0.00015297731764751799,1,1,0.00015297731764751799,1,1,0.00015297731764751799,0.00042175312172354484,False,False,107.0,False,107.0,False,107.0,False,77.0,False
armA,17_44364976_T_C,Mic,GPATCH8,1,1,0.0002626850968633909,1,1,0.0002626850968633909,1,1,0.0002626850968633909,0.00021649492179506846,False,False,90.0,False,90.0,False,90.0,False,104.0,False
armA,17_44364976_T_C,Mic,GRN,1,1,0.0007223146244639267,1,1,0.0007223146244639267,1,1,0.0007223146244639267,0.00048594748919716935,False,False,56.0,False,56.0,False,56.0,False,67.0,False
armA,17_44364976_T_C,Mic,HDAC5,1,1,0.0002449667773330999,1,1,0.0002449667773330999,1,1,0.0002449667773330999,0.000561090653835139,False,False,93.0,False,93.0,False,93.0,False,57.0,False
armA,17_44364976_T_C,Mic,LSM12,1,1,0.0001262760494002424,1,1,0.0001262760494002424,1,1,0.0001262760494002424,0.00020338728949459428,False,False,116.0,False,116.0,False,116.0,False,105.0,False
armA,17_44364976_T_C,Mic,RUNDC3A,1,1,7.595007172745902e-06,1,1,7.595007172745902e-06,1,1,7.595007172745902e-06,7.6180123250359916e-06,False,False,171.0,False,171.0,False,171.0,False,164.0,False
armA,17_44364976_T_C,Mic,SLC25A39,1,1,0.0012606739026694846,1,1,0.0012606739026694846,1,1,0.0012606739026694846,0.000976737705619568,False,False,37.0,True,37.0,True,37.0,True,31.0,True
armA,17_44364976_T_C,Mic,TMUB2,1,1,0.00048172490790621136,1,1,0.00048172490790621136,1,1,0.00048172490790621136,0.00043939559848993337,False,False,70.0,False,70.0,False,70.0,False,76.0,False
armA,17_44364976_T_C,Mic,UBTF,1,1,0.0004571223993833362,1,1,0.0004571223993833362,1,1,0.0004571223993833362,0.00012423733951161253,False,False,73.0,False,73.0,False,73.0,False,116.0,False
armA,17_46062125_A_C,Ast,ARL17A,1,1,9.475391832651503e-06,1,1,9.475391832651503e-06,1,1,9.475391832651503e-06,1.6103458218790986e-05,True,True,253.0,False,253.0,False,253.0,False,234.0,False
armA,17_46062125_A_C,Ast,ARL17B,1,1,3.329140201982668e-06,1,1,3.329140201982668e-06,1,1,3.329140201982668e-06,6.2309951630824464e-06,True,True,268.0,False,268.0,False,268.0,False,257.0,False
armA,17_46062125_A_C,Ast,FAM215B,1,1,7.11030513336243e-07,1,1,7.11030513336243e-07,1,1,7.11030513336243e-07,4.105125848379151e-07,True,True,281.0,False,281.0,False,281.0,False,280.0,False
armA,17_46062125_A_C,Ast,KANSL1,1,1,0.008068630297801027,1,1,0.008068630297801027,1,1,0.008068630297801027,0.0001796105768645806,True,True,3.0,True,3.0,True,3.0,True,134.0,False
armA,17_46062125_A_C,Ast,LRRC37A,1,1,2.4657422017540682e-05,1,1,2.4657422017540682e-05,1,1,2.4657422017540682e-05,6.562351002656515e-06,True,True,228.0,False,228.0,False,228.0,False,254.0,False
armA,17_46062125_A_C,Ast,LRRC37A2,1,1,2.14477080575301e-05,1,1,2.14477080575301e-05,1,1,2.14477080575301e-05,5.245625181220237e-06,True,True,232.0,False,232.0,False,232.0,False,261.0,False
armA,17_46062125_A_C,Ast,MAPT,1,1,0.00011916469910051766,1,1,0.00011916469910051766,1,1,0.00011916469910051766,4.518193453212013e-06,True,True,170.0,False,170.0,False,170.0,False,266.0,False
armA,17_46062125_A_C,Ast,MAPT-AS1,1,1,1.7193754675292923e-06,1,1,1.7193754675292923e-06,1,1,1.7193754675292923e-06,2.579079162960804e-08,True,True,274.0,False,274.0,False,274.0,False,286.0,False
armA,17_46062125_A_C,Exc,ARL17A,1,1,1.3178336332710788e-05,1,1,1.3178336332710788e-05,1,1,1.3178336332710788e-05,2.1277600694893234e-05,True,True,248.0,False,248.0,False,248.0,False,229.0,False
armA,17_46062125_A_C,Exc,ARL17B,1,1,1.1682984786714687e-05,1,1,1.1682984786714687e-05,1,1,1.1682984786714687e-05,3.041794710410828e-06,True,True,251.0,False,251.0,False,251.0,False,262.0,False
armA,17_46062125_A_C,Exc,CRHR1,1,1,0.000418134447959545,1,1,0.000418134447959545,1,1,0.000418134447959545,0.00021360083782651085,True,True,39.0,True,39.0,True,39.0,True,74.0,True
armA,17_46062125_A_C,Exc,FAM215B,1,1,7.2104521108011695e-06,1,1,7.2104521108011695e-06,1,1,7.2104521108011695e-06,3.94114796743554e-06,True,True,259.0,False,259.0,False,259.0,False,259.0,False
armA,17_46062125_A_C,Exc,KANSL1,1,1,0.0018451983344980327,1,1,0.0018451983344980327,1,1,0.0018451983344980327,0.0001908910104959638,True,True,8.0,True,8.0,True,8.0,True,85.0,True
armA,17_46062125_A_C,Exc,LRRC37A,1,1,3.706500573467074e-05,1,1,3.706500573467074e-05,1,1,3.706500573467074e-05,2.844240667074921e-06,True,True,215.0,False,215.0,False,215.0,False,263.0,False
armA,17_46062125_A_C,Exc,LRRC37A2,1,1,3.177154637282187e-06,1,1,3.177154637282187e-06,1,1,3.177154637282187e-06,1.959594977590795e-06,True,True,265.0,False,265.0,False,265.0,False,266.0,False
armA,17_46062125_A_C,Exc,MAPT,1,1,0.01658431255360948,1,1,0.01658431255360948,1,1,0.01658431255360948,0.00010549539593252,True,True,3.0,True,3.0,True,3.0,True,134.0,False
armA,17_46062125_A_C,Exc,MAPT-AS1,1,1,0.00017478937134807193,1,1,0.00017478937134807193,1,1,0.00017478937134807193,3.0913793972370956e-05,False,False,118.0,True,118.0,True,118.0,True,212.0,False
armA,17_46062125_A_C,Mic,ARL17A,1,1,7.189411363076742e-05,1,1,7.189411363076742e-05,1,1,7.189411363076742e-05,8.652961986252428e-06,True,True,133.0,False,133.0,False,133.0,False,160.0,False
armA,17_46062125_A_C,Mic,ARL17B,1,1,9.536136334456838e-06,1,1,9.536136334456838e-06,1,1,9.536136334456838e-06,3.554640997291067e-06,True,True,169.0,False,169.0,False,169.0,False,170.0,False
armA,17_46062125_A_C,Mic,KANSL1,1,1,0.020719718051652347,1,1,0.020719718051652347,1,1,0.020719718051652347,0.00022345267130441382,True,True,1.0,True,1.0,True,1.0,True,103.0,False
armA,17_46062125_A_C,Mic,LRRC37A2,1,1,9.527024687312063e-05,1,1,9.527024687312063e-05,1,1,9.527024687312063e-05,4.343614979432364e-06,True,True,128.0,False,128.0,False,128.0,False,167.0,False
armA,17_46062125_A_C,Mic,MAPT,1,1,0.0013697312756716746,1,1,0.0013697312756716746,1,1,0.0013697312756716746,7.687500563580314e-06,False,False,33.0,True,33.0,True,33.0,True,163.0,False
armA,17_49373413_G_A,Ast,ATP5MC1,1,1,0.0009679995537530406,1,1,0.0009679995537530406,1,1,0.0009679995537530406,0.0014239058387759407,False,False,27.0,True,27.0,True,27.0,True,10.0,True
armA,17_49373413_G_A,Ast,FAM117A,1,1,4.454868917640881e-05,1,1,4.454868917640881e-05,1,1,4.454868917640881e-05,7.246077902687414e-05,False,False,216.0,False,216.0,False,216.0,False,195.0,False
armA,17_49373413_G_A,Ast,KAT7,1,1,3.087878548826972e-05,1,1,3.087878548826972e-05,1,1,3.087878548826972e-05,1.497293113023046e-05,False,False,222.0,False,222.0,False,222.0,False,238.0,False
armA,17_49373413_G_A,Ast,NXPH3,1,1,1.4544857513419662e-05,1,1,1.4544857513419662e-05,1,1,1.4544857513419662e-05,1.3893395863752434e-05,False,False,242.0,False,242.0,False,242.0,False,241.0,False
armA,17_49373413_G_A,Ast,PHB,1,1,0.00020131701180825523,1,1,0.00020131701180825523,1,1,0.00020131701180825523,0.0005253441337242926,False,False,136.0,False,136.0,False,136.0,False,47.0,True
armA,17_49373413_G_A,Ast,SLC35B1,1,1,0.0005220854405248998,1,1,0.0005220854405248998,1,1,0.0005220854405248998,0.0005354255875110736,False,False,71.0,False,71.0,False,71.0,False,45.0,True
armA,17_49373413_G_A,Ast,SNF8,1,1,0.00011021315217829564,1,1,0.00011021315217829564,1,1,0.00011021315217829564,0.00039814602321275316,False,False,173.0,False,173.0,False,173.0,False,70.0,False
armA,17_49373413_G_A,Ast,SPOP,1,1,0.0007228303086557197,1,1,0.0007228303086557197,1,1,0.0007228303086557197,0.0005691013618497331,False,False,45.0,True,45.0,True,45.0,True,43.0,True
armA,17_49373413_G_A,Ast,TAC4,1,1,7.882334317967261e-07,1,1,7.882334317967261e-07,1,1,7.882334317967261e-07,1.6524968840959248e-07,False,False,279.0,False,279.0,False,279.0,False,283.0,False
armA,17_49373413_G_A,Ast,UBE2Z,1,1,5.381401588056001e-05,1,1,5.381401588056001e-05,1,1,5.381401588056001e-05,3.485245256618086e-06,False,False,203.0,False,203.0,False,203.0,False,270.0,False
armA,17_49373413_G_A,Ast,ZNF652,1,1,0.00012990090658163145,1,1,0.00012990090658163145,1,1,0.00012990090658163145,0.00011216214881767939,False,False,166.0,False,166.0,False,166.0,False,171.0,False
armA,17_49373413_G_A,Exc,ATP5MC1,1,1,9.309047911076895e-05,1,1,9.309047911076895e-05,1,1,9.309047911076895e-05,0.0008881490521028823,True,True,165.0,False,165.0,False,165.0,False,11.0,True
armA,17_49373413_G_A,Exc,FAM117A,1,1,9.388383888409013e-05,1,1,9.388383888409013e-05,1,1,9.388383888409013e-05,7.516038582655593e-05,False,False,164.0,False,164.0,False,164.0,False,164.0,False
armA,17_49373413_G_A,Exc,KAT7,1,1,0.00013779857313886423,1,1,0.00013779857313886423,1,1,0.00013779857313886423,9.977945512973374e-05,False,False,130.0,True,130.0,True,130.0,True,137.0,False
armA,17_49373413_G_A,Exc,PHB,1,1,0.0001248693991874883,1,1,0.0001248693991874883,1,1,0.0001248693991874883,0.00012066205140204289,False,False,140.0,False,140.0,False,140.0,False,120.0,True
armA,17_49373413_G_A,Exc,SLC35B1,1,1,0.00036135528071751244,1,1,0.00036135528071751244,1,1,0.00036135528071751244,1.9267615834817065e-05,False,False,48.0,True,48.0,True,48.0,True,233.0,False
armA,17_49373413_G_A,Exc,SNF8,1,1,8.314093247441257e-05,1,1,8.314093247441257e-05,1,1,8.314093247441257e-05,0.00013886256624617843,True,True,170.0,False,170.0,False,170.0,False,110.0,True
armA,17_49373413_G_A,Exc,SPOP,1,1,2.0998518487580498e-05,1,1,2.0998518487580498e-05,1,1,2.0998518487580498e-05,0.00012891459019204188,False,False,235.0,False,235.0,False,235.0,False,118.0,True
armA,17_49373413_G_A,Exc,TAC4,1,1,2.3216806839181786e-05,1,1,2.3216806839181786e-05,1,1,2.3216806839181786e-05,4.985810451379677e-05,True,True,231.0,False,231.0,False,231.0,False,189.0,False
armA,17_49373413_G_A,Exc,UBE2Z,1,1,0.00011997370679650565,1,1,0.00011997370679650565,1,1,0.00011997370679650565,9.471747870437586e-05,False,False,146.0,False,146.0,False,146.0,False,141.0,False
armA,17_49373413_G_A,Exc,ZNF652,1,1,0.00039611589121210655,1,1,0.00039611589121210655,1,1,0.00039611589121210655,2.4622362188808644e-05,False,False,43.0,True,43.0,True,43.0,True,225.0,False
armA,17_49373413_G_A,Mic,ABI3,1,1,0.0010310707886246329,1,1,0.0010310707886246329,1,1,0.0010310707886246329,0.0009804976884744132,False,False,48.0,False,48.0,False,48.0,False,30.0,True
armA,17_49373413_G_A,Mic,ATP5MC1,1,1,0.0015845692773548414,1,1,0.0015845692773548414,1,1,0.0015845692773548414,0.0010424729305511526,False,False,27.0,True,27.0,True,27.0,True,27.0,True
armA,17_49373413_G_A,Mic,KAT7,1,1,4.99652093636227e-05,1,1,4.99652093636227e-05,1,1,4.99652093636227e-05,6.362586080810306e-05,False,False,144.0,False,144.0,False,144.0,False,137.0,False
armA,17_49373413_G_A,Mic,SNF8,1,1,2.6699595036983048e-05,1,1,2.6699595036983048e-05,1,1,2.6699595036983048e-05,0.00041523216738381663,False,False,157.0,False,157.0,False,157.0,False,78.0,False
armA,17_49373413_G_A,Mic,SPOP,1,1,0.001429540930470985,1,1,0.001429540930470985,1,1,0.001429540930470985,0.0007378470679109128,False,False,32.0,True,32.0,True,32.0,True,43.0,False
armA,17_49373413_G_A,Mic,UBE2Z,1,1,6.761296172763664e-05,1,1,6.761296172763664e-05,1,1,6.761296172763664e-05,0.0003262671535093631,False,False,135.0,False,135.0,False,135.0,False,85.0,False
armA,17_49373413_G_A,Mic,ZNF652,1,1,0.0005554064641898337,1,1,0.0005554064641898337,1,1,0.0005554064641898337,7.958045728942431e-05,False,False,64.0,False,64.0,False,64.0,False,133.0,False
armA,17_5066645_C_T,Ast,ARRB2,1,1,0.00028642012402081696,1,1,0.00028642012402081696,1,1,0.00028642012402081696,9.065326850817013e-05,False,False,104.0,False,104.0,False,104.0,False,184.0,False
armA,17_5066645_C_T,Ast,C1QBP,1,1,0.0006179075382657384,1,1,0.0006179075382657384,1,1,0.0006179075382657384,0.0005159580373546024,False,False,58.0,False,58.0,False,58.0,False,49.0,True
armA,17_5066645_C_T,Ast,CAMTA2,1,1,8.29650693359163e-05,1,1,8.29650693359163e-05,1,1,8.29650693359163e-05,5.3759498185673715e-05,False,False,189.0,False,189.0,False,189.0,False,208.0,False
armA,17_5066645_C_T,Ast,CHRNE,1,1,7.4350690636298955e-06,1,1,7.4350690636298955e-06,1,1,7.4350690636298955e-06,9.737753908042879e-06,False,False,260.0,False,260.0,False,260.0,False,247.0,False
armA,17_5066645_C_T,Ast,DERL2,1,1,0.0001290781093389315,1,1,0.0001290781093389315,1,1,0.0001290781093389315,0.0002521029509702233,False,False,167.0,False,167.0,False,167.0,False,106.0,False
armA,17_5066645_C_T,Ast,DHX33,1,1,0.0002079634835483457,1,1,0.0002079634835483457,1,1,0.0002079634835483457,0.00012276958019818984,False,False,134.0,False,134.0,False,134.0,False,159.0,False
armA,17_5066645_C_T,Ast,KIF1C,1,1,0.0001584173033218894,1,1,0.0001584173033218894,1,1,0.0001584173033218894,0.0002125246036227546,False,False,152.0,False,152.0,False,152.0,False,121.0,False
armA,17_5066645_C_T,Ast,MED11,1,1,8.439823509892586e-05,1,1,8.439823509892586e-05,1,1,8.439823509892586e-05,0.0004277011184845858,True,True,188.0,False,188.0,False,188.0,False,61.0,False
armA,17_5066645_C_T,Ast,MINK1,1,1,6.869993201663593e-05,1,1,6.869993201663593e-05,1,1,6.869993201663593e-05,0.00011222058829185588,True,True,196.0,False,196.0,False,196.0,False,170.0,False
armA,17_5066645_C_T,Ast,MIS12,1,1,0.00018131841193019804,1,1,0.00018131841193019804,1,1,0.00018131841193019804,0.00014640715629316015,False,False,144.0,False,144.0,False,144.0,False,150.0,False
armA,17_5066645_C_T,Ast,NLRP1,1,1,7.317054501049247e-05,1,1,7.317054501049247e-05,1,1,7.317054501049247e-05,6.412530219720991e-05,False,False,194.0,False,194.0,False,194.0,False,199.0,False
armA,17_5066645_C_T,Ast,NUP88,1,1,0.0002882212796874173,1,1,0.0002882212796874173,1,1,0.0002882212796874173,0.00022526089456109677,False,False,102.0,False,102.0,False,102.0,False,113.0,False
armA,17_5066645_C_T,Ast,PELP1,1,1,0.00022677034007803631,1,1,0.00022677034007803631,1,1,0.00022677034007803631,0.0001595023362458703,False,False,125.0,False,125.0,False,125.0,False,142.0,False
armA,17_5066645_C_T,Ast,PFN1,1,1,0.0004464285876388807,1,1,0.0004464285876388807,1,1,0.0004464285876388807,0.00036960417853260097,False,False,81.0,False,81.0,False,81.0,False,79.0,False
armA,17_5066645_C_T,Ast,PLD2,1,1,0.0001252834334422026,1,1,0.0001252834334422026,1,1,0.0001252834334422026,0.00030775282953809935,False,False,168.0,False,168.0,False,168.0,False,93.0,False
armA,17_5066645_C_T,Ast,PSMB6,1,1,0.0007959198460125716,1,1,0.0007959198460125716,1,1,0.0007959198460125716,0.00046253495095993635,False,False,41.0,True,41.0,True,41.0,True,57.0,False
armA,17_5066645_C_T,Ast,RABEP1,1,1,4.439043617188165e-06,1,1,4.439043617188165e-06,1,1,4.439043617188165e-06,0.00022475929164122999,False,False,265.0,False,265.0,False,265.0,False,114.0,False
armA,17_5066645_C_T,Ast,RNF167,1,1,0.00012415725140946243,1,1,0.00012415725140946243,1,1,0.00012415725140946243,0.00011119641753631893,False,False,169.0,False,169.0,False,169.0,False,172.0,False
armA,17_5066645_C_T,Ast,RPAIN,1,1,0.00025032028517468774,1,1,0.00025032028517468774,1,1,0.00025032028517468774,0.0007962805266713557,False,False,115.0,False,115.0,False,115.0,False,31.0,True
armA,17_5066645_C_T,Ast,SCIMP,1,1,8.39756781632851e-06,1,1,8.39756781632851e-06,1,1,8.39756781632851e-06,8.161314513710233e-06,True,True,257.0,False,257.0,False,257.0,False,251.0,False
armA,17_5066645_C_T,Ast,SLC25A11,1,1,0.0005202948476003,1,1,0.0005202948476003,1,1,0.0005202948476003,0.0005181463412446963,False,False,72.0,False,72.0,False,72.0,False,48.0,True
armA,17_5066645_C_T,Ast,SPAG7,1,1,0.0007766738319563427,1,1,0.0007766738319563427,1,1,0.0007766738319563427,0.00021967622821361665,False,False,42.0,True,42.0,True,42.0,True,115.0,False
armA,17_5066645_C_T,Ast,ZFP3,1,1,1.2004967350209839e-05,1,1,1.2004967350209839e-05,1,1,1.2004967350209839e-05,1.433975256669856e-05,False,False,248.0,False,248.0,False,248.0,False,240.0,False
armA,17_5066645_C_T,Ast,ZNF594,1,1,2.2676978900237899e-07,1,1,2.2676978900237899e-07,1,1,2.2676978900237899e-07,2.9743805294246695e-05,False,False,284.0,False,284.0,False,284.0,False,222.0,False
armA,17_5066645_C_T,Exc,ARRB2,1,1,0.00020531452340388778,1,1,0.00020531452340388778,1,1,0.00020531452340388778,3.883229073542438e-05,False,False,106.0,True,106.0,True,106.0,True,202.0,False
armA,17_5066645_C_T,Exc,C1QBP,1,1,0.00025117897361293107,1,1,0.00025117897361293107,1,1,0.00025117897361293107,0.00024894923870810715,True,True,86.0,True,86.0,True,86.0,True,59.0,True
armA,17_5066645_C_T,Exc,CAMTA2,1,1,4.9539054239156055e-05,1,1,4.9539054239156055e-05,1,1,4.9539054239156055e-05,0.00028463356521518657,False,False,202.0,False,202.0,False,202.0,False,49.0,True
armA,17_5066645_C_T,Exc,CHRNE,1,1,4.958454739775742e-05,1,1,4.958454739775742e-05,1,1,4.958454739775742e-05,0.00010747574187380815,False,False,201.0,False,201.0,False,201.0,False,131.0,True
armA,17_5066645_C_T,Exc,DERL2,1,1,2.5649486192741433e-05,1,1,2.5649486192741433e-05,1,1,2.5649486192741433e-05,8.176384389216307e-05,False,False,225.0,False,225.0,False,225.0,False,155.0,False
armA,17_5066645_C_T,Exc,DHX33,1,1,0.00031780998835520546,1,1,0.00031780998835520546,1,1,0.00031780998835520546,1.2393683127664978e-05,False,False,60.0,True,60.0,True,60.0,True,248.0,False
armA,17_5066645_C_T,Exc,KIF1C,1,1,3.303815219568573e-05,1,1,3.303815219568573e-05,1,1,3.303815219568573e-05,0.00016929185595288,True,True,219.0,False,219.0,False,219.0,False,96.0,True
armA,17_5066645_C_T,Exc,MINK1,1,1,8.140839530601518e-05,1,1,8.140839530601518e-05,1,1,8.140839530601518e-05,0.00017716430078396073,True,True,171.0,False,171.0,False,171.0,False,92.0,True
armA,17_5066645_C_T,Exc,MIS12,1,1,0.00013891677748043008,1,1,0.00013891677748043008,1,1,0.00013891677748043008,1.2677325723409183e-05,True,True,129.0,True,129.0,True,129.0,True,247.0,False
armA,17_5066645_C_T,Exc,NLRP1,1,1,1.799703470519408e-05,1,1,1.799703470519408e-05,1,1,1.799703470519408e-05,1.8590959344417027e-06,True,False,239.0,False,239.0,False,239.0,False,267.0,False
armA,17_5066645_C_T,Exc,NUP88,1,1,0.00010882077361912268,1,1,0.00010882077361912268,1,1,0.00010882077361912268,1.7932121070818319e-06,True,True,153.0,False,153.0,False,153.0,False,268.0,False
armA,17_5066645_C_T,Exc,PELP1,1,1,0.00012309968895568568,1,1,0.00012309968895568568,1,1,0.00012309968895568568,5.315606543981888e-05,True,True,143.0,False,143.0,False,143.0,False,186.0,False
armA,17_5066645_C_T,Exc,PFN1,1,1,0.0009137044046401144,1,1,0.0009137044046401144,1,1,0.0009137044046401144,0.0005119712918613128,False,False,18.0,True,18.0,True,18.0,True,25.0,True
armA,17_5066645_C_T,Exc,PSMB6,1,1,0.00026274732694775427,1,1,0.00026274732694775427,1,1,0.00026274732694775427,7.902124871428384e-05,False,False,81.0,True,81.0,True,81.0,True,159.0,False
armA,17_5066645_C_T,Exc,RABEP1,1,1,0.00013550987120403146,1,1,0.00013550987120403146,1,1,0.00013550987120403146,0.00019627838899083372,True,True,133.0,False,133.0,False,133.0,False,80.0,True
armA,17_5066645_C_T,Exc,RNF167,1,1,3.415410379981054e-05,1,1,3.415410379981054e-05,1,1,3.415410379981054e-05,2.559812110169979e-05,False,False,217.0,False,217.0,False,217.0,False,222.0,False
armA,17_5066645_C_T,Exc,RPAIN,1,1,0.00017669812952592068,1,1,0.00017669812952592068,1,1,0.00017669812952592068,0.00018565710097029342,False,False,117.0,True,117.0,True,117.0,True,88.0,True
armA,17_5066645_C_T,Exc,SCIMP,1,1,1.4547394123636676e-05,1,1,1.4547394123636676e-05,1,1,1.4547394123636676e-05,2.9308832331740448e-05,True,True,245.0,False,245.0,False,245.0,False,217.0,False
armA,17_5066645_C_T,Exc,SLC25A11,1,1,1.7914407574481928e-05,1,1,1.7914407574481928e-05,1,1,1.7914407574481928e-05,1.877321230742135e-05,False,False,240.0,False,240.0,False,240.0,False,235.0,False
armA,17_5066645_C_T,Exc,SPAG7,1,1,0.00011448617715736908,1,1,0.00011448617715736908,1,1,0.00011448617715736908,3.4658686883570766e-05,True,True,150.0,False,150.0,False,150.0,False,206.0,False
armA,17_5066645_C_T,Exc,ZNF594,1,1,5.983866998313103e-05,1,1,5.983866998313103e-05,1,1,5.983866998313103e-05,2.5311918048442905e-05,True,True,194.0,False,194.0,False,194.0,False,224.0,False
armA,17_5066645_C_T,Mic,ARRB2,1,1,0.0032655251603137536,1,1,0.0032655251603137536,1,1,0.0032655251603137536,0.00017819478718017479,False,False,16.0,True,16.0,True,16.0,True,108.0,False
armA,17_5066645_C_T,Mic,C1QBP,1,1,0.00048346137150723223,1,1,0.00048346137150723223,1,1,0.00048346137150723223,0.0006344049583224542,False,False,69.0,False,69.0,False,69.0,False,52.0,False
armA,17_5066645_C_T,Mic,CAMTA2,1,1,0.00046716724364664897,1,1,0.00046716724364664897,1,1,0.00046716724364664897,0.0003810712659317317,False,False,72.0,False,72.0,False,72.0,False,81.0,False
armA,17_5066645_C_T,Mic,CXCL16,1,1,0.000573820232597777,1,1,0.000573820232597777,1,1,0.000573820232597777,0.0030797923256888904,False,False,63.0,False,63.0,False,63.0,False,6.0,True
armA,17_5066645_C_T,Mic,MINK1,1,1,6.288848122631974e-05,1,1,6.288848122631974e-05,1,1,6.288848122631974e-05,0.0005410084672961557,True,True,137.0,False,137.0,False,137.0,False,59.0,False
armA,17_5066645_C_T,Mic,NLRP1,1,1,4.400173761720527e-05,1,1,4.400173761720527e-05,1,1,4.400173761720527e-05,0.00031994761586795484,False,False,151.0,False,151.0,False,151.0,False,86.0,False
armA,17_5066645_C_T,Mic,NUP88,1,1,0.00046962651709325787,1,1,0.00046962651709325787,1,1,0.00046962651709325787,0.0002255163934301585,False,False,71.0,False,71.0,False,71.0,False,102.0,False
armA,17_5066645_C_T,Mic,PFN1,1,1,0.00027251745396839056,1,1,0.00027251745396839056,1,1,0.00027251745396839056,0.0010543568087237887,False,False,89.0,False,89.0,False,89.0,False,26.0,True
armA,17_5066645_C_T,Mic,RABEP1,1,1,0.00014438481075251808,1,1,0.00014438481075251808,1,1,0.00014438481075251808,9.11984417177325e-05,True,True,111.0,False,111.0,False,111.0,False,129.0,False
armA,17_5066645_C_T,Mic,RNF167,1,1,0.00014065968084753244,1,1,0.00014065968084753244,1,1,0.00014065968084753244,3.3570082647926824e-05,False,False,112.0,False,112.0,False,112.0,False,148.0,False
armA,17_5066645_C_T,Mic,RPAIN,1,1,0.00044016765817811443,1,1,0.00044016765817811443,1,1,0.00044016765817811443,0.0004908251470657765,False,False,74.0,False,74.0,False,74.0,False,66.0,False
armA,17_5066645_C_T,Mic,SCIMP,1,1,0.0015721871077558625,1,1,0.0015721871077558625,1,1,0.0015721871077558625,0.0005759353330190287,True,True,28.0,True,28.0,True,28.0,True,56.0,False
armA,17_5066645_C_T,Mic,SLC25A11,1,1,0.0001979463573318352,1,1,0.0001979463573318352,1,1,0.0001979463573318352,0.0010367546938385708,False,False,100.0,False,100.0,False,100.0,False,28.0,True
armA,17_5066645_C_T,Mic,ZNF594,1,1,4.774876977803322e-05,1,1,4.774876977803322e-05,1,1,4.774876977803322e-05,0.00010972192045115292,False,False,145.0,False,145.0,False,145.0,False,124.0,False
armA,17_58331728_G_C,Ast,CUEDC1,1,1,0.0002084536024258843,1,1,0.0002084536024258843,1,1,0.0002084536024258843,0.0001505449413557458,False,False,133.0,False,133.0,False,133.0,False,148.0,False
armA,17_58331728_G_C,Ast,DYNLL2,1,1,0.00025943768159053526,1,1,0.00025943768159053526,1,1,0.00025943768159053526,0.0002460984671234234,False,False,113.0,False,113.0,False,113.0,False,109.0,False
armA,17_58331728_G_C,Ast,MKS1,1,1,0.00019240366042422297,1,1,0.00019240366042422297,1,1,0.00019240366042422297,0.0001226607942454161,False,False,140.0,False,140.0,False,140.0,False,160.0,False
armA,17_58331728_G_C,Ast,MRPS23,1,1,0.00020131292853223237,1,1,0.00020131292853223237,1,1,0.00020131292853223237,2.777619807176057e-05,False,False,137.0,False,137.0,False,137.0,False,226.0,False
armA,17_58331728_G_C,Ast,MTMR4,1,1,0.0007037110684933179,1,1,0.0007037110684933179,1,1,0.0007037110684933179,0.0003833258252470273,False,False,47.0,True,47.0,True,47.0,True,75.0,False
armA,17_58331728_G_C,Ast,RAD51C,1,1,0.00021131665884063788,1,1,0.00021131665884063788,1,1,0.00021131665884063788,3.794650158203683e-05,True,True,130.0,False,130.0,False,130.0,False,217.0,False
armA,17_58331728_G_C,Ast,RNF43,1,1,1.2457954695818934e-06,1,1,1.2457954695818934e-06,1,1,1.2457954695818934e-06,2.8934785209144224e-06,False,False,277.0,False,277.0,False,277.0,False,272.0,False
armA,17_58331728_G_C,Ast,SEPTIN4,1,1,6.061254790329373e-06,1,1,6.061254790329373e-06,1,1,6.061254790329373e-06,5.529437317750713e-05,False,False,263.0,False,263.0,False,263.0,False,205.0,False
armA,17_58331728_G_C,Ast,SRSF1,1,1,0.00038939097974222125,1,1,0.00038939097974222125,1,1,0.00038939097974222125,0.00029001865630162715,False,False,88.0,False,88.0,False,88.0,False,97.0,False
armA,17_58331728_G_C,Ast,SUPT4H1,1,1,0.0010387425833874309,1,1,0.0010387425833874309,1,1,0.0010387425833874309,0.00042397266028404434,False,False,25.0,True,25.0,True,25.0,True,62.0,False
armA,17_58331728_G_C,Ast,TEX14,1,1,1.992289880163741e-06,1,1,1.992289880163741e-06,1,1,1.992289880163741e-06,1.0947964141647462e-06,False,False,273.0,False,273.0,False,273.0,False,279.0,False
armA,17_58331728_G_C,Ast,TSPOAP1,1,1,3.0156544338582822e-05,1,1,3.0156544338582822e-05,1,1,3.0156544338582822e-05,8.310360664350036e-06,True,True,223.0,False,223.0,False,223.0,False,250.0,False
armA,17_58331728_G_C,Ast,TSPOAP1-AS1,1,1,5.3745554187911715e-05,1,1,5.3745554187911715e-05,1,1,5.3745554187911715e-05,0.00010711889868567082,False,False,204.0,False,204.0,False,204.0,False,175.0,False
armA,17_58331728_G_C,Ast,VEZF1,1,1,0.0006182550443091239,1,1,0.0006182550443091239,1,1,0.0006182550443091239,0.0003780942783982999,False,False,57.0,False,57.0,False,57.0,False,76.0,False
armA,17_58331728_G_C,Exc,CUEDC1,1,1,0.00030029822316671173,1,1,0.00030029822316671173,1,1,0.00030029822316671173,1.630463532636961e-05,False,False,66.0,True,66.0,True,66.0,True,240.0,False
armA,17_58331728_G_C,Exc,DYNLL2,1,1,5.8328278509822695e-05,1,1,5.8328278509822695e-05,1,1,5.8328278509822695e-05,4.7684847692130994e-05,True,True,197.0,False,197.0,False,197.0,False,195.0,False
armA,17_58331728_G_C,Exc,MKS1,1,1,4.585541314716668e-06,1,1,4.585541314716668e-06,1,1,4.585541314716668e-06,1.726878480057259e-05,True,True,263.0,False,263.0,False,263.0,False,239.0,False
armA,17_58331728_G_C,Exc,MRPS23,1,1,4.4636387530855304e-05,1,1,4.4636387530855304e-05,1,1,4.4636387530855304e-05,3.0502645665592132e-05,False,False,207.0,False,207.0,False,207.0,False,214.0,False
armA,17_58331728_G_C,Exc,MTMR4,1,1,0.00013662593985208638,1,1,0.00013662593985208638,1,1,0.00013662593985208638,0.0005751951468141447,False,False,131.0,True,131.0,True,131.0,True,19.0,True
armA,17_58331728_G_C,Exc,RAD51C,1,1,2.333588947925347e-05,1,1,2.333588947925347e-05,1,1,2.333588947925347e-05,8.35143519904713e-06,True,True,230.0,False,230.0,False,230.0,False,252.0,False
armA,17_58331728_G_C,Exc,SEPTIN4,1,1,2.785879478464648e-05,1,1,2.785879478464648e-05,1,1,2.785879478464648e-05,0.00013501489038716952,True,True,223.0,False,223.0,False,223.0,False,114.0,True
armA,17_58331728_G_C,Exc,SRSF1,1,1,6.390067947492639e-05,1,1,6.390067947492639e-05,1,1,6.390067947492639e-05,0.0001114977155406427,False,False,190.0,False,190.0,False,190.0,False,125.0,True
armA,17_58331728_G_C,Exc,SUPT4H1,1,1,0.0002565498070798977,1,1,0.0002565498070798977,1,1,0.0002565498070798977,9.976961998525713e-05,False,False,83.0,True,83.0,True,83.0,True,138.0,False
armA,17_58331728_G_C,Exc,TSPOAP1,1,1,0.0002411823956955106,1,1,0.0002411823956955106,1,1,0.0002411823956955106,0.00016329563640457567,True,True,89.0,True,89.0,True,89.0,True,100.0,True
armA,17_58331728_G_C,Exc,TSPOAP1-AS1,1,1,0.00010064713136291592,1,1,0.00010064713136291592,1,1,0.00010064713136291592,2.7864889099817047e-05,False,False,158.0,False,158.0,False,158.0,False,219.0,False
armA,17_58331728_G_C,Exc,VEZF1,1,1,3.471408312494262e-05,1,1,3.471408312494262e-05,1,1,3.471408312494262e-05,0.00037593738299213086,False,False,216.0,False,216.0,False,216.0,False,33.0,True
armA,17_58331728_G_C,Mic,CUEDC1,1,1,5.317331609035192e-05,1,1,5.317331609035192e-05,1,1,5.317331609035192e-05,8.357219236608537e-05,False,False,143.0,False,143.0,False,143.0,False,131.0,False
armA,17_58331728_G_C,Mic,DYNLL2,1,1,0.00010717250334851824,1,1,0.00010717250334851824,1,1,0.00010717250334851824,0.00012024673223239024,False,False,123.0,False,123.0,False,123.0,False,117.0,False
armA,17_58331728_G_C,Mic,MTMR4,1,1,0.0005552972404139211,1,1,0.0005552972404139211,1,1,0.0005552972404139211,0.0002875338046347542,False,False,65.0,False,65.0,False,65.0,False,90.0,False
armA,17_58331728_G_C,Mic,RAD51C,1,1,6.0597989623045745e-05,1,1,6.0597989623045745e-05,1,1,6.0597989623045745e-05,4.635373471276183e-05,False,False,139.0,False,139.0,False,139.0,False,141.0,False
armA,17_58331728_G_C,Mic,SEPTIN4,1,1,1.3175312192380273e-05,1,1,1.3175312192380273e-05,1,1,1.3175312192380273e-05,3.96905613227784e-05,False,False,165.0,False,165.0,False,165.0,False,145.0,False
armA,17_58331728_G_C,Mic,SRSF1,1,1,0.0007438998157142107,1,1,0.0007438998157142107,1,1,0.0007438998157142107,0.00027875045470693305,False,False,55.0,False,55.0,False,55.0,False,91.0,False
armA,17_58331728_G_C,Mic,TSPOAP1,1,1,4.704811210505533e-05,1,1,4.704811210505533e-05,1,1,4.704811210505533e-05,0.0005093821325036219,False,False,146.0,False,146.0,False,146.0,False,63.0,False
armA,17_58331728_G_C,Mic,VEZF1,1,1,0.00014474615216358844,1,1,0.00014474615216358844,1,1,0.00014474615216358844,8.413460929501682e-06,False,False,110.0,False,110.0,False,110.0,False,161.0,False
armA,17_63468418_C_T,Ast,AC015923.1,1,1,7.583388705106539e-07,1,1,7.583388705106539e-07,1,1,7.583388705106539e-07,5.911162355367802e-06,False,False,280.0,False,280.0,False,280.0,False,260.0,False
armA,17_63468418_C_T,Ast,CCDC47,1,1,0.0005920800737273524,1,1,0.0005920800737273524,1,1,0.0005920800737273524,1.2080257384194937e-05,False,False,63.0,False,63.0,False,63.0,False,244.0,False
armA,17_63468418_C_T,Ast,CYB561,1,1,0.000113346104410883,1,1,0.000113346104410883,1,1,0.000113346104410883,0.00015601798374487164,False,False,172.0,False,172.0,False,172.0,False,145.0,False
armA,17_63468418_C_T,Ast,DCAF7,1,1,0.0006613245120573596,1,1,0.0006613245120573596,1,1,0.0006613245120573596,0.00039160852861386264,False,False,52.0,True,52.0,True,52.0,True,72.0,False
armA,17_63468418_C_T,Ast,DDX42,1,1,5.0915788671446194e-05,1,1,5.0915788671446194e-05,1,1,5.0915788671446194e-05,0.00038556645904297415,False,False,208.0,False,208.0,False,208.0,False,73.0,False
armA,17_63468418_C_T,Ast,FTSJ3,1,1,0.0003436059987306783,1,1,0.0003436059987306783,1,1,0.0003436059987306783,0.00024302616182825254,False,False,93.0,False,93.0,False,93.0,False,111.0,False
armA,17_63468418_C_T,Ast,MAP3K3,1,1,0.0003907458150030907,1,1,0.0003907458150030907,1,1,0.0003907458150030907,3.596744943834551e-05,False,False,87.0,False,87.0,False,87.0,False,219.0,False
armA,17_63468418_C_T,Ast,PSMC5,1,1,9.760606914155368e-05,1,1,9.760606914155368e-05,1,1,9.760606914155368e-05,5.000726519543974e-06,True,True,178.0,False,178.0,False,178.0,False,262.0,False
armA,17_63468418_C_T,Ast,SMARCD2,1,1,0.0002438344823325611,1,1,0.0002438344823325611,1,1,0.0002438344823325611,0.00019901866866556261,True,True,118.0,False,118.0,False,118.0,False,124.0,False
armA,17_63468418_C_T,Ast,STRADA,1,1,9.545188313644926e-05,1,1,9.545188313644926e-05,1,1,9.545188313644926e-05,0.00017799680588578837,False,False,179.0,False,179.0,False,179.0,False,136.0,False
armA,17_63468418_C_T,Ast,TACO1,1,1,0.000626060206534107,1,1,0.000626060206534107,1,1,0.000626060206534107,0.0002496060010961365,False,False,55.0,True,55.0,True,55.0,True,108.0,False
armA,17_63468418_C_T,Ast,TANC2,1,1,8.475573942143266e-05,1,1,8.475573942143266e-05,1,1,8.475573942143266e-05,4.520251994838409e-05,False,False,187.0,False,187.0,False,187.0,False,214.0,False
armA,17_63468418_C_T,Exc,AC015923.1,1,1,0.00018021304870521893,1,1,0.00018021304870521893,1,1,0.00018021304870521893,7.550613101421633e-05,False,False,114.0,True,114.0,True,114.0,True,163.0,False
armA,17_63468418_C_T,Exc,ACE,1,1,0.01804454148452804,1,1,0.01804454148452804,1,1,0.01804454148452804,5.0887771252061675e-05,True,True,2.0,True,2.0,True,2.0,True,187.0,False
armA,17_63468418_C_T,Exc,CCDC47,1,1,7.090232896589388e-05,1,1,7.090232896589388e-05,1,1,7.090232896589388e-05,8.985036797559687e-05,False,False,186.0,False,186.0,False,186.0,False,146.0,False
armA,17_63468418_C_T,Exc,CYB561,1,1,0.00013002104884105026,1,1,0.00013002104884105026,1,1,0.00013002104884105026,0.00029111183723548595,True,True,137.0,False,137.0,False,137.0,False,45.0,True
armA,17_63468418_C_T,Exc,DCAF7,1,1,0.00011151106748352735,1,1,0.00011151106748352735,1,1,0.00011151106748352735,8.328533251200643e-05,True,True,152.0,False,152.0,False,152.0,False,154.0,False
armA,17_63468418_C_T,Exc,DDX42,1,1,0.00022766115233840978,1,1,0.00022766115233840978,1,1,0.00022766115233840978,5.485563949692018e-05,False,False,94.0,True,94.0,True,94.0,True,183.0,False
armA,17_63468418_C_T,Exc,FTSJ3,1,1,6.292297738569319e-05,1,1,6.292297738569319e-05,1,1,6.292297738569319e-05,0.00010791790214648156,True,True,191.0,False,191.0,False,191.0,False,130.0,True
armA,17_63468418_C_T,Exc,LIMD2,1,1,0.0009276313235989653,1,1,0.0009276313235989653,1,1,0.0009276313235989653,0.0008124952298624866,False,False,17.0,True,17.0,True,17.0,True,15.0,True
armA,17_63468418_C_T,Exc,MAP3K3,1,1,0.00023781464412092612,1,1,0.00023781464412092612,1,1,0.00023781464412092612,8.005481517470159e-06,True,True,90.0,True,90.0,True,90.0,True,253.0,False
armA,17_63468418_C_T,Exc,PSMC5,1,1,0.00037066406071473157,1,1,0.00037066406071473157,1,1,0.00037066406071473157,0.0001812176804055765,True,True,46.0,True,46.0,True,46.0,True,89.0,True
armA,17_63468418_C_T,Exc,SMARCD2,1,1,0.0002361272865752384,1,1,0.0002361272865752384,1,1,0.0002361272865752384,2.049289506367291e-05,True,True,91.0,True,91.0,True,91.0,True,231.0,False
armA,17_63468418_C_T,Exc,STRADA,1,1,0.0005309884620970373,1,1,0.0005309884620970373,1,1,0.0005309884620970373,0.00025523174952951644,True,True,28.0,True,28.0,True,28.0,True,55.0,True
armA,17_63468418_C_T,Exc,TACO1,1,1,8.824334920029542e-05,1,1,8.824334920029542e-05,1,1,8.824334920029542e-05,0.00019625795297542603,False,False,167.0,False,167.0,False,167.0,False,81.0,True
armA,17_63468418_C_T,Exc,TANC2,1,1,0.0014839966271864014,1,1,0.0014839966271864014,1,1,0.0014839966271864014,3.0338589843359465e-05,True,True,11.0,True,11.0,True,11.0,True,215.0,False
armA,17_63468418_C_T,Mic,AC015923.1,1,1,1.3307146220904904e-05,1,1,1.3307146220904904e-05,1,1,1.3307146220904904e-05,1.1310035741863081e-05,False,False,164.0,False,164.0,False,164.0,False,157.0,False
armA,17_63468418_C_T,Mic,CCDC47,1,1,0.0010758039483008686,1,1,0.0010758039483008686,1,1,0.0010758039483008686,0.00028941142196303726,False,False,44.0,False,44.0,False,44.0,False,89.0,False
armA,17_63468418_C_T,Mic,DCAF7,1,1,0.0011992282950731292,1,1,0.0011992282950731292,1,1,0.0011992282950731292,0.00034675167796438533,False,False,40.0,False,40.0,False,40.0,False,83.0,False
armA,17_63468418_C_T,Mic,DDX42,1,1,2.4968063488173264e-05,1,1,2.4968063488173264e-05,1,1,2.4968063488173264e-05,0.00013404064561839402,False,False,158.0,False,158.0,False,158.0,False,115.0,False
armA,17_63468418_C_T,Mic,LIMD2,1,1,0.00015280332480549497,1,1,0.00015280332480549497,1,1,0.00015280332480549497,0.0006873468785280057,False,False,108.0,False,108.0,False,108.0,False,48.0,False
armA,17_63468418_C_T,Mic,MAP3K3,1,1,0.0019491149027577315,1,1,0.0019491149027577315,1,1,0.0019491149027577315,0.0004504930986025668,True,True,22.0,True,22.0,True,22.0,True,74.0,False
armA,17_63468418_C_T,Mic,PSMC5,1,1,0.0008119690682484304,1,1,0.0008119690682484304,1,1,0.0008119690682484304,0.0002457904311654602,False,False,53.0,False,53.0,False,53.0,False,96.0,False
armA,17_63468418_C_T,Mic,STRADA,1,1,0.00017927802868411558,1,1,0.00017927802868411558,1,1,0.00017927802868411558,0.00016291028601744806,False,False,102.0,False,102.0,False,102.0,False,110.0,False
armA,17_63468418_C_T,Mic,TANC2,1,1,5.8689895924599056e-05,1,1,5.8689895924599056e-05,1,1,5.8689895924599056e-05,4.2374886942420087e-07,False,False,140.0,False,140.0,False,140.0,False,176.0,False
armA,19_44946027_T_G,Ast,APOC1,1,1,0.0008282286772690467,1,1,0.0008282286772690467,1,1,0.0008282286772690467,5.824308881449691e-05,False,False,37.0,True,37.0,True,37.0,True,202.0,False
armA,19_44946027_T_G,Ast,APOE,1,1,0.006823786464015713,1,1,0.006823786464015713,1,1,0.006823786464015713,0.0018883484294531794,False,False,4.0,True,4.0,True,4.0,True,5.0,True
armA,19_44946027_T_G,Ast,BCAM,1,1,0.0020501068866397576,1,1,0.0020501068866397576,1,1,0.0020501068866397576,0.0002396386116609306,False,False,10.0,True,10.0,True,10.0,True,112.0,False
armA,19_44946027_T_G,Ast,CLASRP,1,1,8.871493343112768e-05,1,1,8.871493343112768e-05,1,1,8.871493343112768e-05,3.505035488546304e-05,False,False,185.0,False,185.0,False,185.0,False,220.0,False
armA,19_44946027_T_G,Ast,CLPTM1,1,1,0.010621639731406063,1,1,0.010621639731406063,1,1,0.010621639731406063,7.916961644505172e-05,False,False,2.0,True,2.0,True,2.0,True,191.0,False
armA,19_44946027_T_G,Ast,ERCC1,1,1,0.0005072681648556898,1,1,0.0005072681648556898,1,1,0.0005072681648556898,0.0005111857321636881,False,False,74.0,False,74.0,False,74.0,False,50.0,True
armA,19_44946027_T_G,Ast,ERCC2,1,1,0.0002655347071882086,1,1,0.0002655347071882086,1,1,0.0002655347071882086,0.0003492405901049378,False,False,111.0,False,111.0,False,111.0,False,82.0,False
armA,19_44946027_T_G,Ast,GEMIN7-AS1,1,1,4.71589074824974e-05,1,1,4.71589074824974e-05,1,1,4.71589074824974e-05,0.0003247284138866713,False,False,212.0,False,212.0,False,212.0,False,89.0,False
armA,19_44946027_T_G,Ast,MARK4,1,1,9.032336462977408e-05,1,1,9.032336462977408e-05,1,1,9.032336462977408e-05,3.7157518400776635e-06,False,False,184.0,False,184.0,False,184.0,False,269.0,False
armA,19_44946027_T_G,Ast,NECTIN2,1,1,0.0005724110083675793,1,1,0.0005724110083675793,1,1,0.0005724110083675793,0.0007688064099302672,True,True,65.0,False,65.0,False,65.0,False,33.0,True
armA,19_44946027_T_G,Ast,PPP1R13L,1,1,2.027391035722137e-05,1,1,2.027391035722137e-05,1,1,2.027391035722137e-05,5.2720196800679076e-05,False,False,233.0,False,233.0,False,233.0,False,209.0,False
armA,19_44946027_T_G,Ast,PPP1R37,1,1,0.0002511845499919563,1,1,0.0002511845499919563,1,1,0.0002511845499919563,0.00032926085485684986,False,False,114.0,False,114.0,False,114.0,False,88.0,False
armA,19_44946027_T_G,Ast,PVR,1,1,0.00015552191978551733,1,1,0.00015552191978551733,1,1,0.00015552191978551733,9.548038201268039e-05,False,False,154.0,False,154.0,False,154.0,False,182.0,False
armA,19_44946027_T_G,Ast,TOMM40,1,1,0.0008256638922421455,1,1,0.0008256638922421455,1,1,0.0008256638922421455,0.00027498729685937473,False,False,38.0,True,38.0,True,38.0,True,101.0,False
armA,19_44946027_T_G,Ast,TRAPPC6A,1,1,0.0002619138721701164,1,1,0.0002619138721701164,1,1,0.0002619138721701164,0.0001624299605212931,False,False,112.0,False,112.0,False,112.0,False,140.0,False
armA,19_44946027_T_G,Ast,ZNF180,1,1,2.624526528348381e-05,1,1,2.624526528348381e-05,1,1,2.624526528348381e-05,1.1965662065294147e-05,False,False,225.0,False,225.0,False,225.0,False,245.0,False
armA,19_44946027_T_G,Ast,ZNF229,1,1,0.0002882029190669766,1,1,0.0002882029190669766,1,1,0.0002882029190669766,3.6304674384063373e-05,False,False,103.0,False,103.0,False,103.0,False,218.0,False
armA,19_44946027_T_G,Exc,APOE,1,1,0.0019804756859608252,1,1,0.0019804756859608252,1,1,0.0019804756859608252,0.001219725548435524,False,False,6.0,True,6.0,True,6.0,True,7.0,True
armA,19_44946027_T_G,Exc,CEACAM19,1,1,5.284524566863402e-07,1,1,5.284524566863402e-07,1,1,5.284524566863402e-07,6.517814935987423e-05,True,True,271.0,False,271.0,False,271.0,False,168.0,False
armA,19_44946027_T_G,Exc,CLASRP,1,1,3.011340946079688e-05,1,1,3.011340946079688e-05,1,1,3.011340946079688e-05,1.0979361140306398e-05,False,False,221.0,False,221.0,False,221.0,False,249.0,False
armA,19_44946027_T_G,Exc,CLPTM1,1,1,0.0010169753233674195,1,1,0.0010169753233674195,1,1,0.0010169753233674195,9.237173464871073e-05,False,False,15.0,True,15.0,True,15.0,True,143.0,False
armA,19_44946027_T_G,Exc,ERCC1,1,1,0.0001523288478500473,1,1,0.0001523288478500473,1,1,0.0001523288478500473,4.9727826051004786e-05,True,True,126.0,True,126.0,True,126.0,True,190.0,False
armA,19_44946027_T_G,Exc,ERCC2,1,1,2.8698317168784904e-05,1,1,2.8698317168784904e-05,1,1,2.8698317168784904e-05,2.2291508372573876e-05,True,True,222.0,False,222.0,False,222.0,False,226.0,False
armA,19_44946027_T_G,Exc,GEMIN7-AS1,1,1,1.662614572965626e-05,1,1,1.662614572965626e-05,1,1,1.662614572965626e-05,0.00011041210881027053,False,False,242.0,False,242.0,False,242.0,False,126.0,True
armA,19_44946027_T_G,Exc,MARK4,1,1,2.3486327328681167e-05,1,1,2.3486327328681167e-05,1,1,2.3486327328681167e-05,0.00017284541827600197,False,False,229.0,False,229.0,False,229.0,False,93.0,True
armA,19_44946027_T_G,Exc,PPP1R37,1,1,0.00010044558204014287,1,1,0.00010044558204014287,1,1,0.00010044558204014287,3.398448229763318e-05,False,False,159.0,False,159.0,False,159.0,False,207.0,False
armA,19_44946027_T_G,Exc,PVR,1,1,0.00012424676498529186,1,1,0.00012424676498529186,1,1,0.00012424676498529186,5.440551422281059e-05,True,True,141.0,False,141.0,False,141.0,False,185.0,False
armA,19_44946027_T_G,Exc,TOMM40,1,1,0.0005119571685064939,1,1,0.0005119571685064939,1,1,0.0005119571685064939,3.2397461753097545e-05,False,False,32.0,True,32.0,True,32.0,True,210.0,False
armA,19_44946027_T_G,Exc,TRAPPC6A,1,1,1.0119193447649666e-05,1,1,1.0119193447649666e-05,1,1,1.0119193447649666e-05,3.281328557683261e-05,False,False,254.0,False,254.0,False,254.0,False,209.0,False
armA,19_44946027_T_G,Exc,ZNF180,1,1,6.033389495836705e-05,1,1,6.033389495836705e-05,1,1,6.033389495836705e-05,2.373592666374269e-06,True,True,193.0,False,193.0,False,193.0,False,265.0,False
armA,19_44946027_T_G,Mic,APOC1,1,1,0.01807681340528222,1,1,0.01807681340528222,1,1,0.01807681340528222,0.010899367118782921,True,True,2.0,True,2.0,True,2.0,True,2.0,True
armA,19_44946027_T_G,Mic,APOC2,1,1,0.006711397909240385,1,1,0.006711397909240385,1,1,0.006711397909240385,0.06495871956332985,False,False,10.0,True,10.0,True,10.0,True,1.0,True
armA,19_44946027_T_G,Mic,APOE,1,1,0.014925676541702515,1,1,0.014925676541702515,1,1,0.014925676541702515,0.005428803087431433,True,True,5.0,True,5.0,True,5.0,True,3.0,True
armA,19_44946027_T_G,Mic,CLASRP,1,1,0.0002329463378979435,1,1,0.0002329463378979435,1,1,0.0002329463378979435,1.2495715892069104e-05,False,False,96.0,False,96.0,False,96.0,False,154.0,False
armA,19_44946027_T_G,Mic,CLPTM1,1,1,0.00829780085455012,1,1,0.00829780085455012,1,1,0.00829780085455012,0.000886672812300926,False,False,9.0,True,9.0,True,9.0,True,38.0,False
armA,19_44946027_T_G,Mic,ERCC1,1,1,0.00031949774861750324,1,1,0.00031949774861750324,1,1,0.00031949774861750324,0.0006220861687558088,False,False,85.0,False,85.0,False,85.0,False,53.0,False
armA,19_44946027_T_G,Mic,GEMIN7-AS1,1,1,0.0010695659898873333,1,1,0.0010695659898873333,1,1,0.0010695659898873333,0.00011709661548353623,False,False,46.0,False,46.0,False,46.0,False,121.0,False
armA,19_44946027_T_G,Mic,MARK4,1,1,5.8361034774738474e-05,1,1,5.8361034774738474e-05,1,1,5.8361034774738474e-05,1.1615970701976674e-05,False,False,141.0,False,141.0,False,141.0,False,156.0,False
armA,19_48710247_G_A,Ast,BAX,1,1,0.0003728054931793068,1,1,0.0003728054931793068,1,1,0.0003728054931793068,0.0008560764743148486,False,False,90.0,False,90.0,False,90.0,False,26.0,True
armA,19_48710247_G_A,Ast,BCAT2,1,1,0.00029614333463645615,1,1,0.00029614333463645615,1,1,0.00029614333463645615,0.0004099971397827362,False,False,97.0,False,97.0,False,97.0,False,66.0,False
armA,19_48710247_G_A,Ast,CA11,1,1,5.221426465359599e-05,1,1,5.221426465359599e-05,1,1,5.221426465359599e-05,2.5315837863526536e-05,False,False,205.0,False,205.0,False,205.0,False,228.0,False
armA,19_48710247_G_A,Ast,CARD8,1,1,3.624534164334281e-05,1,1,3.624534164334281e-05,1,1,3.624534164334281e-05,9.824504663222267e-05,False,False,220.0,False,220.0,False,220.0,False,179.0,False
armA,19_48710247_G_A,Ast,CYTH2,1,1,8.806339893918658e-06,1,1,8.806339893918658e-06,1,1,8.806339893918658e-06,0.00011267360244360258,False,False,254.0,False,254.0,False,254.0,False,169.0,False
armA,19_48710247_G_A,Ast,DBP,1,1,0.00018668251034256733,1,1,0.00018668251034256733,1,1,0.00018668251034256733,0.00010466940285618065,False,False,142.0,False,142.0,False,142.0,False,176.0,False
armA,19_48710247_G_A,Ast,EMP3,1,1,0.0016954702018954215,1,1,0.0016954702018954215,1,1,0.0016954702018954215,0.0004725372398721728,False,False,14.0,True,14.0,True,14.0,True,53.0,True
armA,19_48710247_G_A,Ast,FTL,1,1,0.0004273783705475154,1,1,0.0004273783705475154,1,1,0.0004273783705475154,0.0015803665300584413,False,False,83.0,False,83.0,False,83.0,False,7.0,True
armA,19_48710247_G_A,Ast,GRIN2D,1,1,1.9300298480941225e-05,1,1,1.9300298480941225e-05,1,1,1.9300298480941225e-05,7.858545122651356e-06,False,False,234.0,False,234.0,False,234.0,False,252.0,False
armA,19_48710247_G_A,Ast,GYS1,1,1,0.0002312404689809311,1,1,0.0002312404689809311,1,1,0.0002312404689809311,0.0005816898552928329,False,False,122.0,False,122.0,False,122.0,False,42.0,True
armA,19_48710247_G_A,Ast,HSD17B14,1,1,0.0002704822843012378,1,1,0.0002704822843012378,1,1,0.0002704822843012378,0.0001510805151857253,False,False,109.0,False,109.0,False,109.0,False,146.0,False
armA,19_48710247_G_A,Ast,KDELR1,1,1,0.0007970740625893313,1,1,0.0007970740625893313,1,1,0.0007970740625893313,0.0011511991478323491,False,False,40.0,True,40.0,True,40.0,True,15.0,True
armA,19_48710247_G_A,Ast,LIN7B,1,1,9.348807817552429e-05,1,1,9.348807817552429e-05,1,1,9.348807817552429e-05,0.0006000427408397735,False,False,181.0,False,181.0,False,181.0,False,41.0,True
armA,19_48710247_G_A,Ast,LMTK3,1,1,4.08235685840988e-07,1,1,4.08235685840988e-07,1,1,4.08235685840988e-07,6.32589242090904e-06,False,False,283.0,False,283.0,False,283.0,False,256.0,False
armA,19_48710247_G_A,Ast,MAMSTR,1,1,0.00018449291699318415,1,1,0.00018449291699318415,1,1,0.00018449291699318415,9.416673548099871e-05,False,False,143.0,False,143.0,False,143.0,False,183.0,False
armA,19_48710247_G_A,Ast,NTN5,1,1,6.129171954358074e-05,1,1,6.129171954358074e-05,1,1,6.129171954358074e-05,9.554840942986413e-06,True,True,199.0,False,199.0,False,199.0,False,248.0,False
armA,19_48710247_G_A,Ast,NUCB1,1,1,0.0011085884864103779,1,1,0.0011085884864103779,1,1,0.0011085884864103779,0.0019591695312901614,False,False,24.0,True,24.0,True,24.0,True,4.0,True
armA,19_48710247_G_A,Ast,PLEKHA4,1,1,0.0009235861069009643,1,1,0.0009235861069009643,1,1,0.0009235861069009643,0.0003774924612559294,False,False,30.0,True,30.0,True,30.0,True,77.0,False
armA,19_48710247_G_A,Ast,PPFIA3,1,1,9.225602260584664e-05,1,1,9.225602260584664e-05,1,1,9.225602260584664e-05,2.0371356558329667e-05,False,False,182.0,False,182.0,False,182.0,False,232.0,False
armA,19_48710247_G_A,Ast,PPP1R15A,1,1,0.00024768089050508646,1,1,0.00024768089050508646,1,1,0.00024768089050508646,0.0004094093474503735,False,False,117.0,False,117.0,False,117.0,False,68.0,False
armA,19_48710247_G_A,Ast,RPL18,1,1,0.0016945883203938195,1,1,0.0016945883203938195,1,1,0.0016945883203938195,0.0009027278106379377,False,False,15.0,True,15.0,True,15.0,True,24.0,True
armA,19_48710247_G_A,Ast,RUVBL2,1,1,0.00030983041446175363,1,1,0.00030983041446175363,1,1,0.00030983041446175363,9.602865221669532e-05,False,False,96.0,False,96.0,False,96.0,False,181.0,False
armA,19_48710247_G_A,Ast,SNRNP70,1,1,0.0008643682789706286,1,1,0.0008643682789706286,1,1,0.0008643682789706286,0.001149480519915258,True,True,34.0,True,34.0,True,34.0,True,17.0,True
armA,19_48710247_G_A,Ast,SPHK2,1,1,2.4988693383048988e-05,1,1,2.4988693383048988e-05,1,1,2.4988693383048988e-05,0.00015076438855821106,False,False,227.0,False,227.0,False,227.0,False,147.0,False
armA,19_48710247_G_A,Ast,TMEM143,1,1,2.4452649482281652e-05,1,1,2.4452649482281652e-05,1,1,2.4452649482281652e-05,0.00014503211352036305,True,True,229.0,False,229.0,False,229.0,False,151.0,False
armA,19_48710247_G_A,Ast,TRPM4,1,1,3.878619468516975e-06,1,1,3.878619468516975e-06,1,1,3.878619468516975e-06,0.000118795684712375,False,False,267.0,False,267.0,False,267.0,False,164.0,False
armA,19_48710247_G_A,Exc,BAX,1,1,0.00019040389715796469,1,1,0.00019040389715796469,1,1,0.00019040389715796469,0.00027640193906108834,False,False,110.0,True,110.0,True,110.0,True,53.0,True
armA,19_48710247_G_A,Exc,BCAT2,1,1,0.0003206604381036926,1,1,0.0003206604381036926,1,1,0.0003206604381036926,0.00016914540605328376,False,False,59.0,True,59.0,True,59.0,True,97.0,True
armA,19_48710247_G_A,Exc,CA11,1,1,0.0003421051274458131,1,1,0.0003421051274458131,1,1,0.0003421051274458131,0.0004414777298157313,False,False,53.0,True,53.0,True,53.0,True,28.0,True
armA,19_48710247_G_A,Exc,CYTH2,1,1,0.00022108252720465238,1,1,0.00022108252720465238,1,1,0.00022108252720465238,5.9121922819316275e-05,True,False,100.0,True,100.0,True,100.0,True,178.0,False
armA,19_48710247_G_A,Exc,DBP,1,1,0.0002856998047149617,1,1,0.0002856998047149617,1,1,0.0002856998047149617,1.016555750599224e-05,False,False,74.0,True,74.0,True,74.0,True,250.0,False
armA,19_48710247_G_A,Exc,FTL,1,1,0.00027040794435295723,1,1,0.00027040794435295723,1,1,0.00027040794435295723,0.0011301858539578546,False,False,78.0,True,78.0,True,78.0,True,8.0,True
armA,19_48710247_G_A,Exc,GRWD1,1,1,0.00010274603425960982,1,1,0.00010274603425960982,1,1,0.00010274603425960982,5.6879421080680004e-05,True,True,156.0,False,156.0,False,156.0,False,179.0,False
armA,19_48710247_G_A,Exc,GYS1,1,1,0.0002787422356291813,1,1,0.0002787422356291813,1,1,0.0002787422356291813,5.465122236564257e-05,True,True,77.0,True,77.0,True,77.0,True,184.0,False
armA,19_48710247_G_A,Exc,HSD17B14,1,1,9.091730183249935e-05,1,1,9.091730183249935e-05,1,1,9.091730183249935e-05,0.00024328781969440438,True,True,166.0,False,166.0,False,166.0,False,61.0,True
armA,19_48710247_G_A,Exc,KDELR1,1,1,9.528770748046256e-05,1,1,9.528770748046256e-05,1,1,9.528770748046256e-05,0.0003774990763372177,False,False,162.0,False,162.0,False,162.0,False,32.0,True
armA,19_48710247_G_A,Exc,LIN7B,1,1,0.00030645749490687546,1,1,0.00030645749490687546,1,1,0.00030645749490687546,0.00010285868599529957,False,False,64.0,True,64.0,True,64.0,True,136.0,False
armA,19_48710247_G_A,Exc,LMTK3,1,1,0.0001348112983564631,1,1,0.0001348112983564631,1,1,0.0001348112983564631,3.0871739735205406e-05,False,False,134.0,False,134.0,False,134.0,False,213.0,False
armA,19_48710247_G_A,Exc,NUCB1,1,1,0.00045218575344208034,1,1,0.00045218575344208034,1,1,0.00045218575344208034,0.0007640667578857618,True,True,34.0,True,34.0,True,34.0,True,17.0,True
armA,19_48710247_G_A,Exc,PPFIA3,1,1,0.00016863121544163917,1,1,0.00016863121544163917,1,1,0.00016863121544163917,0.00022624128536674615,True,True,122.0,True,122.0,True,122.0,True,69.0,True
armA,19_48710247_G_A,Exc,PPP1R15A,1,1,0.00045093591322076243,1,1,0.00045093591322076243,1,1,0.00045093591322076243,0.00040594349824130127,False,False,35.0,True,35.0,True,35.0,True,30.0,True
armA,19_48710247_G_A,Exc,RASIP1,1,1,7.010654062863247e-05,1,1,7.010654062863247e-05,1,1,7.010654062863247e-05,8.453513947979246e-05,False,False,187.0,False,187.0,False,187.0,False,153.0,False
armA,19_48710247_G_A,Exc,RPL18,1,1,0.0009889658914712385,1,1,0.0009889658914712385,1,1,0.0009889658914712385,0.00045563276151616705,False,False,16.0,True,16.0,True,16.0,True,27.0,True
armA,19_48710247_G_A,Exc,RUVBL2,1,1,3.8533392958339796e-05,1,1,3.8533392958339796e-05,1,1,3.8533392958339796e-05,9.11154679542614e-05,False,False,212.0,False,212.0,False,212.0,False,145.0,False
armA,19_48710247_G_A,Exc,SNRNP70,1,1,0.00033265758523981503,1,1,0.00033265758523981503,1,1,0.00033265758523981503,0.0002525454395325699,False,False,54.0,True,54.0,True,54.0,True,57.0,True
armA,19_48710247_G_A,Exc,SPHK2,1,1,0.0003249405965072838,1,1,0.0003249405965072838,1,1,0.0003249405965072838,0.0003841680138164105,True,True,58.0,True,58.0,True,58.0,True,31.0,True
armA,19_48710247_G_A,Exc,TMEM143,1,1,7.194937024992965e-05,1,1,7.194937024992965e-05,1,1,7.194937024992965e-05,9.170160604203559e-05,False,False,184.0,False,184.0,False,184.0,False,144.0,False
armA,19_48710247_G_A,Exc,TRPM4,1,1,9.90770608159941e-05,1,1,9.90770608159941e-05,1,1,9.90770608159941e-05,0.00010453620490907811,True,True,160.0,False,160.0,False,160.0,False,135.0,False
armA,19_48710247_G_A,Mic,BAX,1,1,0.0015429090934044876,1,1,0.0015429090934044876,1,1,0.0015429090934044876,0.0015949674670241443,False,False,29.0,True,29.0,True,29.0,True,15.0,True
armA,19_48710247_G_A,Mic,CA11,1,1,1.9892681902953027e-05,1,1,1.9892681902953027e-05,1,1,1.9892681902953027e-05,2.599478745599071e-05,False,False,162.0,False,162.0,False,162.0,False,150.0,False
armA,19_48710247_G_A,Mic,CARD8,1,1,0.00020982489310406027,1,1,0.00020982489310406027,1,1,0.00020982489310406027,0.0003158413429459328,False,False,97.0,False,97.0,False,97.0,False,88.0,False
armA,19_48710247_G_A,Mic,FTL,1,1,0.0015093325911648137,1,1,0.0015093325911648137,1,1,0.0015093325911648137,0.0006025590465554842,False,False,30.0,True,30.0,True,30.0,True,54.0,False
armA,19_48710247_G_A,Mic,GYS1,1,1,0.0004967671891917824,1,1,0.0004967671891917824,1,1,0.0004967671891917824,0.0009204721773259372,False,False,68.0,False,68.0,False,68.0,False,35.0,True
armA,19_48710247_G_A,Mic,LMTK3,1,1,6.955378251325556e-06,1,1,6.955378251325556e-06,1,1,6.955378251325556e-06,9.064355783157743e-07,False,False,172.0,False,172.0,False,172.0,False,174.0,False
armA,19_48710247_G_A,Mic,NUCB1,1,1,0.00010910171926514778,1,1,0.00010910171926514778,1,1,0.00010910171926514778,0.0005287318101172556,False,False,122.0,False,122.0,False,122.0,False,62.0,False
armA,19_48710247_G_A,Mic,PPFIA3,1,1,2.725021184673236e-06,1,1,2.725021184673236e-06,1,1,2.725021184673236e-06,4.9728233048156045e-06,False,False,173.0,False,173.0,False,173.0,False,166.0,False
armA,19_48710247_G_A,Mic,RPL18,1,1,0.001789298269375017,1,1,0.001789298269375017,1,1,0.001789298269375017,0.00122435244236474,False,False,23.0,True,23.0,True,23.0,True,20.0,True
armA,19_48710247_G_A,Mic,SNRNP70,1,1,0.0006593921536706127,1,1,0.0006593921536706127,1,1,0.0006593921536706127,0.0017853358572583744,False,False,61.0,False,61.0,False,61.0,False,13.0,True
armA,19_51234736_T_G,Ast,CLDND2,1,1,2.517118610657204e-05,1,1,2.517118610657204e-05,1,1,2.517118610657204e-05,4.847696332803929e-05,False,False,226.0,False,226.0,False,226.0,False,212.0,False
armA,19_51234736_T_G,Ast,CLEC11A,1,1,0.0017782252740285998,1,1,0.0017782252740285998,1,1,0.0017782252740285998,0.0006787443709570518,False,False,13.0,True,13.0,True,13.0,True,39.0,True
armA,19_51234736_T_G,Ast,ETFB,1,1,0.0009250986867654909,1,1,0.0009250986867654909,1,1,0.0009250986867654909,0.0012890758624319876,False,False,29.0,True,29.0,True,29.0,True,14.0,True
armA,19_51234736_T_G,Ast,IGLON5,1,1,4.529915438307918e-06,1,1,4.529915438307918e-06,1,1,4.529915438307918e-06,1.2606433532340745e-06,False,False,264.0,False,264.0,False,264.0,False,277.0,False
armA,19_51234736_T_G,Ast,SPACA6,1,1,0.00029141901752630095,1,1,0.00029141901752630095,1,1,0.00029141901752630095,0.00020167304392212926,False,False,100.0,False,100.0,False,100.0,False,123.0,False
armA,19_51234736_T_G,Ast,ZNF175,1,1,5.1277836166610524e-05,1,1,5.1277836166610524e-05,1,1,5.1277836166610524e-05,8.008148938841442e-05,False,False,206.0,False,206.0,False,206.0,False,189.0,False
armA,19_51234736_T_G,Exc,CLEC11A,1,1,0.00029428355349081503,1,1,0.00029428355349081503,1,1,0.00029428355349081503,7.815140573400048e-05,True,True,71.0,True,71.0,True,71.0,True,162.0,False
armA,19_51234736_T_G,Exc,ETFB,1,1,0.0003172735975980334,1,1,0.0003172735975980334,1,1,0.0003172735975980334,0.00014339301307453312,False,False,61.0,True,61.0,True,61.0,True,109.0,True
armA,19_51234736_T_G,Exc,IGLON5,1,1,0.0004020155742956444,1,1,0.0004020155742956444,1,1,0.0004020155742956444,0.0005512828796077063,True,True,42.0,True,42.0,True,42.0,True,22.0,True
armA,19_51234736_T_G,Exc,SPACA6,1,1,1.6113097690284572e-06,1,1,1.6113097690284572e-06,1,1,1.6113097690284572e-06,0.00022914342203234073,False,False,269.0,False,269.0,False,269.0,False,67.0,True
armA,19_51234736_T_G,Exc,ZNF175,1,1,2.1945079521176747e-05,1,1,2.1945079521176747e-05,1,1,2.1945079521176747e-05,1.772863770295452e-05,True,True,233.0,False,233.0,False,233.0,False,238.0,False
armA,19_51234736_T_G,Mic,CD33,1,1,0.011948990925299219,1,1,0.011948990925299219,1,1,0.011948990925299219,0.0010713840330183189,False,False,7.0,True,7.0,True,7.0,True,24.0,True
armA,19_51234736_T_G,Mic,ETFB,1,1,0.0004973227101265909,1,1,0.0004973227101265909,1,1,0.0004973227101265909,0.000577912806606129,False,False,67.0,False,67.0,False,67.0,False,55.0,False
armA,19_51234736_T_G,Mic,FPR1,1,1,0.00018834093862141188,1,1,0.00018834093862141188,1,1,0.00018834093862141188,0.003559409496076693,True,True,101.0,False,101.0,False,101.0,False,5.0,True
armA,19_51234736_T_G,Mic,SIGLEC10,1,1,0.0011505773926612228,1,1,0.0011505773926612228,1,1,0.0011505773926612228,0.0015741229870611662,False,False,42.0,False,42.0,False,42.0,False,16.0,True
armA,19_51234736_T_G,Mic,SIGLEC8,1,1,0.00011467141532869873,1,1,0.00011467141532869873,1,1,0.00011467141532869873,0.000667856069304279,False,False,119.0,False,119.0,False,119.0,False,50.0,False
armA,19_51234736_T_G,Mic,SIGLEC9,1,1,0.0007685002795096985,1,1,0.0007685002795096985,1,1,0.0007685002795096985,0.000997624267567554,True,True,54.0,False,54.0,False,54.0,False,29.0,True
armA,19_54313903_C_A,Ast,CACNG7,1,1,4.861350625094338e-05,1,1,4.861350625094338e-05,1,1,4.861350625094338e-05,8.846068013123459e-05,False,False,210.0,False,210.0,False,210.0,False,185.0,False
armA,19_54313903_C_A,Ast,CACNG8,1,1,1.0601284718440504e-06,1,1,1.0601284718440504e-06,1,1,1.0601284718440504e-06,4.917203720046157e-06,False,False,278.0,False,278.0,False,278.0,False,264.0,False
armA,19_54313903_C_A,Ast,CNOT3,1,1,4.5989331568310754e-05,1,1,4.5989331568310754e-05,1,1,4.5989331568310754e-05,2.475082607535095e-05,False,False,215.0,False,215.0,False,215.0,False,229.0,False
armA,19_54313903_C_A,Ast,LENG8,1,1,0.00014693357682515895,1,1,0.00014693357682515895,1,1,0.00014693357682515895,0.0001563232270709869,False,False,158.0,False,158.0,False,158.0,False,144.0,False
armA,19_54313903_C_A,Ast,LENG8-AS1,1,1,5.0038390227755136e-05,1,1,5.0038390227755136e-05,1,1,5.0038390227755136e-05,2.8107766080941177e-05,False,False,209.0,False,209.0,False,209.0,False,225.0,False
armA,19_54313903_C_A,Ast,MBOAT7,1,1,5.698529256159546e-05,1,1,5.698529256159546e-05,1,1,5.698529256159546e-05,0.00046742076580197356,False,False,201.0,False,201.0,False,201.0,False,55.0,True
armA,19_54313903_C_A,Ast,MYADM,1,1,0.0009173986738200135,1,1,0.0009173986738200135,1,1,0.0009173986738200135,0.0017627343796556838,False,False,31.0,True,31.0,True,31.0,True,6.0,True
armA,19_54313903_C_A,Ast,NDUFA3,1,1,0.00023654572171144528,1,1,0.00023654572171144528,1,1,0.00023654572171144528,0.00021911052283302146,False,False,119.0,False,119.0,False,119.0,False,117.0,False
armA,19_54313903_C_A,Ast,PRKCG,1,1,2.05889286739383e-06,1,1,2.05889286739383e-06,1,1,2.05889286739383e-06,1.848988258396707e-06,False,False,272.0,False,272.0,False,272.0,False,274.0,False
armA,19_54313903_C_A,Ast,PRPF31,1,1,7.897695241898539e-06,1,1,7.897695241898539e-06,1,1,7.897695241898539e-06,0.0002691191550444616,False,False,258.0,False,258.0,False,258.0,False,102.0,False
armA,19_54313903_C_A,Ast,RPS9,1,1,0.0002752312250620115,1,1,0.0002752312250620115,1,1,0.0002752312250620115,0.0008924997180312921,False,False,107.0,False,107.0,False,107.0,False,25.0,True
armA,19_54313903_C_A,Ast,TFPT,1,1,4.200557503608593e-06,1,1,4.200557503608593e-06,1,1,4.200557503608593e-06,0.0003221861836261164,False,False,266.0,False,266.0,False,266.0,False,90.0,False
armA,19_54313903_C_A,Ast,TSEN34,1,1,0.00035596213097088825,1,1,0.00035596213097088825,1,1,0.00035596213097088825,0.00034002656319709335,False,False,92.0,False,92.0,False,92.0,False,84.0,False
armA,19_54313903_C_A,Ast,TTYH1,1,1,8.487356303806502e-06,1,1,8.487356303806502e-06,1,1,8.487356303806502e-06,1.168020045547646e-06,False,False,256.0,False,256.0,False,256.0,False,278.0,False
armA,19_54313903_C_A,Exc,CACNG7,1,1,0.0003001646563528526,1,1,0.0003001646563528526,1,1,0.0003001646563528526,0.000530661408836397,False,False,67.0,True,67.0,True,67.0,True,23.0,True
armA,19_54313903_C_A,Exc,CACNG8,1,1,0.00017311433115246855,1,1,0.00017311433115246855,1,1,0.00017311433115246855,0.0001293606127871494,False,False,120.0,True,120.0,True,120.0,True,117.0,True
armA,19_54313903_C_A,Exc,CNOT3,1,1,0.00012206711472451115,1,1,0.00012206711472451115,1,1,0.00012206711472451115,0.00010625856008517065,False,False,144.0,False,144.0,False,144.0,False,133.0,False
armA,19_54313903_C_A,Exc,LENG8,1,1,0.00020296120428575648,1,1,0.00020296120428575648,1,1,0.00020296120428575648,0.00016653953897005636,False,False,107.0,True,107.0,True,107.0,True,99.0,True
armA,19_54313903_C_A,Exc,LENG8-AS1,1,1,1.1517553876377873e-05,1,1,1.1517553876377873e-05,1,1,1.1517553876377873e-05,8.965184914550006e-05,False,False,252.0,False,252.0,False,252.0,False,147.0,False
armA,19_54313903_C_A,Exc,MBOAT7,1,1,2.3859077090793157e-05,1,1,2.3859077090793157e-05,1,1,2.3859077090793157e-05,3.173956033464265e-05,False,False,228.0,False,228.0,False,228.0,False,211.0,False
armA,19_54313903_C_A,Exc,MYADM,1,1,0.00040680079567428917,1,1,0.00040680079567428917,1,1,0.00040680079567428917,0.0003437701239420443,False,False,41.0,True,41.0,True,41.0,True,34.0,True
armA,19_54313903_C_A,Exc,NDUFA3,1,1,0.0005273503269138669,1,1,0.0005273503269138669,1,1,0.0005273503269138669,0.0001386162913912803,True,True,30.0,True,30.0,True,30.0,True,111.0,True
armA,19_54313903_C_A,Exc,PRKCG,1,1,7.141194857426814e-05,1,1,7.141194857426814e-05,1,1,7.141194857426814e-05,6.33097827025253e-05,True,True,185.0,False,185.0,False,185.0,False,173.0,False
armA,19_54313903_C_A,Exc,PRPF31,1,1,1.2606879795318271e-05,1,1,1.2606879795318271e-05,1,1,1.2606879795318271e-05,6.983807681704146e-05,True,True,250.0,False,250.0,False,250.0,False,167.0,False
armA,19_54313903_C_A,Exc,RPS9,1,1,0.00022593853069530212,1,1,0.00022593853069530212,1,1,0.00022593853069530212,0.0008344974184839593,True,True,95.0,True,95.0,True,95.0,True,14.0,True
armA,19_54313903_C_A,Exc,TFPT,1,1,2.309187545931901e-05,1,1,2.309187545931901e-05,1,1,2.309187545931901e-05,7.301860442121555e-07,False,False,232.0,False,232.0,False,232.0,False,269.0,False
armA,19_54313903_C_A,Exc,TSEN34,1,1,0.00011422005305067318,1,1,0.00011422005305067318,1,1,0.00011422005305067318,2.7136687391349223e-05,False,False,151.0,False,151.0,False,151.0,False,220.0,False
armA,19_54313903_C_A,Exc,TTYH1,1,1,0.000590716419291426,1,1,0.000590716419291426,1,1,0.000590716419291426,0.0008415690187059122,False,False,27.0,True,27.0,True,27.0,True,13.0,True
armA,19_54313903_C_A,Mic,CACNG8,1,1,9.534864732927361e-09,1,1,9.534864732927361e-09,1,1,9.534864732927361e-09,5.843038769555876e-07,False,False,176.0,False,176.0,False,176.0,False,175.0,False
armA,19_54313903_C_A,Mic,LAIR1,1,1,0.0010755213426425492,1,1,0.0010755213426425492,1,1,0.0010755213426425492,0.0009687208776438805,False,False,45.0,False,45.0,False,45.0,False,32.0,True
armA,19_54313903_C_A,Mic,LENG8,1,1,5.5706355430784615e-05,1,1,5.5706355430784615e-05,1,1,5.5706355430784615e-05,0.0002764495810150258,False,False,142.0,False,142.0,False,142.0,False,92.0,False
armA,19_54313903_C_A,Mic,LILRB1,1,1,0.0012777442381861626,1,1,0.0012777442381861626,1,1,0.0012777442381861626,0.0008065288167762308,True,True,34.0,True,34.0,True,34.0,True,40.0,False
armA,19_54313903_C_A,Mic,LILRB4,1,1,0.0017843737186300501,1,1,0.0017843737186300501,1,1,0.0017843737186300501,0.0005318097124999976,False,False,24.0,True,24.0,True,24.0,True,61.0,False
armA,19_54313903_C_A,Mic,MBOAT7,1,1,4.6309230434360416e-05,1,1,4.6309230434360416e-05,1,1,4.6309230434360416e-05,0.00038746856990723444,False,False,147.0,False,147.0,False,147.0,False,80.0,False
armA,19_54313903_C_A,Mic,NDUFA3,1,1,0.00023683515993444537,1,1,0.00023683515993444537,1,1,0.00023683515993444537,0.0003438653823730764,False,False,95.0,False,95.0,False,95.0,False,84.0,False
armA,19_54313903_C_A,Mic,OSCAR,1,1,0.002466179390048895,1,1,0.002466179390048895,1,1,0.002466179390048895,0.0013388172637414097,False,False,21.0,True,21.0,True,21.0,True,18.0,True
armA,19_54313903_C_A,Mic,RPS9,1,1,0.0010794759416370425,1,1,0.0010794759416370425,1,1,0.0010794759416370425,0.002293237341318921,True,True,43.0,False,43.0,False,43.0,False,9.0,True
armA,19_54313903_C_A,Mic,TTYH1,1,1,1.0757318588930972e-05,1,1,1.0757318588930972e-05,1,1,1.0757318588930972e-05,3.63460455776992e-06,False,False,168.0,False,168.0,False,168.0,False,168.0,False
armA,1_207577223_T_C,Ast,CD46,1,1,0.0001303328544121074,1,1,0.0001303328544121074,1,1,0.0001303328544121074,0.0010673490962821441,True,True,165.0,False,165.0,False,165.0,False,20.0,True
armA,1_207577223_T_C,Ast,CD55,1,1,6.86597667369504e-05,1,1,6.86597667369504e-05,1,1,6.86597667369504e-05,0.00011600503351202884,False,False,197.0,False,197.0,False,197.0,False,166.0,False
armA,1_207577223_T_C,Ast,MIR29B2CHG,1,1,2.7835528688046826e-06,1,1,2.7835528688046826e-06,1,1,2.7835528688046826e-06,4.965992669863847e-06,False,False,269.0,False,269.0,False,269.0,False,263.0,False
armA,1_207577223_T_C,Ast,PFKFB2,1,1,1.8880015525368082e-05,1,1,1.8880015525368082e-05,1,1,1.8880015525368082e-05,5.038810884106654e-05,False,False,235.0,False,235.0,False,235.0,False,210.0,False
armA,1_207577223_T_C,Exc,CD46,1,1,5.944400101198788e-05,1,1,5.944400101198788e-05,1,1,5.944400101198788e-05,0.0001789308162301051,True,True,195.0,False,195.0,False,195.0,False,90.0,True
armA,1_207577223_T_C,Exc,CD55,1,1,1.3352966901095109e-05,1,1,1.3352966901095109e-05,1,1,1.3352966901095109e-05,2.157416657606881e-05,True,True,247.0,False,247.0,False,247.0,False,227.0,False
armA,1_207577223_T_C,Exc,MIR29B2CHG,1,1,1.405007031544947e-06,1,1,1.405007031544947e-06,1,1,1.405007031544947e-06,8.660802378584326e-06,False,False,270.0,False,270.0,False,270.0,False,251.0,False
armA,1_207577223_T_C,Exc,PFKFB2,1,1,8.361444145302266e-06,1,1,8.361444145302266e-06,1,1,8.361444145302266e-06,5.9590532919040484e-05,True,True,257.0,False,257.0,False,257.0,False,177.0,False
armA,1_207577223_T_C,Mic,CD46,1,1,0.0009476543385773528,1,1,0.0009476543385773528,1,1,0.0009476543385773528,7.741674924233166e-06,False,False,50.0,False,50.0,False,50.0,False,162.0,False
armA,1_207577223_T_C,Mic,CD55,1,1,0.0007050320900539031,1,1,0.0007050320900539031,1,1,0.0007050320900539031,0.0008765895237483612,False,False,57.0,False,57.0,False,57.0,False,39.0,False
armA,1_207577223_T_C,Mic,MIR29B2CHG,1,1,0.00012694076848523278,1,1,0.00012694076848523278,1,1,0.00012694076848523278,0.00010329270966315252,False,False,115.0,False,115.0,False,115.0,False,125.0,False
armA,1_207577223_T_C,Mic,PFKFB2,1,1,0.0001988231373750704,1,1,0.0001988231373750704,1,1,0.0001988231373750704,0.00013687754445060318,False,False,99.0,False,99.0,False,99.0,False,114.0,False
armA,20_56420643_C_T,Ast,CBLN4,1,1,2.3801632593633453e-06,1,1,2.3801632593633453e-06,1,1,2.3801632593633453e-06,1.7509076030502394e-06,False,False,271.0,False,271.0,False,271.0,False,275.0,False
armA,20_56420643_C_T,Ast,CSTF1,1,1,0.0016830685122345423,1,1,0.0016830685122345423,1,1,0.0016830685122345423,0.00011997833528176738,False,False,16.0,True,16.0,True,16.0,True,162.0,False
armA,20_56420643_C_T,Ast,FAM210B,1,1,0.0005085217425959687,1,1,0.0005085217425959687,1,1,0.0005085217425959687,0.00020771453251067218,False,False,73.0,False,73.0,False,73.0,False,122.0,False
armA,20_56420643_C_T,Ast,RTF2,1,1,0.002696336844368985,1,1,0.002696336844368985,1,1,0.002696336844368985,0.00025979730968173076,False,False,8.0,True,8.0,True,8.0,True,105.0,False
armA,20_56420643_C_T,Exc,CBLN4,1,1,5.405070524498994e-06,1,1,5.405070524498994e-06,1,1,5.405070524498994e-06,7.410100924902779e-06,False,False,262.0,False,262.0,False,262.0,False,256.0,False
armA,20_56420643_C_T,Exc,CSTF1,1,1,0.0010334132384402506,1,1,0.0010334132384402506,1,1,0.0010334132384402506,0.0001122038152684135,False,False,14.0,True,14.0,True,14.0,True,124.0,True
armA,20_56420643_C_T,Exc,FAM210B,1,1,0.0004096164722436624,1,1,0.0004096164722436624,1,1,0.0004096164722436624,6.324380505304261e-05,True,True,40.0,True,40.0,True,40.0,True,174.0,False
armA,20_56420643_C_T,Exc,RTF2,1,1,0.0003561233138185127,1,1,0.0003561233138185127,1,1,0.0003561233138185127,9.621255812697349e-05,True,True,49.0,True,49.0,True,49.0,True,140.0,False
armA,20_56420643_C_T,Mic,CASS4,1,1,0.0025065324295288627,1,1,0.0025065324295288627,1,1,0.0025065324295288627,0.0008991982382128838,True,True,20.0,True,20.0,True,20.0,True,37.0,True
armA,20_56420643_C_T,Mic,RTF2,1,1,4.619199675270913e-05,1,1,4.619199675270913e-05,1,1,4.619199675270913e-05,1.1857615356714035e-05,False,False,148.0,False,148.0,False,148.0,False,155.0,False
armA,21_26148613_G_T,Ast,APP,1,1,0.0009074053848694419,1,1,0.0009074053848694419,1,1,0.0009074053848694419,0.0014404619550134612,False,False,32.0,True,32.0,True,32.0,True,9.0,True
armA,21_26148613_G_T,Ast,ATP5PF,1,1,0.0008305782907067627,1,1,0.0008305782907067627,1,1,0.0008305782907067627,0.001397865245054808,False,False,36.0,True,36.0,True,36.0,True,11.0,True
armA,21_26148613_G_T,Ast,GABPA,1,1,5.092728822841952e-05,1,1,5.092728822841952e-05,1,1,5.092728822841952e-05,0.0003080633415531997,False,False,207.0,False,207.0,False,207.0,False,92.0,False
armA,21_26148613_G_T,Ast,JAM2,1,1,3.4655528857285844e-05,1,1,3.4655528857285844e-05,1,1,3.4655528857285844e-05,0.00010841342609725635,False,False,221.0,False,221.0,False,221.0,False,173.0,False
armA,21_26148613_G_T,Exc,APP,1,1,0.00013595092209350845,1,1,0.00013595092209350845,1,1,0.00013595092209350845,0.0010951856694367823,False,False,132.0,False,132.0,False,132.0,False,9.0,True
armA,21_26148613_G_T,Exc,ATP5PF,1,1,0.00023463517803035128,1,1,0.00023463517803035128,1,1,0.00023463517803035128,0.00048758613880306445,False,False,92.0,True,92.0,True,92.0,True,26.0,True
armA,21_26148613_G_T,Exc,CYYR1-AS1,1,1,1.1497413187191996e-05,1,1,1.1497413187191996e-05,1,1,1.1497413187191996e-05,2.0821486895791774e-05,True,True,253.0,False,253.0,False,253.0,False,230.0,False
armA,21_26148613_G_T,Exc,GABPA,1,1,9.16086205865474e-06,1,1,9.16086205865474e-06,1,1,9.16086205865474e-06,1.4554251599269152e-05,False,False,256.0,False,256.0,False,256.0,False,244.0,False
armA,21_26148613_G_T,Exc,JAM2,1,1,0.0003084609693621565,1,1,0.0003084609693621565,1,1,0.0003084609693621565,0.00013328954272828764,True,True,63.0,True,63.0,True,63.0,True,116.0,True
armA,21_26148613_G_T,Mic,APP,1,1,0.0012753570913055512,1,1,0.0012753570913055512,1,1,0.0012753570913055512,0.0009204100442892216,False,False,36.0,True,36.0,True,36.0,True,36.0,True
armA,21_26148613_G_T,Mic,ATP5PF,1,1,3.72987242274192e-05,1,1,3.72987242274192e-05,1,1,3.72987242274192e-05,0.0010556028179942167,False,False,153.0,False,153.0,False,153.0,False,25.0,True
armA,21_26148613_G_T,Mic,GABPA,1,1,0.00011432725187660031,1,1,0.00011432725187660031,1,1,0.00011432725187660031,0.0002736496616953521,False,False,120.0,False,120.0,False,120.0,False,93.0,False
armA,21_26148613_G_T,Mic,JAM2,1,1,1.2062178103905072e-05,1,1,1.2062178103905072e-05,1,1,1.2062178103905072e-05,1.9709312756435032e-05,False,False,166.0,False,166.0,False,166.0,False,152.0,False
armA,2_127133851_A_C,Ast,BIN1,1,1,0.0006986468094933862,1,1,0.0006986468094933862,1,1,0.0006986468094933862,0.0005308467448892351,False,False,48.0,True,48.0,True,48.0,True,46.0,True
armA,2_127133851_A_C,Ast,ERCC3,1,1,0.00046436278565398226,1,1,0.00046436278565398226,1,1,0.00046436278565398226,0.00047031577860812135,False,False,77.0,False,77.0,False,77.0,False,54.0,True
armA,2_127133851_A_C,Ast,IWS1,1,1,0.0001640293003479787,1,1,0.0001640293003479787,1,1,0.0001640293003479787,0.0002190279659851635,False,False,148.0,False,148.0,False,148.0,False,118.0,False
armA,2_127133851_A_C,Ast,MAP3K2,1,1,7.208227201427331e-05,1,1,7.208227201427331e-05,1,1,7.208227201427331e-05,0.00011322771396177211,True,True,195.0,False,195.0,False,195.0,False,168.0,False
armA,2_127133851_A_C,Exc,BIN1,1,1,0.0005278237642457606,1,1,0.0005278237642457606,1,1,0.0005278237642457606,0.0003052286169573648,True,True,29.0,True,29.0,True,29.0,True,42.0,True
armA,2_127133851_A_C,Exc,ERCC3,1,1,0.00020688511891281403,1,1,0.00020688511891281403,1,1,0.00020688511891281403,0.00012286834911634514,False,False,105.0,True,105.0,True,105.0,True,119.0,True
armA,2_127133851_A_C,Exc,IWS1,1,1,0.0002960053326099277,1,1,0.0002960053326099277,1,1,0.0002960053326099277,2.555254709324384e-06,False,False,70.0,True,70.0,True,70.0,True,264.0,False
armA,2_127133851_A_C,Exc,MAP3K2,1,1,5.507957900588445e-05,1,1,5.507957900588445e-05,1,1,5.507957900588445e-05,5.557209717629852e-05,True,True,198.0,False,198.0,False,198.0,False,182.0,False
armA,2_127133851_A_C,Mic,BIN1,1,1,0.013695198445215495,1,1,0.013695198445215495,1,1,0.013695198445215495,0.001720264067512911,True,True,6.0,True,6.0,True,6.0,True,14.0,True
armA,2_127133851_A_C,Mic,ERCC3,1,1,0.0008923673179302982,1,1,0.0008923673179302982,1,1,0.0008923673179302982,0.00047183759854219076,False,False,52.0,False,52.0,False,52.0,False,71.0,False
armA,2_127133851_A_C,Mic,GYPC,1,1,0.0011700885444991815,1,1,0.0011700885444991815,1,1,0.0011700885444991815,0.00018866382977389407,False,False,41.0,False,41.0,False,41.0,False,106.0,False
armA,2_127133851_A_C,Mic,IWS1,1,1,0.0003485939380748482,1,1,0.0003485939380748482,1,1,0.0003485939380748482,0.00048308895258741824,False,False,82.0,False,82.0,False,82.0,False,68.0,False
armA,2_127133851_A_C,Mic,MAP3K2,1,1,3.431238707751749e-05,1,1,3.431238707751749e-05,1,1,3.431238707751749e-05,0.00014207397978682756,False,False,156.0,False,156.0,False,156.0,False,113.0,False
armA,2_233173931_A_C,Ast,ATG16L1,1,1,0.0002498541513227259,1,1,0.0002498541513227259,1,1,0.0002498541513227259,0.00019055471802459367,False,False,116.0,False,116.0,False,116.0,False,126.0,False
armA,2_233173931_A_C,Ast,DGKD,1,1,2.883472493470096e-05,1,1,2.883472493470096e-05,1,1,2.883472493470096e-05,5.622197916563265e-05,False,False,224.0,False,224.0,False,224.0,False,204.0,False
armA,2_233173931_A_C,Ast,GIGYF2,1,1,0.00015847471734337093,1,1,0.00015847471734337093,1,1,0.00015847471734337093,0.00026901536679951876,False,False,151.0,False,151.0,False,151.0,False,103.0,False
armA,2_233173931_A_C,Ast,INPP5D,1,1,0.00015746576308479313,1,1,0.00015746576308479313,1,1,0.00015746576308479313,2.7526169241535656e-05,True,True,153.0,False,153.0,False,153.0,False,227.0,False
armA,2_233173931_A_C,Ast,NGEF,1,1,0.0002793339824037275,1,1,0.0002793339824037275,1,1,0.0002793339824037275,6.440201186098948e-06,False,False,106.0,False,106.0,False,106.0,False,255.0,False
armA,2_233173931_A_C,Ast,SNORC,1,1,1.6920716001149992e-05,1,1,1.6920716001149992e-05,1,1,1.6920716001149992e-05,2.224514967864681e-06,True,True,238.0,False,238.0,False,238.0,False,273.0,False
armA,2_233173931_A_C,Ast,USP40,1,1,0.00010062994178922091,1,1,0.00010062994178922091,1,1,0.00010062994178922091,7.692870068859436e-05,True,True,177.0,False,177.0,False,177.0,False,192.0,False
armA,2_233173931_A_C,Exc,ATG16L1,1,1,0.000221747241858139,1,1,0.000221747241858139,1,1,0.000221747241858139,0.0001930185880229529,False,False,98.0,True,98.0,True,98.0,True,82.0,True
armA,2_233173931_A_C,Exc,DGKD,1,1,7.881699132816777e-05,1,1,7.881699132816777e-05,1,1,7.881699132816777e-05,3.8815072683773266e-07,True,True,175.0,False,175.0,False,175.0,False,270.0,False
armA,2_233173931_A_C,Exc,GIGYF2,1,1,0.00026138846867301835,1,1,0.00026138846867301835,1,1,0.00026138846867301835,0.00023299407616866885,True,True,82.0,True,82.0,True,82.0,True,66.0,True
armA,2_233173931_A_C,Exc,NGEF,1,1,2.1918404594090113e-05,1,1,2.1918404594090113e-05,1,1,2.1918404594090113e-05,4.058109248897268e-05,True,True,234.0,False,234.0,False,234.0,False,201.0,False
armA,2_233173931_A_C,Exc,SNORC,1,1,4.128383652984326e-05,1,1,4.128383652984326e-05,1,1,4.128383652984326e-05,2.1394438362500046e-05,True,True,211.0,False,211.0,False,211.0,False,228.0,False
armA,2_233173931_A_C,Exc,USP40,1,1,0.00017359978491707229,1,1,0.00017359978491707229,1,1,0.00017359978491707229,8.551795743511059e-05,True,True,119.0,True,119.0,True,119.0,True,151.0,False
armA,2_233173931_A_C,Mic,ATG16L1,1,1,7.334614288684316e-05,1,1,7.334614288684316e-05,1,1,7.334614288684316e-05,4.276372977052301e-05,False,False,131.0,False,131.0,False,131.0,False,144.0,False
armA,2_233173931_A_C,Mic,DGKD,1,1,0.0003176427418081773,1,1,0.0003176427418081773,1,1,0.0003176427418081773,0.00036214127974149024,False,False,87.0,False,87.0,False,87.0,False,82.0,False
armA,2_233173931_A_C,Mic,GIGYF2,1,1,0.00024347928370493932,1,1,0.00024347928370493932,1,1,0.00024347928370493932,7.612487407504531e-05,False,False,94.0,False,94.0,False,94.0,False,135.0,False
armA,2_233173931_A_C,Mic,INPP5D,1,1,3.463572538642268e-05,1,1,3.463572538642268e-05,1,1,3.463572538642268e-05,0.0011346857483924833,True,True,155.0,False,155.0,False,155.0,False,22.0,True
armA,2_233173931_A_C,Mic,NGEF,1,1,7.820120972907435e-06,1,1,7.820120972907435e-06,1,1,7.820120972907435e-06,1.5729502486317663e-06,False,False,170.0,False,170.0,False,170.0,False,172.0,False
armA,2_233173931_A_C,Mic,USP40,1,1,0.0002009571143228861,1,1,0.0002009571143228861,1,1,0.0002009571143228861,0.00010212613094914835,True,True,98.0,False,98.0,False,98.0,False,126.0,False
armA,5_157099320_A_G,Ast,CYFIP2,1,1,0.0001479309498829684,1,1,0.0001479309498829684,1,1,0.0001479309498829684,0.0001720997346816161,False,False,156.0,False,156.0,False,156.0,False,139.0,False
armA,5_157099320_A_G,Ast,HAVCR2,1,1,5.4991496910215994e-05,1,1,5.4991496910215994e-05,1,1,5.4991496910215994e-05,1.5856799546875612e-05,False,False,202.0,False,202.0,False,202.0,False,235.0,False
armA,5_157099320_A_G,Ast,MED7,1,1,0.00029385601408668527,1,1,0.00029385601408668527,1,1,0.00029385601408668527,6.957157786383061e-05,False,False,98.0,False,98.0,False,98.0,False,196.0,False
armA,5_157099320_A_G,Exc,ADAM19,1,1,0.000281518184171603,1,1,0.000281518184171603,1,1,0.000281518184171603,6.460047685968862e-05,True,True,76.0,True,76.0,True,76.0,True,170.0,False
armA,5_157099320_A_G,Exc,CYFIP2,1,1,4.368600074322604e-05,1,1,4.368600074322604e-05,1,1,4.368600074322604e-05,0.0008429525154313167,True,True,209.0,False,209.0,False,209.0,False,12.0,True
armA,5_157099320_A_G,Exc,FNDC9,1,1,3.810032429325816e-05,1,1,3.810032429325816e-05,1,1,3.810032429325816e-05,1.947777379186083e-05,False,False,213.0,False,213.0,False,213.0,False,232.0,False
armA,5_157099320_A_G,Exc,HAVCR2,1,1,4.213042084117054e-05,1,1,4.213042084117054e-05,1,1,4.213042084117054e-05,5.673677288476481e-06,True,True,210.0,False,210.0,False,210.0,False,257.0,False
armA,5_157099320_A_G,Exc,MED7,1,1,5.2371189811065144e-05,1,1,5.2371189811065144e-05,1,1,5.2371189811065144e-05,5.618996360093331e-05,False,False,200.0,False,200.0,False,200.0,False,181.0,False
armA,5_157099320_A_G,Mic,CYFIP2,1,1,0.0016795663816908668,1,1,0.0016795663816908668,1,1,0.0016795663816908668,0.0007330975345218871,False,False,25.0,True,25.0,True,25.0,True,44.0,False
armA,5_157099320_A_G,Mic,HAVCR2,1,1,0.005476162295243059,1,1,0.005476162295243059,1,1,0.005476162295243059,0.000482729422619288,False,False,14.0,True,14.0,True,14.0,True,70.0,False
armA,6_47584444_A_T,Ast,CD2AP,1,1,0.0006355612558038293,1,1,0.0006355612558038293,1,1,0.0006355612558038293,0.00034549998365676626,False,False,54.0,True,54.0,True,54.0,True,83.0,False
armA,6_47584444_A_T,Ast,TNFRSF21,1,1,0.00029346609264285783,1,1,0.00029346609264285783,1,1,0.00029346609264285783,0.00014851146893907208,False,False,99.0,False,99.0,False,99.0,False,149.0,False
armA,6_47584444_A_T,Exc,CD2AP,1,1,0.002887904204444347,1,1,0.002887904204444347,1,1,0.002887904204444347,6.25422371771378e-05,True,True,4.0,True,4.0,True,4.0,True,175.0,False
armA,6_47584444_A_T,Exc,TNFRSF21,1,1,0.0007104809286063718,1,1,0.0007104809286063718,1,1,0.0007104809286063718,0.00025422318356072005,False,False,25.0,True,25.0,True,25.0,True,56.0,True
armA,6_47584444_A_T,Mic,CD2AP,1,1,0.0064966129071350465,1,1,0.0064966129071350465,1,1,0.0064966129071350465,0.00022907369995994742,True,True,11.0,True,11.0,True,11.0,True,100.0,False
armA,7_100334426_C_T,Ast,ACTL6B,1,1,4.7215630971547446e-07,1,1,4.7215630971547446e-07,1,1,4.7215630971547446e-07,3.24637655983834e-07,False,False,282.0,False,282.0,False,282.0,False,281.0,False
armA,7_100334426_C_T,Ast,AGFG2,1,1,0.00016503352978999852,1,1,0.00016503352978999852,1,1,0.00016503352978999852,0.0001266978249004902,False,False,147.0,False,147.0,False,147.0,False,157.0,False
armA,7_100334426_C_T,Ast,AP4M1,1,1,0.0002015837318167235,1,1,0.0002015837318167235,1,1,0.0002015837318167235,1.2157824045178067e-05,False,False,135.0,False,135.0,False,135.0,False,243.0,False
armA,7_100334426_C_T,Ast,C7orf61,1,1,1.1142327962441502e-05,1,1,1.1142327962441502e-05,1,1,1.1142327962441502e-05,1.5105776984877112e-06,False,False,249.0,False,249.0,False,249.0,False,276.0,False
armA,7_100334426_C_T,Ast,CASTOR3,1,1,0.0004216948616386773,1,1,0.0004216948616386773,1,1,0.0004216948616386773,5.728492768311555e-05,True,True,84.0,False,84.0,False,84.0,False,203.0,False
armA,7_100334426_C_T,Ast,CNPY4,1,1,0.00014163674135780902,1,1,0.00014163674135780902,1,1,0.00014163674135780902,0.00018284817539349074,False,False,159.0,False,159.0,False,159.0,False,131.0,False
armA,7_100334426_C_T,Ast,COPS6,1,1,0.0006945180390669492,1,1,0.0006945180390669492,1,1,0.0006945180390669492,0.0008032552038306218,False,False,49.0,True,49.0,True,49.0,True,30.0,True
armA,7_100334426_C_T,Ast,GIGYF1,1,1,7.841475844921897e-05,1,1,7.841475844921897e-05,1,1,7.841475844921897e-05,1.4866979071936903e-05,False,False,192.0,False,192.0,False,192.0,False,239.0,False
armA,7_100334426_C_T,Ast,GNB2,1,1,0.0006435667285926705,1,1,0.0006435667285926705,1,1,0.0006435667285926705,0.0008336385747882424,False,False,53.0,True,53.0,True,53.0,True,27.0,True
armA,7_100334426_C_T,Ast,LAMTOR4,1,1,8.248350481721012e-05,1,1,8.248350481721012e-05,1,1,8.248350481721012e-05,0.0003011646651847055,False,False,190.0,False,190.0,False,190.0,False,95.0,False
armA,7_100334426_C_T,Ast,LRCH4,1,1,0.00020938768477135605,1,1,0.00020938768477135605,1,1,0.00020938768477135605,0.00021403580020457058,False,False,132.0,False,132.0,False,132.0,False,119.0,False
armA,7_100334426_C_T,Ast,MCM7,1,1,4.7740111278837816e-05,1,1,4.7740111278837816e-05,1,1,4.7740111278837816e-05,0.0008144434171346582,False,False,211.0,False,211.0,False,211.0,False,29.0,True
armA,7_100334426_C_T,Ast,MEPCE,1,1,0.00044890891229920626,1,1,0.00044890891229920626,1,1,0.00044890891229920626,0.0008240455803776303,False,False,80.0,False,80.0,False,80.0,False,28.0,True
armA,7_100334426_C_T,Ast,MOSPD3,1,1,0.00023421962984043754,1,1,0.00023421962984043754,1,1,0.00023421962984043754,0.00010008619063811564,False,False,120.0,False,120.0,False,120.0,False,177.0,False
armA,7_100334426_C_T,Ast,NYAP1,1,1,1.4797963065027453e-05,1,1,1.4797963065027453e-05,1,1,1.4797963065027453e-05,7.661021404113677e-05,False,False,240.0,False,240.0,False,240.0,False,194.0,False
armA,7_100334426_C_T,Ast,PCOLCE,1,1,0.0006208820526842906,1,1,0.0006208820526842906,1,1,0.0006208820526842906,0.00043054686506605044,False,False,56.0,True,56.0,True,56.0,True,60.0,False
armA,7_100334426_C_T,Ast,PILRA,1,1,9.110435611904772e-05,1,1,9.110435611904772e-05,1,1,9.110435611904772e-05,6.90324157870837e-06,True,True,183.0,False,183.0,False,183.0,False,253.0,False
armA,7_100334426_C_T,Ast,PILRB,1,1,0.0007624545881582956,1,1,0.0007624545881582956,1,1,0.0007624545881582956,0.0005623696612376272,True,True,43.0,True,43.0,True,43.0,True,44.0,True
armA,7_100334426_C_T,Ast,POP7,1,1,0.00028963072907051135,1,1,0.00028963072907051135,1,1,0.00028963072907051135,0.0001250396847021218,False,False,101.0,False,101.0,False,101.0,False,158.0,False
armA,7_100334426_C_T,Ast,PPP1R35,1,1,0.00011587969588472413,1,1,0.00011587969588472413,1,1,0.00011587969588472413,0.00030425706567355215,False,False,171.0,False,171.0,False,171.0,False,94.0,False
armA,7_100334426_C_T,Ast,SAP25,1,1,1.292600977900564e-05,1,1,1.292600977900564e-05,1,1,1.292600977900564e-05,4.74644063632422e-06,True,True,247.0,False,247.0,False,247.0,False,265.0,False
armA,7_100334426_C_T,Ast,SPDYE3,1,1,2.69771214567692e-06,1,1,2.69771214567692e-06,1,1,2.69771214567692e-06,4.301380714452109e-06,False,False,270.0,False,270.0,False,270.0,False,268.0,False
armA,7_100334426_C_T,Ast,STAG3,1,1,1.1101847789617494e-05,1,1,1.1101847789617494e-05,1,1,1.1101847789617494e-05,1.7816478528262514e-07,True,True,250.0,False,250.0,False,250.0,False,282.0,False
armA,7_100334426_C_T,Ast,TAF6,1,1,0.0005956380538345574,1,1,0.0005956380538345574,1,1,0.0005956380538345574,3.858601526118832e-05,False,False,61.0,False,61.0,False,61.0,False,216.0,False
armA,7_100334426_C_T,Ast,TRIM4,1,1,0.0001365796391588625,1,1,0.0001365796391588625,1,1,0.0001365796391588625,2.8160338770788496e-05,True,True,161.0,False,161.0,False,161.0,False,224.0,False
armA,7_100334426_C_T,Ast,TSC22D4,1,1,0.0005350864592795768,1,1,0.0005350864592795768,1,1,0.0005350864592795768,0.00035704889151078056,False,False,68.0,False,68.0,False,68.0,False,81.0,False
armA,7_100334426_C_T,Ast,ZCWPW1,1,1,0.00013323677769222497,1,1,0.00013323677769222497,1,1,0.00013323677769222497,4.312855497633911e-06,True,True,164.0,False,164.0,False,164.0,False,267.0,False
armA,7_100334426_C_T,Ast,ZKSCAN1,1,1,1.619616930120804e-05,1,1,1.619616930120804e-05,1,1,1.619616930120804e-05,0.00016002352852656498,True,True,239.0,False,239.0,False,239.0,False,141.0,False
armA,7_100334426_C_T,Ast,ZNF3,1,1,0.0005266573494411841,1,1,0.0005266573494411841,1,1,0.0005266573494411841,9.707787503049348e-05,False,False,70.0,False,70.0,False,70.0,False,180.0,False
armA,7_100334426_C_T,Ast,ZSCAN21,1,1,0.00016343397476484278,1,1,0.00016343397476484278,1,1,0.00016343397476484278,0.0004869989288001919,True,True,149.0,False,149.0,False,149.0,False,51.0,True
armA,7_100334426_C_T,Exc,ACTL6B,1,1,0.00018561069208389291,1,1,0.00018561069208389291,1,1,0.00018561069208389291,0.00032984009014958016,True,True,111.0,True,111.0,True,111.0,True,36.0,True
armA,7_100334426_C_T,Exc,AGFG2,1,1,0.00017746451157307774,1,1,0.00017746451157307774,1,1,0.00017746451157307774,4.388624110339412e-05,False,False,116.0,True,116.0,True,116.0,True,196.0,False
armA,7_100334426_C_T,Exc,AP4M1,1,1,3.7374792825506375e-05,1,1,3.7374792825506375e-05,1,1,3.7374792825506375e-05,8.704109551516126e-05,True,True,214.0,False,214.0,False,214.0,False,148.0,False
armA,7_100334426_C_T,Exc,CASTOR3,1,1,0.0010997066837478142,1,1,0.0010997066837478142,1,1,0.0010997066837478142,0.0008967625268174739,True,True,12.0,True,12.0,True,12.0,True,10.0,True
armA,7_100334426_C_T,Exc,CNPY4,1,1,6.752334299015006e-05,1,1,6.752334299015006e-05,1,1,6.752334299015006e-05,9.79624256693401e-05,False,False,189.0,False,189.0,False,189.0,False,139.0,False
armA,7_100334426_C_T,Exc,COPS6,1,1,4.4589852218890336e-05,1,1,4.4589852218890336e-05,1,1,4.4589852218890336e-05,0.00023885523965849753,False,False,208.0,False,208.0,False,208.0,False,62.0,True
armA,7_100334426_C_T,Exc,CYP3A43,1,1,2.4497960218292526e-06,1,1,2.4497960218292526e-06,1,1,2.4497960218292526e-06,1.9341514498837607e-07,False,False,266.0,False,266.0,False,266.0,False,272.0,False
armA,7_100334426_C_T,Exc,GIGYF1,1,1,0.00011991183283754925,1,1,0.00011991183283754925,1,1,0.00011991183283754925,0.00021827046607025835,True,True,147.0,False,147.0,False,147.0,False,72.0,True
armA,7_100334426_C_T,Exc,GNB2,1,1,0.00042515643287854843,1,1,0.00042515643287854843,1,1,0.00042515643287854843,0.00015304848889652334,False,False,38.0,True,38.0,True,38.0,True,106.0,True
armA,7_100334426_C_T,Exc,LAMTOR4,1,1,0.0002964196168034894,1,1,0.0002964196168034894,1,1,0.0002964196168034894,1.4998510282859812e-05,False,False,69.0,True,69.0,True,69.0,True,243.0,False
armA,7_100334426_C_T,Exc,LRCH4,1,1,0.0001940927045491203,1,1,0.0001940927045491203,1,1,0.0001940927045491203,7.815715059295014e-05,False,False,109.0,True,109.0,True,109.0,True,161.0,False
armA,7_100334426_C_T,Exc,MCM7,1,1,0.0002688670482438038,1,1,0.0002688670482438038,1,1,0.0002688670482438038,0.00028910781063562485,True,True,79.0,True,79.0,True,79.0,True,47.0,True
armA,7_100334426_C_T,Exc,MEPCE,1,1,0.00010150360329064245,1,1,0.00010150360329064245,1,1,0.00010150360329064245,0.0006323576932476538,True,True,157.0,False,157.0,False,157.0,False,18.0,True
armA,7_100334426_C_T,Exc,MOSPD3,1,1,0.0003496050630547587,1,1,0.0003496050630547587,1,1,0.0003496050630547587,0.0001924644194417624,False,False,52.0,True,52.0,True,52.0,True,83.0,True
armA,7_100334426_C_T,Exc,NYAP1,1,1,0.0004367377087939883,1,1,0.0004367377087939883,1,1,0.0004367377087939883,0.00015703646227416268,True,True,36.0,True,36.0,True,36.0,True,105.0,True
armA,7_100334426_C_T,Exc,PILRA,1,1,0.00022443101308043147,1,1,0.00022443101308043147,1,1,0.00022443101308043147,4.340899872506444e-05,True,True,96.0,True,96.0,True,96.0,True,197.0,False
armA,7_100334426_C_T,Exc,PILRB,1,1,0.00014933747989315238,1,1,0.00014933747989315238,1,1,0.00014933747989315238,0.0002879755318722088,True,True,127.0,True,127.0,True,127.0,True,48.0,True
armA,7_100334426_C_T,Exc,POP7,1,1,0.0002166012363644665,1,1,0.0002166012363644665,1,1,0.0002166012363644665,0.00028181942041544117,False,False,101.0,True,101.0,True,101.0,True,50.0,True
armA,7_100334426_C_T,Exc,PPP1R35,1,1,9.54588588666927e-05,1,1,9.54588588666927e-05,1,1,9.54588588666927e-05,1.9205072104344634e-05,False,False,161.0,False,161.0,False,161.0,False,234.0,False
armA,7_100334426_C_T,Exc,SPDYE3,1,1,0.00022151158014487027,1,1,0.00022151158014487027,1,1,0.00022151158014487027,0.00020591903766531416,True,False,99.0,True,99.0,True,99.0,True,76.0,True
armA,7_100334426_C_T,Exc,STAG3,1,1,0.00021033646194446032,1,1,0.00021033646194446032,1,1,0.00021033646194446032,0.00026906754971370295,True,True,102.0,True,102.0,True,102.0,True,54.0,True
armA,7_100334426_C_T,Exc,TAF6,1,1,0.00028996369969153113,1,1,0.00028996369969153113,1,1,0.00028996369969153113,2.866831017100946e-05,False,False,72.0,True,72.0,True,72.0,True,218.0,False
armA,7_100334426_C_T,Exc,TFR2,1,1,1.3436097741063857e-05,1,1,1.3436097741063857e-05,1,1,1.3436097741063857e-05,0.00013349001793060145,False,False,246.0,False,246.0,False,246.0,False,115.0,True
armA,7_100334426_C_T,Exc,TRIM4,1,1,0.00012963675590127455,1,1,0.00012963675590127455,1,1,0.00012963675590127455,0.00011405762130844987,True,True,139.0,False,139.0,False,139.0,False,123.0,True
armA,7_100334426_C_T,Exc,TSC22D4,1,1,0.0001959699136403481,1,1,0.0001959699136403481,1,1,0.0001959699136403481,0.00011805381454971231,False,False,108.0,True,108.0,True,108.0,True,121.0,True
armA,7_100334426_C_T,Exc,ZCWPW1,1,1,7.745644499485005e-06,1,1,7.745644499485005e-06,1,1,7.745644499485005e-06,2.6885342718468985e-05,True,True,258.0,False,258.0,False,258.0,False,221.0,False
armA,7_100334426_C_T,Exc,ZKSCAN1,1,1,8.04160264339937e-05,1,1,8.04160264339937e-05,1,1,8.04160264339937e-05,0.0002468049209742307,True,True,173.0,False,173.0,False,173.0,False,60.0,True
armA,7_100334426_C_T,Exc,ZNF3,1,1,0.00022192986344282684,1,1,0.00022192986344282684,1,1,0.00022192986344282684,7.468152379341841e-06,False,False,97.0,True,97.0,True,97.0,True,255.0,False
armA,7_100334426_C_T,Exc,ZSCAN21,1,1,6.855870297139965e-05,1,1,6.855870297139965e-05,1,1,6.855870297139965e-05,6.472267780804897e-05,True,True,188.0,False,188.0,False,188.0,False,169.0,False
armA,7_100334426_C_T,Mic,CASTOR3,1,1,0.0001547656677201928,1,1,0.0001547656677201928,1,1,0.0001547656677201928,3.668026051967255e-05,False,False,105.0,False,105.0,False,105.0,False,146.0,False
armA,7_100334426_C_T,Mic,COPS6,1,1,0.000363559452001061,1,1,0.000363559452001061,1,1,0.000363559452001061,0.00047080655237485836,False,False,81.0,False,81.0,False,81.0,False,72.0,False
armA,7_100334426_C_T,Mic,GAL3ST4,1,1,0.00015379453216140399,1,1,0.00015379453216140399,1,1,0.00015379453216140399,4.461372813954756e-05,False,False,106.0,False,106.0,False,106.0,False,142.0,False
armA,7_100334426_C_T,Mic,GIGYF1,1,1,0.00024606155387382755,1,1,0.00024606155387382755,1,1,0.00024606155387382755,0.0001542545566440845,False,False,92.0,False,92.0,False,92.0,False,111.0,False
armA,7_100334426_C_T,Mic,GNB2,1,1,0.0012525362810378304,1,1,0.0012525362810378304,1,1,0.0012525362810378304,0.002430597907682408,False,False,38.0,False,38.0,False,38.0,False,8.0,True
armA,7_100334426_C_T,Mic,LAMTOR4,1,1,0.0012164493747928162,1,1,0.0012164493747928162,1,1,0.0012164493747928162,0.002085849686127794,False,False,39.0,False,39.0,False,39.0,False,11.0,True
armA,7_100334426_C_T,Mic,LRCH4,1,1,0.00039945881796144,1,1,0.00039945881796144,1,1,0.00039945881796144,0.00010988718876525638,False,False,77.0,False,77.0,False,77.0,False,123.0,False
armA,7_100334426_C_T,Mic,PILRA,1,1,0.01651005502129843,1,1,0.01651005502129843,1,1,0.01651005502129843,0.002919802496134327,False,False,3.0,True,3.0,True,3.0,True,7.0,True
armA,7_100334426_C_T,Mic,PILRB,1,1,0.00014638391462312716,1,1,0.00014638391462312716,1,1,0.00014638391462312716,0.0003876716814776304,True,True,109.0,False,109.0,False,109.0,False,79.0,False
armA,7_100334426_C_T,Mic,PPP1R35,1,1,0.000968346905745987,1,1,0.000968346905745987,1,1,0.000968346905745987,0.00026873818090433765,False,False,49.0,False,49.0,False,49.0,False,95.0,False
armA,7_100334426_C_T,Mic,SAP25,1,1,3.470925654823487e-05,1,1,3.470925654823487e-05,1,1,3.470925654823487e-05,0.00031779978963915323,False,False,154.0,False,154.0,False,154.0,False,87.0,False
armA,7_100334426_C_T,Mic,TRIM4,1,1,6.292313099587332e-05,1,1,6.292313099587332e-05,1,1,6.292313099587332e-05,0.00011268107529993632,True,True,136.0,False,136.0,False,136.0,False,122.0,False
armA,7_100334426_C_T,Mic,TSC22D4,1,1,0.0003383516598526315,1,1,0.0003383516598526315,1,1,0.0003383516598526315,0.0007111361451271891,False,False,83.0,False,83.0,False,83.0,False,46.0,False
armA,7_100334426_C_T,Mic,ZKSCAN1,1,1,0.00017226382513824134,1,1,0.00017226382513824134,1,1,0.00017226382513824134,7.64771634328143e-05,False,False,103.0,False,103.0,False,103.0,False,134.0,False
armA,7_12229132_A_C,Ast,ARL4A,1,1,0.0005579389559333126,1,1,0.0005579389559333126,1,1,0.0005579389559333126,0.00018763742899791103,False,False,67.0,False,67.0,False,67.0,False,129.0,False
armA,7_12229132_A_C,Ast,TMEM106B,1,1,0.0011419164558021944,1,1,0.0011419164558021944,1,1,0.0011419164558021944,0.0004169463467660339,False,False,23.0,True,23.0,True,23.0,True,64.0,False
armA,7_12229132_A_C,Exc,ARL4A,1,1,0.00012998111033746262,1,1,0.00012998111033746262,1,1,0.00012998111033746262,3.7536880255178984e-05,False,False,138.0,False,138.0,False,138.0,False,203.0,False
armA,7_12229132_A_C,Exc,TMEM106B,1,1,0.0008822173887005347,1,1,0.0008822173887005347,1,1,0.0008822173887005347,0.00016323822546621125,False,False,20.0,True,20.0,True,20.0,True,101.0,True
armA,7_12229132_A_C,Exc,VWDE,1,1,7.988193041522096e-05,1,1,7.988193041522096e-05,1,1,7.988193041522096e-05,2.971826151450946e-05,True,True,174.0,False,174.0,False,174.0,False,216.0,False
armA,7_12229132_A_C,Mic,SCIN,1,1,0.00011703363734413483,1,1,0.00011703363734413483,1,1,0.00011703363734413483,2.4247305222772214e-05,True,True,118.0,False,118.0,False,118.0,False,151.0,False
armA,7_12229132_A_C,Mic,TMEM106B,1,1,0.00037482447508505046,1,1,0.00037482447508505046,1,1,0.00037482447508505046,0.0004629964624221772,False,False,80.0,False,80.0,False,80.0,False,73.0,False
armA,8_144053248_G_A,Ast,ADCK5,1,1,1.375211082960126e-05,1,1,1.375211082960126e-05,1,1,1.375211082960126e-05,0.0002894066732836431,False,False,246.0,False,246.0,False,246.0,False,98.0,False
armA,8_144053248_G_A,Ast,BOP1,1,1,0.00031869498074643676,1,1,0.00031869498074643676,1,1,0.00031869498074643676,0.00040419129629565287,False,False,94.0,False,94.0,False,94.0,False,69.0,False
armA,8_144053248_G_A,Ast,C8orf82,1,1,0.0002659568257807887,1,1,0.0002659568257807887,1,1,0.0002659568257807887,0.0007727330845181957,False,False,110.0,False,110.0,False,110.0,False,32.0,True
armA,8_144053248_G_A,Ast,CPSF1,1,1,0.0004768563037977902,1,1,0.0004768563037977902,1,1,0.0004768563037977902,0.0001791129230670485,True,True,75.0,False,75.0,False,75.0,False,135.0,False
armA,8_144053248_G_A,Ast,CYC1,1,1,0.0013915231816068463,1,1,0.0013915231816068463,1,1,0.0013915231816068463,0.00013091149011001946,False,False,20.0,True,20.0,True,20.0,True,156.0,False
armA,8_144053248_G_A,Ast,CYHR1,1,1,0.0002213319500310451,1,1,0.0002213319500310451,1,1,0.0002213319500310451,6.361133234733529e-05,False,False,126.0,False,126.0,False,126.0,False,200.0,False
armA,8_144053248_G_A,Ast,DGAT1,1,1,0.00021213302304845527,1,1,0.00021213302304845527,1,1,0.00021213302304845527,0.00011427408483555279,False,False,127.0,False,127.0,False,127.0,False,167.0,False
armA,8_144053248_G_A,Ast,EEF1D,1,1,0.0007135145448891045,1,1,0.0007135145448891045,1,1,0.0007135145448891045,0.0014449791216826213,False,False,46.0,True,46.0,True,46.0,True,8.0,True
armA,8_144053248_G_A,Ast,FBXL6,1,1,0.0005980246289624125,1,1,0.0005980246289624125,1,1,0.0005980246289624125,7.9260733844011e-05,False,False,60.0,False,60.0,False,60.0,False,190.0,False
armA,8_144053248_G_A,Ast,GPAA1,1,1,0.000454342696864396,1,1,0.000454342696864396,1,1,0.000454342696864396,0.00037192239035821473,False,False,79.0,False,79.0,False,79.0,False,78.0,False
armA,8_144053248_G_A,Ast,GPT,1,1,2.180023437499401e-05,1,1,2.180023437499401e-05,1,1,2.180023437499401e-05,1.1717591174839614e-05,False,False,231.0,False,231.0,False,231.0,False,246.0,False
armA,8_144053248_G_A,Ast,GRINA,1,1,0.001832082668558055,1,1,0.001832082668558055,1,1,0.001832082668558055,0.0011020987829815088,False,False,11.0,True,11.0,True,11.0,True,19.0,True
armA,8_144053248_G_A,Ast,GSDMD,1,1,6.139917015524077e-05,1,1,6.139917015524077e-05,1,1,6.139917015524077e-05,0.00041170425047121206,True,True,198.0,False,198.0,False,198.0,False,65.0,False
armA,8_144053248_G_A,Ast,HSF1,1,1,0.00045606170724676875,1,1,0.00045606170724676875,1,1,0.00045606170724676875,0.00045698114129144596,False,False,78.0,False,78.0,False,78.0,False,58.0,False
armA,8_144053248_G_A,Ast,KIFC2,1,1,0.0005346521320750142,1,1,0.0005346521320750142,1,1,0.0005346521320750142,0.00048593936077709343,False,False,69.0,False,69.0,False,69.0,False,52.0,True
armA,8_144053248_G_A,Ast,LRRC14,1,1,0.00027520819822002274,1,1,0.00027520819822002274,1,1,0.00027520819822002274,4.495682897004416e-05,False,False,108.0,False,108.0,False,108.0,False,215.0,False
armA,8_144053248_G_A,Ast,LRRC24,1,1,0.0005837130538197677,1,1,0.0005837130538197677,1,1,0.0005837130538197677,0.00017415202981635458,False,False,64.0,False,64.0,False,64.0,False,137.0,False
armA,8_144053248_G_A,Ast,MAF1,1,1,0.001379784957312058,1,1,0.001379784957312058,1,1,0.001379784957312058,0.00046685957950431956,False,False,21.0,True,21.0,True,21.0,True,56.0,True
armA,8_144053248_G_A,Ast,MFSD3,1,1,0.0003578713077746487,1,1,0.0003578713077746487,1,1,0.0003578713077746487,8.191192568884897e-05,False,False,91.0,False,91.0,False,91.0,False,187.0,False
armA,8_144053248_G_A,Ast,MROH1,1,1,0.00021110569468069107,1,1,0.00021110569468069107,1,1,0.00021110569468069107,8.277113716254059e-05,False,False,131.0,False,131.0,False,131.0,False,186.0,False
armA,8_144053248_G_A,Ast,NAPRT,1,1,0.001677950357197422,1,1,0.001677950357197422,1,1,0.001677950357197422,0.0012983479528351216,True,True,17.0,True,17.0,True,17.0,True,13.0,True
armA,8_144053248_G_A,Ast,NRBP2,1,1,1.4133480489841865e-05,1,1,1.4133480489841865e-05,1,1,1.4133480489841865e-05,5.378522337734504e-05,False,False,244.0,False,244.0,False,244.0,False,207.0,False
armA,8_144053248_G_A,Ast,OPLAH,1,1,0.0009788540605490392,1,1,0.0009788540605490392,1,1,0.0009788540605490392,0.0011502410980396283,False,False,26.0,True,26.0,True,26.0,True,16.0,True
armA,8_144053248_G_A,Ast,PARP10,1,1,0.00017804376114671783,1,1,0.00017804376114671783,1,1,0.00017804376114671783,9.411034076256541e-06,False,False,146.0,False,146.0,False,146.0,False,249.0,False
armA,8_144053248_G_A,Ast,PLEC,1,1,4.0036924981556865e-05,1,1,4.0036924981556865e-05,1,1,4.0036924981556865e-05,0.00013565769884826828,True,True,217.0,False,217.0,False,217.0,False,153.0,False
armA,8_144053248_G_A,Ast,PPP1R16A,1,1,0.00023345394127927133,1,1,0.00023345394127927133,1,1,0.00023345394127927133,0.00018477649980674915,False,False,121.0,False,121.0,False,121.0,False,130.0,False
armA,8_144053248_G_A,Ast,PUF60,1,1,0.00014760915473477354,1,1,0.00014760915473477354,1,1,0.00014760915473477354,0.00019184051461995644,False,False,157.0,False,157.0,False,157.0,False,125.0,False
armA,8_144053248_G_A,Ast,PYCR3,1,1,0.0002000247997639426,1,1,0.0002000247997639426,1,1,0.0002000247997639426,0.0002195178677582288,False,False,138.0,False,138.0,False,138.0,False,116.0,False
armA,8_144053248_G_A,Ast,SCRIB,1,1,1.4617880517708848e-05,1,1,1.4617880517708848e-05,1,1,1.4617880517708848e-05,0.00044269524779827485,False,False,241.0,False,241.0,False,241.0,False,59.0,False
armA,8_144053248_G_A,Ast,SCRT1,1,1,1.1818820191905008e-07,1,1,1.1818820191905008e-07,1,1,1.1818820191905008e-07,8.298127535787548e-08,False,False,286.0,False,286.0,False,286.0,False,285.0,False
armA,8_144053248_G_A,Ast,SCX,1,1,5.854809666983388e-05,1,1,5.854809666983388e-05,1,1,5.854809666983388e-05,0.000132464310941445,False,False,200.0,False,200.0,False,200.0,False,154.0,False
armA,8_144053248_G_A,Ast,SHARPIN,1,1,0.0025443948624807033,1,1,0.0025443948624807033,1,1,0.0025443948624807033,0.0007365613532087645,False,False,9.0,True,9.0,True,9.0,True,34.0,True
armA,8_144053248_G_A,Ast,SLC52A2,1,1,0.0008834409243793084,1,1,0.0008834409243793084,1,1,0.0008834409243793084,0.0010516329189742546,False,False,33.0,True,33.0,True,33.0,True,21.0,True
armA,8_144053248_G_A,Ast,SPATC1,1,1,1.3593104108128697e-06,1,1,1.3593104108128697e-06,1,1,1.3593104108128697e-06,1.3446834420743296e-07,True,True,275.0,False,275.0,False,275.0,False,284.0,False
armA,8_144053248_G_A,Ast,TIGD5,1,1,1.2894585249556556e-06,1,1,1.2894585249556556e-06,1,1,1.2894585249556556e-06,0.00017377294171355695,False,False,276.0,False,276.0,False,276.0,False,138.0,False
armA,8_144053248_G_A,Ast,VPS28,1,1,0.00023010598927153403,1,1,0.00023010598927153403,1,1,0.00023010598927153403,0.0007302003842897253,True,True,123.0,False,123.0,False,123.0,False,35.0,True
armA,8_144053248_G_A,Ast,ZNF623,1,1,0.00013553133021720898,1,1,0.00013553133021720898,1,1,0.00013553133021720898,0.0002450968504020268,False,False,162.0,False,162.0,False,162.0,False,110.0,False
armA,8_144053248_G_A,Exc,ADCK5,1,1,0.00017772407006180768,1,1,0.00017772407006180768,1,1,0.00017772407006180768,7.059320640406819e-05,False,False,115.0,True,115.0,True,115.0,True,166.0,False
armA,8_144053248_G_A,Exc,BOP1,1,1,7.652142273945062e-05,1,1,7.652142273945062e-05,1,1,7.652142273945062e-05,0.0002914015256109681,False,False,180.0,False,180.0,False,180.0,False,44.0,True
armA,8_144053248_G_A,Exc,C8orf82,1,1,7.296986345012302e-05,1,1,7.296986345012302e-05,1,1,7.296986345012302e-05,8.630624470840065e-05,False,False,183.0,False,183.0,False,183.0,False,149.0,False
armA,8_144053248_G_A,Exc,CPSF1,1,1,0.00015884672023891433,1,1,0.00015884672023891433,1,1,0.00015884672023891433,5.662306634168779e-05,True,True,125.0,True,125.0,True,125.0,True,180.0,False
armA,8_144053248_G_A,Exc,CYC1,1,1,0.0007569202406322306,1,1,0.0007569202406322306,1,1,0.0007569202406322306,4.860531912598276e-05,False,False,22.0,True,22.0,True,22.0,True,193.0,False
armA,8_144053248_G_A,Exc,CYHR1,1,1,2.0225457754707854e-06,1,1,2.0225457754707854e-06,1,1,2.0225457754707854e-06,0.00015939833212186283,True,True,268.0,False,268.0,False,268.0,False,104.0,True
armA,8_144053248_G_A,Exc,DGAT1,1,1,0.00010514448214632433,1,1,0.00010514448214632433,1,1,0.00010514448214632433,1.8539664483840923e-05,False,False,154.0,False,154.0,False,154.0,False,237.0,False
armA,8_144053248_G_A,Exc,EEF1D,1,1,0.0008865774306339169,1,1,0.0008865774306339169,1,1,0.0008865774306339169,0.0012434834153920438,False,False,19.0,True,19.0,True,19.0,True,6.0,True
armA,8_144053248_G_A,Exc,FBXL6,1,1,0.00026495054299602305,1,1,0.00026495054299602305,1,1,0.00026495054299602305,0.00017086237951252636,False,False,80.0,True,80.0,True,80.0,True,95.0,True
armA,8_144053248_G_A,Exc,GPAA1,1,1,0.00011756801310863763,1,1,0.00011756801310863763,1,1,0.00011756801310863763,0.00020046136455514896,True,True,148.0,False,148.0,False,148.0,False,78.0,True
armA,8_144053248_G_A,Exc,GRINA,1,1,0.0018604811609088667,1,1,0.0018604811609088667,1,1,0.0018604811609088667,0.0014420965651238404,False,False,7.0,True,7.0,True,7.0,True,4.0,True
armA,8_144053248_G_A,Exc,HSF1,1,1,0.0005229647058878628,1,1,0.0005229647058878628,1,1,0.0005229647058878628,0.0003060078375067832,False,False,31.0,True,31.0,True,31.0,True,40.0,True
armA,8_144053248_G_A,Exc,IQANK1,1,1,3.4097636970625844e-05,1,1,3.4097636970625844e-05,1,1,3.4097636970625844e-05,4.289406882251184e-06,True,True,218.0,False,218.0,False,218.0,False,258.0,False
armA,8_144053248_G_A,Exc,KIFC2,1,1,0.0007248419313580223,1,1,0.0007248419313580223,1,1,0.0007248419313580223,0.000792607830167158,True,True,24.0,True,24.0,True,24.0,True,16.0,True
armA,8_144053248_G_A,Exc,LRRC14,1,1,0.00024362503675406932,1,1,0.00024362503675406932,1,1,0.00024362503675406932,0.00016849331591450856,False,False,87.0,True,87.0,True,87.0,True,98.0,True
armA,8_144053248_G_A,Exc,LRRC24,1,1,0.0003710761648682004,1,1,0.0003710761648682004,1,1,0.0003710761648682004,0.00013859408581506916,False,False,45.0,True,45.0,True,45.0,True,112.0,True
armA,8_144053248_G_A,Exc,MAF1,1,1,0.0003949349675440583,1,1,0.0003949349675440583,1,1,0.0003949349675440583,0.00033984623557758997,False,False,44.0,True,44.0,True,44.0,True,35.0,True
armA,8_144053248_G_A,Exc,MFSD3,1,1,7.8042223368463e-05,1,1,7.8042223368463e-05,1,1,7.8042223368463e-05,4.229266816205279e-05,False,False,178.0,False,178.0,False,178.0,False,198.0,False
armA,8_144053248_G_A,Exc,MROH1,1,1,0.0001844891451204811,1,1,0.0001844891451204811,1,1,0.0001844891451204811,0.00011672636895909694,False,False,112.0,True,112.0,True,112.0,True,122.0,True
armA,8_144053248_G_A,Exc,NAPRT,1,1,0.0002086852636315195,1,1,0.0002086852636315195,1,1,0.0002086852636315195,0.00028959093974889605,True,True,103.0,True,103.0,True,103.0,True,46.0,True
armA,8_144053248_G_A,Exc,NRBP2,1,1,0.0003549519037390203,1,1,0.0003549519037390203,1,1,0.0003549519037390203,0.00020137707254475057,False,False,50.0,True,50.0,True,50.0,True,77.0,True
armA,8_144053248_G_A,Exc,PLEC,1,1,2.5069262948429483e-05,1,1,2.5069262948429483e-05,1,1,2.5069262948429483e-05,0.0002525253481889811,True,True,227.0,False,227.0,False,227.0,False,58.0,True
armA,8_144053248_G_A,Exc,PPP1R16A,1,1,0.00013370249791400113,1,1,0.00013370249791400113,1,1,0.00013370249791400113,4.775460712885815e-05,True,True,135.0,False,135.0,False,135.0,False,194.0,False
armA,8_144053248_G_A,Exc,PUF60,1,1,0.00023246833214474183,1,1,0.00023246833214474183,1,1,0.00023246833214474183,0.0003246617123455753,False,False,93.0,True,93.0,True,93.0,True,38.0,True
armA,8_144053248_G_A,Exc,PYCR3,1,1,2.514642855262761e-05,1,1,2.514642855262761e-05,1,1,2.514642855262761e-05,1.3372167578365457e-05,True,True,226.0,False,226.0,False,226.0,False,246.0,False
armA,8_144053248_G_A,Exc,SCRIB,1,1,7.196756511285152e-06,1,1,7.196756511285152e-06,1,1,7.196756511285152e-06,0.00018799537031111146,True,True,260.0,False,260.0,False,260.0,False,86.0,True
armA,8_144053248_G_A,Exc,SCRT1,1,1,7.562483160550304e-05,1,1,7.562483160550304e-05,1,1,7.562483160550304e-05,0.00018741596899696233,False,False,182.0,False,182.0,False,182.0,False,87.0,True
armA,8_144053248_G_A,Exc,SCX,1,1,1.988952955742085e-05,1,1,1.988952955742085e-05,1,1,1.988952955742085e-05,0.00021884951894593496,False,False,236.0,False,236.0,False,236.0,False,71.0,True
armA,8_144053248_G_A,Exc,SHARPIN,1,1,2.7150495649774786e-05,1,1,2.7150495649774786e-05,1,1,2.7150495649774786e-05,0.0005525049782520441,False,False,224.0,False,224.0,False,224.0,False,21.0,True
armA,8_144053248_G_A,Exc,TIGD5,1,1,1.862460827456447e-05,1,1,1.862460827456447e-05,1,1,1.862460827456447e-05,3.195380723214347e-06,True,True,237.0,False,237.0,False,237.0,False,261.0,False
armA,8_144053248_G_A,Exc,TONSL,1,1,8.093606211759252e-05,1,1,8.093606211759252e-05,1,1,8.093606211759252e-05,0.00017149396022123065,True,True,172.0,False,172.0,False,172.0,False,94.0,True
armA,8_144053248_G_A,Exc,VPS28,1,1,0.0003704619618077887,1,1,0.0003704619618077887,1,1,0.0003704619618077887,0.0005677607508491889,True,True,47.0,True,47.0,True,47.0,True,20.0,True
armA,8_144053248_G_A,Exc,WDR97,1,1,4.529304617348351e-05,1,1,4.529304617348351e-05,1,1,4.529304617348351e-05,4.97036652802596e-05,True,True,206.0,False,206.0,False,206.0,False,191.0,False
armA,8_144053248_G_A,Exc,ZNF623,1,1,0.0003313163164331834,1,1,0.0003313163164331834,1,1,0.0003313163164331834,0.00023794663474213662,True,True,55.0,True,55.0,True,55.0,True,63.0,True
armA,8_144053248_G_A,Mic,CPSF1,1,1,0.0001056017307944912,1,1,0.0001056017307944912,1,1,0.0001056017307944912,0.0002734577436718233,True,True,124.0,False,124.0,False,124.0,False,94.0,False
armA,8_144053248_G_A,Mic,CYC1,1,1,0.001277566491479254,1,1,0.001277566491479254,1,1,0.001277566491479254,0.0007986928345200539,False,False,35.0,True,35.0,True,35.0,True,41.0,False
armA,8_144053248_G_A,Mic,CYHR1,1,1,7.697344801688155e-05,1,1,7.697344801688155e-05,1,1,7.697344801688155e-05,4.9307346239424454e-05,False,False,130.0,False,130.0,False,130.0,False,140.0,False
armA,8_144053248_G_A,Mic,EEF1D,1,1,0.0009448570817165436,1,1,0.0009448570817165436,1,1,0.0009448570817165436,0.0006923001785663629,False,False,51.0,False,51.0,False,51.0,False,47.0,False
armA,8_144053248_G_A,Mic,GRINA,1,1,0.00013532885799860672,1,1,0.00013532885799860672,1,1,0.00013532885799860672,9.531657192618503e-05,False,False,113.0,False,113.0,False,113.0,False,127.0,False
armA,8_144053248_G_A,Mic,GSDMD,1,1,0.0006007365795652753,1,1,0.0006007365795652753,1,1,0.0006007365795652753,0.0007254740179105656,True,True,62.0,False,62.0,False,62.0,False,45.0,False
armA,8_144053248_G_A,Mic,HSF1,1,1,0.0003266405082823498,1,1,0.0003266405082823498,1,1,0.0003266405082823498,0.00023748213565411014,False,False,84.0,False,84.0,False,84.0,False,97.0,False
armA,8_144053248_G_A,Mic,KIFC2,1,1,2.3806768158593505e-05,1,1,2.3806768158593505e-05,1,1,2.3806768158593505e-05,0.0002277765310001456,False,False,159.0,False,159.0,False,159.0,False,101.0,False
armA,8_144053248_G_A,Mic,MROH1,1,1,0.00028705614531060464,1,1,0.00028705614531060464,1,1,0.00028705614531060464,0.00015317403875930724,False,False,88.0,False,88.0,False,88.0,False,112.0,False
armA,8_144053248_G_A,Mic,NRBP2,1,1,0.00010930383388321752,1,1,0.00010930383388321752,1,1,0.00010930383388321752,2.951583692258064e-05,False,False,121.0,False,121.0,False,121.0,False,149.0,False
armA,8_144053248_G_A,Mic,PLEC,1,1,0.000378469948768001,1,1,0.000378469948768001,1,1,0.000378469948768001,6.303064979085171e-05,True,True,79.0,False,79.0,False,79.0,False,139.0,False
armA,8_144053248_G_A,Mic,VPS28,1,1,0.0006974977110776326,1,1,0.0006974977110776326,1,1,0.0006974977110776326,0.0009380175284097181,False,False,58.0,False,58.0,False,58.0,False,33.0,True
armA,8_144053248_G_A,Mic,ZNF623,1,1,7.257111125416604e-05,1,1,7.257111125416604e-05,1,1,7.257111125416604e-05,0.00011987985255734745,False,False,132.0,False,132.0,False,132.0,False,118.0,False
armA,8_27608798_T_C,Ast,CCDC25,1,1,0.0002840375910910242,1,1,0.0002840375910910242,1,1,0.0002840375910910242,0.0006113379544120945,True,True,105.0,False,105.0,False,105.0,False,40.0,True
armA,8_27608798_T_C,Ast,CLU,1,1,0.03077755870193899,1,1,0.03077755870193899,1,1,0.03077755870193899,0.01665409051034783,True,True,1.0,True,1.0,True,1.0,True,1.0,True
armA,8_27608798_T_C,Ast,EPHX2,1,1,7.312477039549126e-06,1,1,7.312477039549126e-06,1,1,7.312477039549126e-06,0.00011747132781488728,True,True,262.0,False,262.0,False,262.0,False,165.0,False
armA,8_27608798_T_C,Ast,PTK2B,1,1,0.00010771637187781402,1,1,0.00010771637187781402,1,1,0.00010771637187781402,5.9516673308550316e-05,False,False,175.0,False,175.0,False,175.0,False,201.0,False
armA,8_27608798_T_C,Ast,SCARA3,1,1,0.004873012954987432,1,1,0.004873012954987432,1,1,0.004873012954987432,0.003574989504290471,False,False,5.0,True,5.0,True,5.0,True,3.0,True
armA,8_27608798_T_C,Ast,STMN4,1,1,1.7716807809847746e-05,1,1,1.7716807809847746e-05,1,1,1.7716807809847746e-05,2.1693274517007796e-05,False,False,236.0,False,236.0,False,236.0,False,231.0,False
armA,8_27608798_T_C,Ast,TRIM35,1,1,0.00021173661503565144,1,1,0.00021173661503565144,1,1,0.00021173661503565144,0.00015779488401873598,False,False,128.0,False,128.0,False,128.0,False,143.0,False
armA,8_27608798_T_C,Exc,CCDC25,1,1,0.00028646139964966233,1,1,0.00028646139964966233,1,1,0.00028646139964966233,0.00019738975029462424,True,True,73.0,True,73.0,True,73.0,True,79.0,True
armA,8_27608798_T_C,Exc,CLU,1,1,0.019669727476039678,1,1,0.019669727476039678,1,1,0.019669727476039678,0.015474565903261572,False,False,1.0,True,1.0,True,1.0,True,1.0,True
armA,8_27608798_T_C,Exc,PTK2B,1,1,8.55133743399572e-05,1,1,8.55133743399572e-05,1,1,8.55133743399572e-05,0.00010901915984215527,False,False,169.0,False,169.0,False,169.0,False,129.0,True
armA,8_27608798_T_C,Exc,SCARA3,1,1,0.0017663655319800492,1,1,0.0017663655319800492,1,1,0.0017663655319800492,0.0014922495482823234,True,True,9.0,True,9.0,True,9.0,True,3.0,True
armA,8_27608798_T_C,Exc,STMN4,1,1,0.0010877584724194866,1,1,0.0010877584724194866,1,1,0.0010877584724194866,0.0013794938064983775,False,False,13.0,True,13.0,True,13.0,True,5.0,True
armA,8_27608798_T_C,Exc,TRIM35,1,1,0.00012349216478491076,1,1,0.00012349216478491076,1,1,0.00012349216478491076,4.869421377523553e-05,True,True,142.0,False,142.0,False,142.0,False,192.0,False
armA,8_27608798_T_C,Mic,CCDC25,1,1,0.0006712982875491935,1,1,0.0006712982875491935,1,1,0.0006712982875491935,0.0012064833242579898,False,False,60.0,False,60.0,False,60.0,False,21.0,True
armA,8_27608798_T_C,Mic,CLU,1,1,0.01589680136352739,1,1,0.01589680136352739,1,1,0.01589680136352739,0.004859245665666895,False,False,4.0,True,4.0,True,4.0,True,4.0,True
armA,8_27608798_T_C,Mic,PTK2B,1,1,4.61613851614473e-05,1,1,4.61613851614473e-05,1,1,4.61613851614473e-05,4.420118310410892e-05,True,True,149.0,False,149.0,False,149.0,False,143.0,False
armA,8_27608798_T_C,Mic,STMN4,1,1,8.004242463257249e-07,1,1,8.004242463257249e-07,1,1,8.004242463257249e-07,2.2702428240270434e-06,False,False,174.0,False,174.0,False,174.0,False,171.0,False
armB,10_11676714_A_G,Ast,CELF2,1,1,5.3669423568797336e-05,1,1,5.3669423568797336e-05,1,1,5.3669423568797336e-05,2.8633525274712746e-06,True,False,299.0,False,302.0,False,302.0,False,383.0,False
armB,10_11676714_A_G,Ast,DHTKD1,1,1,0.0003590982721321523,1,1,0.0003590982721321523,1,1,0.0003590982721321523,0.00019403565939746237,True,True,138.0,False,140.0,False,140.0,False,181.0,False
armB,10_11676714_A_G,Ast,NUDT5,1,1,0.0008542092921411948,1,1,0.0008542092921411948,1,1,0.0008542092921411948,0.0005320896099725303,False,False,55.0,True,56.0,True,56.0,True,73.0,True
armB,10_11676714_A_G,Ast,SEC61A2,1,1,2.4804753391921563e-05,1,1,2.4804753391921563e-05,1,1,2.4804753391921563e-05,3.134549540192988e-05,True,True,332.0,False,336.0,False,336.0,False,313.0,False
armB,10_11676714_A_G,Ast,UPF2,1,1,2.7610358791729794e-05,1,1,2.7610358791729794e-05,1,1,2.7610358791729794e-05,0.00013933296847626342,False,False,327.0,False,330.0,False,330.0,False,216.0,False
armB,10_11676714_A_G,Ast,USP6NL,1,1,6.366752367931161e-05,1,1,6.366752367931161e-05,1,1,6.366752367931161e-05,1.185198793575426e-05,False,False,291.0,False,294.0,False,294.0,False,348.0,False
armB,10_11676714_A_G,Exc,CELF2,1,1,0.0003907375832061799,1,1,0.0003907375832061799,1,1,0.0003907375832061799,0.000273660450768598,False,False,78.0,True,82.0,True,82.0,True,89.0,True
armB,10_11676714_A_G,Exc,DHTKD1,1,1,0.00019422279373157436,1,1,0.00019422279373157436,1,1,0.00019422279373157436,0.00036113369106413606,True,True,165.0,True,168.0,True,168.0,True,55.0,True
armB,10_11676714_A_G,Exc,NUDT5,1,1,0.00010450628071911883,1,1,0.00010450628071911883,1,1,0.00010450628071911883,1.8263140754620766e-05,True,True,242.0,False,245.0,False,245.0,False,332.0,False
armB,10_11676714_A_G,Exc,SEC61A2,1,1,0.00012725218612252842,1,1,0.00012725218612252842,1,1,0.00012725218612252842,0.00014301751426282205,True,True,217.0,False,220.0,False,220.0,False,166.0,True
armB,10_11676714_A_G,Exc,UPF2,1,1,8.427933206045513e-06,1,1,8.427933206045513e-06,1,1,8.427933206045513e-06,3.123408879551759e-05,False,False,359.0,False,359.0,False,359.0,False,300.0,False
armB,10_11676714_A_G,Exc,USP6NL,1,1,3.525445593613452e-05,1,1,3.525445593613452e-05,1,1,3.525445593613452e-05,2.597854933422683e-05,False,False,317.0,False,320.0,False,320.0,False,313.0,False
armB,10_11676714_A_G,Mic,CELF2,1,1,9.045040208910393e-05,1,1,9.045040208910393e-05,1,1,9.045040208910393e-05,0.0007177613239433001,False,False,191.0,False,193.0,False,193.0,False,78.0,False
armB,10_11676714_A_G,Mic,DHTKD1,1,1,0.00013173611641736915,1,1,0.00013173611641736915,1,1,0.00013173611641736915,3.804252868022662e-05,False,False,179.0,False,181.0,False,181.0,False,215.0,False
armB,10_11676714_A_G,Mic,NUDT5,1,1,0.0010832032053867957,1,1,0.0010832032053867957,1,1,0.0010832032053867957,0.000941692174646791,False,False,73.0,False,75.0,False,75.0,False,56.0,False
armB,10_11676714_A_G,Mic,SEC61A2,1,1,0.0001395131988575632,1,1,0.0001395131988575632,1,1,0.0001395131988575632,0.0001291154699373659,False,False,175.0,False,177.0,False,177.0,False,174.0,False
armB,10_11676714_A_G,Mic,UPF2,1,1,0.00018327523693684178,1,1,0.00018327523693684178,1,1,0.00018327523693684178,0.00012425818651939924,False,False,167.0,False,170.0,False,170.0,False,175.0,False
armB,10_11676714_A_G,Mic,USP6NL,1,1,0.002118254059123248,1,1,0.002118254059123248,1,1,0.002118254059123248,5.4470111060966886e-05,True,True,46.0,False,48.0,False,48.0,False,205.0,False
armB,10_59978394_G_T,Ast,ANK3,1,1,0.0002032033856354809,1,1,0.0002032033856354809,1,1,0.0002032033856354809,2.2834772653926305e-05,False,False,213.0,False,216.0,False,216.0,False,325.0,False
armB,10_59978394_G_T,Ast,CCDC6,1,1,0.0011182329444736072,1,1,0.0011182329444736072,1,1,0.0011182329444736072,0.00033735247267213664,True,True,43.0,True,44.0,True,44.0,True,125.0,False
armB,10_59978394_G_T,Ast,SLC16A9,1,1,3.489646475771102e-06,1,1,3.489646475771102e-06,1,1,3.489646475771102e-06,4.7606510532843815e-05,True,True,376.0,False,380.0,False,380.0,False,302.0,False
armB,10_59978394_G_T,Exc,ANK3,1,1,0.00017577766259402328,1,1,0.00017577766259402328,1,1,0.00017577766259402328,0.00022643235697267228,False,False,178.0,False,181.0,False,181.0,False,113.0,True
armB,10_59978394_G_T,Exc,CCDC6,1,1,0.0002557475553614519,1,1,0.0002557475553614519,1,1,0.0002557475553614519,0.00010967371438730389,True,True,122.0,True,126.0,True,126.0,True,190.0,False
armB,10_59978394_G_T,Mic,ANK3,1,1,0.00011420129538491225,1,1,0.00011420129538491225,1,1,0.00011420129538491225,6.857688793059785e-06,True,True,186.0,False,188.0,False,188.0,False,238.0,False
armB,10_59978394_G_T,Mic,CCDC6,1,1,0.01012030101857736,1,1,0.01012030101857736,1,1,0.01012030101857736,3.375388973919646e-05,True,True,17.0,True,18.0,True,18.0,True,217.0,False
armB,11_121564878_T_C,Ast,SC5D,1,1,0.00027701536442054087,1,1,0.00027701536442054087,1,1,0.00027701536442054087,5.814571406564939e-05,False,False,175.0,False,178.0,False,178.0,False,286.0,False
armB,11_121564878_T_C,Ast,SORL1,1,1,2.7909436343780125e-07,1,1,2.7909436343780125e-07,1,1,2.7909436343780125e-07,1.8598018462831836e-05,False,False,397.0,False,398.0,False,398.0,False,330.0,False
armB,11_121564878_T_C,Ast,TECTA,1,1,1.0902449373656475e-05,1,1,1.0902449373656475e-05,1,1,1.0902449373656475e-05,4.07172713120206e-06,False,False,356.0,False,360.0,False,360.0,False,376.0,False
armB,11_121564878_T_C,Exc,SC5D,1,1,8.114632198991112e-05,1,1,8.114632198991112e-05,1,1,8.114632198991112e-05,4.4275106618973936e-05,False,False,263.0,False,266.0,False,266.0,False,277.0,False
armB,11_121564878_T_C,Exc,SORL1,1,1,0.0016159644565847953,1,1,0.0016159644565847953,1,1,0.0016159644565847953,7.591954649344146e-05,False,False,19.0,True,23.0,True,23.0,True,229.0,False
armB,11_121564878_T_C,Exc,TECTA,1,1,7.696000095650316e-05,1,1,7.696000095650316e-05,1,1,7.696000095650316e-05,3.237730453594864e-05,True,True,269.0,False,272.0,False,272.0,False,297.0,False
armB,11_121564878_T_C,Mic,SC5D,1,1,0.0006462845283843888,1,1,0.0006462845283843888,1,1,0.0006462845283843888,4.4733090906134976e-05,False,False,101.0,False,103.0,False,103.0,False,209.0,False
armB,11_121564878_T_C,Mic,SORL1,1,1,0.0068444574970037975,1,1,0.0068444574970037975,1,1,0.0068444574970037975,0.000818455449606903,False,False,21.0,True,22.0,True,22.0,True,66.0,False
armB,11_47358789_G_T,Ast,ACP2,1,1,0.0003304372808691225,1,1,0.0003304372808691225,1,1,0.0003304372808691225,0.0004718408866768442,False,False,146.0,False,148.0,False,148.0,False,83.0,False
armB,11_47358789_G_T,Ast,ARFGAP2,1,1,0.0007612168990898116,1,1,0.0007612168990898116,1,1,0.0007612168990898116,0.00019287303208026518,False,False,63.0,True,64.0,True,64.0,True,182.0,False
armB,11_47358789_G_T,Ast,C11orf49,1,1,2.8467499775475247e-05,1,1,2.8467499775475247e-05,1,1,2.8467499775475247e-05,0.0006414732413159707,True,True,325.0,False,328.0,False,328.0,False,62.0,True
armB,11_47358789_G_T,Ast,C1QTNF4,1,1,2.934708965152133e-05,1,1,2.934708965152133e-05,1,1,2.934708965152133e-05,8.491668953058973e-06,False,False,324.0,False,327.0,False,327.0,False,355.0,False
armB,11_47358789_G_T,Ast,CELF1,1,1,0.0002843914029831973,1,1,0.0002843914029831973,1,1,0.0002843914029831973,0.00015871598604144666,False,False,169.0,False,172.0,False,172.0,False,203.0,False
armB,11_47358789_G_T,Ast,DDB2,1,1,0.00015069902508368926,1,1,0.00015069902508368926,1,1,0.00015069902508368926,0.00012343699815531295,False,False,244.0,False,247.0,False,247.0,False,225.0,False
armB,11_47358789_G_T,Ast,FNBP4,1,1,9.943215979590914e-05,1,1,9.943215979590914e-05,1,1,9.943215979590914e-05,7.845507483833503e-05,False,False,272.0,False,275.0,False,275.0,False,269.0,False
armB,11_47358789_G_T,Ast,KBTBD4,1,1,0.0007194260531272478,1,1,0.0007194260531272478,1,1,0.0007194260531272478,2.957746729020938e-05,False,False,67.0,True,68.0,True,68.0,True,317.0,False
armB,11_47358789_G_T,Ast,LRP4,1,1,0.000210361789033095,1,1,0.000210361789033095,1,1,0.000210361789033095,0.00023723807599827784,True,True,208.0,False,211.0,False,211.0,False,162.0,False
armB,11_47358789_G_T,Ast,LRP4-AS1,1,1,4.9868336064646385e-05,1,1,4.9868336064646385e-05,1,1,4.9868336064646385e-05,0.00015184982807433384,True,True,304.0,False,307.0,False,307.0,False,207.0,False
armB,11_47358789_G_T,Ast,MADD,1,1,0.00014056597979333896,1,1,0.00014056597979333896,1,1,0.00014056597979333896,8.570157921694577e-05,False,False,250.0,False,253.0,False,253.0,False,261.0,False
armB,11_47358789_G_T,Ast,MTCH2,1,1,0.00030332903579899373,1,1,0.00030332903579899373,1,1,0.00030332903579899373,0.00023178145860236476,True,True,157.0,False,160.0,False,160.0,False,163.0,False
armB,11_47358789_G_T,Ast,NDUFS3,1,1,0.00047865289799675637,1,1,0.00047865289799675637,1,1,0.00047865289799675637,5.6904865131102156e-05,False,False,114.0,False,116.0,False,116.0,False,288.0,False
armB,11_47358789_G_T,Ast,NR1H3,1,1,0.0002059681225203558,1,1,0.0002059681225203558,1,1,0.0002059681225203558,0.00028466310431010666,True,True,211.0,False,214.0,False,214.0,False,141.0,False
armB,11_47358789_G_T,Ast,NUP160,1,1,0.00016430061107025606,1,1,0.00016430061107025606,1,1,0.00016430061107025606,0.00010641928784915766,False,False,237.0,False,240.0,False,240.0,False,244.0,False
armB,11_47358789_G_T,Ast,PACSIN3,1,1,0.0006476752223157911,1,1,0.0006476752223157911,1,1,0.0006476752223157911,0.0007395542889062634,False,False,77.0,False,78.0,False,78.0,False,53.0,True
armB,11_47358789_G_T,Ast,PSMC3,1,1,0.002211338623022918,1,1,0.002211338623022918,1,1,0.002211338623022918,0.0015708625955777045,False,False,23.0,True,24.0,True,24.0,True,15.0,True
armB,11_47358789_G_T,Ast,PTPMT1,1,1,0.0005812262379620847,1,1,0.0005812262379620847,1,1,0.0005812262379620847,2.0744448979925778e-05,False,False,89.0,False,90.0,False,90.0,False,328.0,False
armB,11_47358789_G_T,Ast,SLC39A13,1,1,0.003069975299573313,1,1,0.003069975299573313,1,1,0.003069975299573313,0.00025984974506032543,False,False,14.0,True,15.0,True,15.0,True,150.0,False
armB,11_47358789_G_T,Ast,SPI1,1,1,1.034663555542876e-05,1,1,1.034663555542876e-05,1,1,1.034663555542876e-05,3.030708532018731e-06,False,False,361.0,False,365.0,False,365.0,False,381.0,False
armB,11_47358789_G_T,Exc,ACP2,1,1,0.00011391969479995767,1,1,0.00011391969479995767,1,1,0.00011391969479995767,0.0002992219167549659,True,True,233.0,False,236.0,False,236.0,False,74.0,True
armB,11_47358789_G_T,Exc,ARFGAP2,1,1,0.0004036462344938485,1,1,0.0004036462344938485,1,1,0.0004036462344938485,4.7034134699197594e-05,False,False,73.0,True,76.0,True,76.0,True,276.0,False
armB,11_47358789_G_T,Exc,C11orf49,1,1,3.9234916920316554e-05,1,1,3.9234916920316554e-05,1,1,3.9234916920316554e-05,0.00031233657156737316,True,True,315.0,False,318.0,False,318.0,False,67.0,True
armB,11_47358789_G_T,Exc,C1QTNF4,1,1,0.0003214223004538719,1,1,0.0003214223004538719,1,1,0.0003214223004538719,0.00014078635500874848,True,True,100.0,True,104.0,True,104.0,True,167.0,True
armB,11_47358789_G_T,Exc,CELF1,1,1,0.0002758880342090819,1,1,0.0002758880342090819,1,1,0.0002758880342090819,0.0002992489543353072,False,False,113.0,True,117.0,True,117.0,True,73.0,True
armB,11_47358789_G_T,Exc,DDB2,1,1,0.0001209442198494004,1,1,0.0001209442198494004,1,1,0.0001209442198494004,5.887121348158164e-05,True,True,226.0,False,229.0,False,229.0,False,255.0,False
armB,11_47358789_G_T,Exc,FNBP4,1,1,0.000184082295237753,1,1,0.000184082295237753,1,1,0.000184082295237753,5.989124087657505e-05,True,True,175.0,False,178.0,False,178.0,False,251.0,False
armB,11_47358789_G_T,Exc,KBTBD4,1,1,0.0002665570139099849,1,1,0.0002665570139099849,1,1,0.0002665570139099849,7.320968377899639e-05,False,False,116.0,True,120.0,True,120.0,True,234.0,False
armB,11_47358789_G_T,Exc,MADD,1,1,6.237995739588609e-05,1,1,6.237995739588609e-05,1,1,6.237995739588609e-05,0.00028737632224717924,True,True,288.0,False,291.0,False,291.0,False,82.0,True
armB,11_47358789_G_T,Exc,MTCH2,1,1,6.530705410962012e-05,1,1,6.530705410962012e-05,1,1,6.530705410962012e-05,0.00026968192249426925,True,True,285.0,False,288.0,False,288.0,False,92.0,True
armB,11_47358789_G_T,Exc,NDUFS3,1,1,0.0002462898705889449,1,1,0.0002462898705889449,1,1,0.0002462898705889449,0.0003908579758458153,False,False,126.0,True,130.0,True,130.0,True,48.0,True
armB,11_47358789_G_T,Exc,NR1H3,1,1,7.934564542426414e-05,1,1,7.934564542426414e-05,1,1,7.934564542426414e-05,0.00013580562250945644,True,True,266.0,False,269.0,False,269.0,False,173.0,True
armB,11_47358789_G_T,Exc,NUP160,1,1,0.00018726398002155697,1,1,0.00018726398002155697,1,1,0.00018726398002155697,3.4154112687700966e-05,True,True,171.0,True,174.0,True,174.0,True,291.0,False
armB,11_47358789_G_T,Exc,PSMC3,1,1,0.0020443373309092516,1,1,0.0020443373309092516,1,1,0.0020443373309092516,0.00045066903677615233,True,True,14.0,True,18.0,True,18.0,True,42.0,True
armB,11_47358789_G_T,Exc,PTPMT1,1,1,0.00016885462687860064,1,1,0.00016885462687860064,1,1,0.00016885462687860064,6.765028264749118e-05,False,False,181.0,False,184.0,False,184.0,False,239.0,False
armB,11_47358789_G_T,Exc,SLC39A13,1,1,0.0045260820913453625,1,1,0.0045260820913453625,1,1,0.0045260820913453625,0.00011305092337909883,False,False,7.0,True,10.0,True,10.0,True,185.0,False
armB,11_47358789_G_T,Mic,ARFGAP2,1,1,0.000878406561057421,1,1,0.000878406561057421,1,1,0.000878406561057421,0.00016711992253459762,False,False,85.0,False,87.0,False,87.0,False,164.0,False
armB,11_47358789_G_T,Mic,C11orf49,1,1,0.0003085804937254244,1,1,0.0003085804937254244,1,1,0.0003085804937254244,0.00038777018381733197,False,False,146.0,False,149.0,False,149.0,False,123.0,False
armB,11_47358789_G_T,Mic,C1QTNF4,1,1,7.82536831671829e-05,1,1,7.82536831671829e-05,1,1,7.82536831671829e-05,1.7765007980796027e-05,False,False,198.0,False,200.0,False,200.0,False,223.0,False
armB,11_47358789_G_T,Mic,CELF1,1,1,0.00034522312429519086,1,1,0.00034522312429519086,1,1,0.00034522312429519086,0.00016849957027176288,False,False,139.0,False,142.0,False,142.0,False,163.0,False
armB,11_47358789_G_T,Mic,DDB2,1,1,0.0005438543359219672,1,1,0.0005438543359219672,1,1,0.0005438543359219672,0.0005362776265218638,False,False,113.0,False,115.0,False,115.0,False,99.0,False
armB,11_47358789_G_T,Mic,FNBP4,1,1,6.25956344979528e-07,1,1,6.25956344979528e-07,1,1,6.25956344979528e-07,7.002827339019913e-05,False,False,249.0,False,249.0,False,249.0,False,198.0,False
armB,11_47358789_G_T,Mic,MADD,1,1,0.00011518653960879144,1,1,0.00011518653960879144,1,1,0.00011518653960879144,0.0007520185896111586,False,False,185.0,False,187.0,False,187.0,False,74.0,False
armB,11_47358789_G_T,Mic,MTCH2,1,1,7.590940837165494e-05,1,1,7.590940837165494e-05,1,1,7.590940837165494e-05,0.0004060113469890325,False,False,200.0,False,202.0,False,202.0,False,122.0,False
armB,11_47358789_G_T,Mic,NDUFS3,1,1,1.0992149966915221e-05,1,1,1.0992149966915221e-05,1,1,1.0992149966915221e-05,0.000669454268175329,False,False,231.0,False,233.0,False,233.0,False,83.0,False
armB,11_47358789_G_T,Mic,NUP160,1,1,0.00033231450574988664,1,1,0.00033231450574988664,1,1,0.00033231450574988664,0.00023780959223806963,True,True,143.0,False,146.0,False,146.0,False,146.0,False
armB,11_47358789_G_T,Mic,PSMC3,1,1,0.005298517722577278,1,1,0.005298517722577278,1,1,0.005298517722577278,0.0018397602329276452,False,False,24.0,True,25.0,True,25.0,True,22.0,True
armB,11_47358789_G_T,Mic,SPI1,1,1,0.010421162852373822,1,1,0.010421162852373822,1,1,0.010421162852373822,0.008735934111459898,False,False,16.0,True,17.0,True,17.0,True,4.0,True
armB,11_60254475_G_A,Ast,MRPL16,1,1,0.0015348164730007996,1,1,0.0015348164730007996,1,1,0.0015348164730007996,0.00012215989682184958,False,False,33.0,True,34.0,True,34.0,True,228.0,False
armB,11_60254475_G_A,Ast,STX3,1,1,0.00020351409016861055,1,1,0.00020351409016861055,1,1,0.00020351409016861055,2.948274290895392e-05,True,True,212.0,False,215.0,False,215.0,False,318.0,False
armB,11_60254475_G_A,Exc,MRPL16,1,1,0.0006470634242987661,1,1,0.0006470634242987661,1,1,0.0006470634242987661,2.5591065828667325e-05,False,False,48.0,True,51.0,True,51.0,True,315.0,False
armB,11_60254475_G_A,Exc,STX3,1,1,0.00014036935251984795,1,1,0.00014036935251984795,1,1,0.00014036935251984795,1.8695320938455495e-05,False,False,201.0,False,204.0,False,204.0,False,330.0,False
armB,11_60254475_G_A,Mic,MS4A14,1,1,0.0016267524014580426,1,1,0.0016267524014580426,1,1,0.0016267524014580426,0.001237826355310112,True,True,57.0,False,59.0,False,59.0,False,37.0,True
armB,11_60254475_G_A,Mic,MS4A4A,1,1,0.0046070347849809234,1,1,0.0046070347849809234,1,1,0.0046070347849809234,0.0019767331168649704,True,True,26.0,True,27.0,True,27.0,True,20.0,True
armB,11_60254475_G_A,Mic,MS4A4E,1,1,0.006999495078486684,1,1,0.006999495078486684,1,1,0.006999495078486684,0.0006517939413356599,False,False,20.0,True,21.0,True,21.0,True,86.0,False
armB,11_60254475_G_A,Mic,MS4A6A,1,1,0.014726740232859914,1,1,0.014726740232859914,1,1,0.014726740232859914,0.0001792172895078714,True,True,11.0,True,12.0,True,12.0,True,161.0,False
armB,11_60254475_G_A,Mic,MS4A7,1,1,0.0035548067306854225,1,1,0.0035548067306854225,1,1,0.0035548067306854225,0.0009206324732025095,True,True,31.0,True,32.0,True,32.0,True,58.0,False
armB,11_60254475_G_A,Mic,STX3,1,1,0.00024812452404021634,1,1,0.00024812452404021634,1,1,0.00024812452404021634,0.00023577453168005524,False,False,155.0,False,158.0,False,158.0,False,148.0,False
armB,11_86089237_G_A,Ast,CCDC81,1,1,7.616418500708266e-06,1,1,7.616418500708266e-06,1,1,7.616418500708266e-06,1.3291751574870392e-05,False,False,369.0,False,373.0,False,373.0,False,344.0,False
armB,11_86089237_G_A,Ast,CREBZF,1,1,4.436250117284546e-05,1,1,4.436250117284546e-05,1,1,4.436250117284546e-05,5.4874182418895856e-05,True,True,311.0,False,314.0,False,314.0,False,292.0,False
armB,11_86089237_G_A,Ast,EED,1,1,0.000381614678496206,1,1,0.000381614678496206,1,1,0.000381614678496206,0.00010741338113798293,True,True,131.0,False,133.0,False,133.0,False,242.0,False
armB,11_86089237_G_A,Ast,HIKESHI,1,1,3.947963110040309e-05,1,1,3.947963110040309e-05,1,1,3.947963110040309e-05,0.0003846196989015782,False,False,316.0,False,319.0,False,319.0,False,111.0,False
armB,11_86089237_G_A,Ast,PICALM,1,1,0.007874564263402162,1,1,0.007874564263402162,1,1,0.007874564263402162,1.7263938996481265e-05,False,False,6.0,True,7.0,True,7.0,True,333.0,False
armB,11_86089237_G_A,Ast,SYTL2,1,1,2.0988573096097918e-05,1,1,2.0988573096097918e-05,1,1,2.0988573096097918e-05,7.6799006700351e-05,True,True,342.0,False,345.0,False,345.0,False,272.0,False
armB,11_86089237_G_A,Ast,TMEM126A,1,1,0.00025268447582854625,1,1,0.00025268447582854625,1,1,0.00025268447582854625,0.0010289365555600782,False,False,187.0,False,190.0,False,190.0,False,34.0,True
armB,11_86089237_G_A,Ast,TMEM126B,1,1,0.00014705445062979106,1,1,0.00014705445062979106,1,1,0.00014705445062979106,0.000978973148954898,False,False,247.0,False,250.0,False,250.0,False,36.0,True
armB,11_86089237_G_A,Exc,CREBZF,1,1,0.00026651939609206865,1,1,0.00026651939609206865,1,1,0.00026651939609206865,0.0002177365803137099,True,True,117.0,True,121.0,True,121.0,True,119.0,True
armB,11_86089237_G_A,Exc,EED,1,1,2.632430054663737e-05,1,1,2.632430054663737e-05,1,1,2.632430054663737e-05,3.751554802866597e-06,True,True,331.0,False,334.0,False,334.0,False,360.0,False
armB,11_86089237_G_A,Exc,HIKESHI,1,1,6.17819410117515e-05,1,1,6.17819410117515e-05,1,1,6.17819410117515e-05,1.4291189265741577e-05,True,True,289.0,False,292.0,False,292.0,False,342.0,False
armB,11_86089237_G_A,Exc,PICALM,1,1,0.0015934477050900675,1,1,0.0015934477050900675,1,1,0.0015934477050900675,9.370820530474333e-05,True,True,20.0,True,24.0,True,24.0,True,205.0,False
armB,11_86089237_G_A,Exc,SYTL2,1,1,4.75624437818456e-05,1,1,4.75624437818456e-05,1,1,4.75624437818456e-05,3.685789022880859e-05,True,True,303.0,False,306.0,False,306.0,False,288.0,False
armB,11_86089237_G_A,Exc,TMEM126A,1,1,0.0003292762691932405,1,1,0.0003292762691932405,1,1,0.0003292762691932405,0.00016038428012193906,False,False,95.0,True,99.0,True,99.0,True,157.0,True
armB,11_86089237_G_A,Exc,TMEM126B,1,1,0.00019228952129718424,1,1,0.00019228952129718424,1,1,0.00019228952129718424,6.168962824310009e-05,True,True,166.0,True,169.0,True,169.0,True,250.0,False
armB,11_86089237_G_A,Mic,CREBZF,1,1,0.0002618755090944558,1,1,0.0002618755090944558,1,1,0.0002618755090944558,6.348186105392672e-05,False,False,153.0,False,156.0,False,156.0,False,201.0,False
armB,11_86089237_G_A,Mic,EED,1,1,0.002453342823261484,1,1,0.002453342823261484,1,1,0.002453342823261484,0.0005063112705600004,False,False,40.0,True,41.0,True,41.0,True,103.0,False
armB,11_86089237_G_A,Mic,HIKESHI,1,1,0.0013352057029465403,1,1,0.0013352057029465403,1,1,0.0013352057029465403,0.0011112630645512267,False,False,67.0,False,69.0,False,69.0,False,42.0,True
armB,11_86089237_G_A,Mic,PICALM,1,1,0.022656521607900215,1,1,0.022656521607900215,1,1,0.022656521607900215,0.0006680950546866793,True,True,4.0,True,4.0,True,4.0,True,84.0,False
armB,11_86089237_G_A,Mic,SYTL2,1,1,5.498182587010056e-05,1,1,5.498182587010056e-05,1,1,5.498182587010056e-05,9.597722274348047e-06,False,False,207.0,False,210.0,False,210.0,False,232.0,False
armB,11_86089237_G_A,Mic,TMEM126B,1,1,0.0011203123179008845,1,1,0.0011203123179008845,1,1,0.0011203123179008845,0.0007930741927983931,False,False,71.0,False,73.0,False,73.0,False,70.0,False
armB,14_52832135_A_G,Ast,DDHD1,1,1,0.0001215870268612973,1,1,0.0001215870268612973,1,1,0.0001215870268612973,6.566102655238687e-05,True,True,256.0,False,259.0,False,259.0,False,278.0,False
armB,14_52832135_A_G,Ast,ERO1A,1,1,0.000415741617457166,1,1,0.000415741617457166,1,1,0.000415741617457166,0.00026133963191832255,False,False,127.0,False,129.0,False,129.0,False,149.0,False
armB,14_52832135_A_G,Ast,FERMT2,1,1,0.007594275171627141,1,1,0.007594275171627141,1,1,0.007594275171627141,0.0006810915910142601,False,False,7.0,True,8.0,True,8.0,True,58.0,True
armB,14_52832135_A_G,Ast,GNPNAT1,1,1,0.0007891628275662477,1,1,0.0007891628275662477,1,1,0.0007891628275662477,0.000310569963229812,False,False,59.0,True,60.0,True,60.0,True,133.0,False
armB,14_52832135_A_G,Ast,GPR137C,1,1,2.7362549861389453e-05,1,1,2.7362549861389453e-05,1,1,2.7362549861389453e-05,3.423405069745769e-06,True,True,328.0,False,331.0,False,331.0,False,380.0,False
armB,14_52832135_A_G,Ast,PSMC6,1,1,0.0010546649142073594,1,1,0.0010546649142073594,1,1,0.0010546649142073594,0.00027574930780127627,False,False,45.0,True,46.0,True,46.0,True,145.0,False
armB,14_52832135_A_G,Ast,STYX,1,1,0.0032512158703871807,1,1,0.0032512158703871807,1,1,0.0032512158703871807,0.0001827188492002918,False,False,13.0,True,14.0,True,14.0,True,190.0,False
armB,14_52832135_A_G,Ast,TXNDC16,1,1,4.446640464321472e-05,1,1,4.446640464321472e-05,1,1,4.446640464321472e-05,1.5752668627661004e-05,False,False,310.0,False,313.0,False,313.0,False,338.0,False
armB,14_52832135_A_G,Exc,DDHD1,1,1,0.0003571873623435251,1,1,0.0003571873623435251,1,1,0.0003571873623435251,4.1160443686377723e-05,False,False,88.0,True,92.0,True,92.0,True,282.0,False
armB,14_52832135_A_G,Exc,ERO1A,1,1,0.0001488823458707933,1,1,0.0001488823458707933,1,1,0.0001488823458707933,0.00011025039923467927,False,False,193.0,False,196.0,False,196.0,False,189.0,False
armB,14_52832135_A_G,Exc,FERMT2,1,1,0.013078429080661813,1,1,0.013078429080661813,1,1,0.013078429080661813,0.00019200171761835083,True,True,3.0,True,5.0,True,5.0,True,135.0,True
armB,14_52832135_A_G,Exc,GNPNAT1,1,1,0.0012152672215944016,1,1,0.0012152672215944016,1,1,0.0012152672215944016,0.00015019255960874167,False,False,24.0,True,28.0,True,28.0,True,162.0,True
armB,14_52832135_A_G,Exc,GPR137C,1,1,0.00013630043035578465,1,1,0.00013630043035578465,1,1,0.00013630043035578465,0.00017734130802299353,False,False,205.0,False,208.0,False,208.0,False,144.0,True
armB,14_52832135_A_G,Exc,PSMC6,1,1,0.0007284959705994298,1,1,0.0007284959705994298,1,1,0.0007284959705994298,0.00027925739547063344,True,True,37.0,True,40.0,True,40.0,True,86.0,True
armB,14_52832135_A_G,Exc,STYX,1,1,0.0002817960956899984,1,1,0.0002817960956899984,1,1,0.0002817960956899984,5.064767828447114e-05,False,False,112.0,True,116.0,True,116.0,True,267.0,False
armB,14_52832135_A_G,Exc,TXNDC16,1,1,4.053784777460767e-05,1,1,4.053784777460767e-05,1,1,4.053784777460767e-05,8.627936387609059e-05,True,True,313.0,False,316.0,False,316.0,False,213.0,False
armB,14_52832135_A_G,Mic,DDHD1,1,1,0.0004982045038454952,1,1,0.0004982045038454952,1,1,0.0004982045038454952,9.397821430495723e-05,False,False,122.0,False,124.0,False,124.0,False,190.0,False
armB,14_52832135_A_G,Mic,ERO1A,1,1,9.07471341149435e-05,1,1,9.07471341149435e-05,1,1,9.07471341149435e-05,0.00023221438102916103,False,False,190.0,False,192.0,False,192.0,False,149.0,False
armB,14_52832135_A_G,Mic,GPR137C,1,1,3.5263917954470037e-07,1,1,3.5263917954470037e-07,1,1,3.5263917954470037e-07,1.0689278613250017e-06,False,False,250.0,False,250.0,False,250.0,False,248.0,False
armB,14_52832135_A_G,Mic,PSMC6,1,1,0.0049728941272731975,1,1,0.0049728941272731975,1,1,0.0049728941272731975,9.008261972875964e-05,False,False,25.0,True,26.0,True,26.0,True,192.0,False
armB,14_52832135_A_G,Mic,STYX,1,1,0.003587329356996294,1,1,0.003587329356996294,1,1,0.003587329356996294,0.0005014352647011444,False,False,30.0,True,31.0,True,31.0,True,104.0,False
armB,14_52832135_A_G,Mic,TXNDC16,1,1,6.141738227649629e-05,1,1,6.141738227649629e-05,1,1,6.141738227649629e-05,0.00011726165562632451,False,False,204.0,False,207.0,False,207.0,False,180.0,False
armB,14_92472511_G_A,Ast,ATXN3,1,1,0.00015291359329840104,1,1,0.00015291359329840104,1,1,0.00015291359329840104,6.426379858016917e-05,True,True,242.0,False,245.0,False,245.0,False,280.0,False
armB,14_92472511_G_A,Ast,CHGA,1,1,2.4167490991941834e-05,1,1,2.4167490991941834e-05,1,1,2.4167490991941834e-05,2.9927843857767422e-05,False,False,334.0,False,337.0,False,337.0,False,314.0,False
armB,14_92472511_G_A,Ast,CPSF2,1,1,0.00016362869868491448,1,1,0.00016362869868491448,1,1,0.00016362869868491448,8.851658437986076e-05,False,False,238.0,False,241.0,False,241.0,False,258.0,False
armB,14_92472511_G_A,Ast,GOLGA5,1,1,0.0006749769069720468,1,1,0.0006749769069720468,1,1,0.0006749769069720468,0.00017458962239524922,False,False,75.0,False,76.0,False,76.0,False,195.0,False
armB,14_92472511_G_A,Ast,LGMN,1,1,0.0004591206368648182,1,1,0.0004591206368648182,1,1,0.0004591206368648182,4.420663566773175e-05,False,False,119.0,False,121.0,False,121.0,False,305.0,False
armB,14_92472511_G_A,Ast,NDUFB1,1,1,0.0012227558914321701,1,1,0.0012227558914321701,1,1,0.0012227558914321701,0.0022040985149116565,False,False,42.0,True,43.0,True,43.0,True,6.0,True
armB,14_92472511_G_A,Ast,RIN3,1,1,0.0005272914602388185,1,1,0.0005272914602388185,1,1,0.0005272914602388185,3.8527437063715086e-05,True,True,102.0,False,103.0,False,103.0,False,307.0,False
armB,14_92472511_G_A,Ast,SLC24A4,1,1,1.2404828068884714e-06,1,1,1.2404828068884714e-06,1,1,1.2404828068884714e-06,3.047252659203075e-08,True,True,390.0,False,391.0,False,391.0,False,399.0,False
armB,14_92472511_G_A,Ast,TRIP11,1,1,2.4132769819218414e-05,1,1,2.4132769819218414e-05,1,1,2.4132769819218414e-05,1.779407361765517e-05,False,False,335.0,False,338.0,False,338.0,False,331.0,False
armB,14_92472511_G_A,Exc,ATXN3,1,1,9.00240335045821e-05,1,1,9.00240335045821e-05,1,1,9.00240335045821e-05,8.489559412666603e-05,True,True,254.0,False,257.0,False,257.0,False,216.0,False
armB,14_92472511_G_A,Exc,CHGA,1,1,0.0006355797467585411,1,1,0.0006355797467585411,1,1,0.0006355797467585411,0.001319375818872759,False,False,49.0,True,52.0,True,52.0,True,7.0,True
armB,14_92472511_G_A,Exc,CPSF2,1,1,8.799254878627538e-05,1,1,8.799254878627538e-05,1,1,8.799254878627538e-05,3.024601510429048e-05,False,False,257.0,False,260.0,False,260.0,False,305.0,False
armB,14_92472511_G_A,Exc,GOLGA5,1,1,0.00022921248934182348,1,1,0.00022921248934182348,1,1,0.00022921248934182348,2.0732932670408655e-05,True,True,142.0,True,146.0,True,146.0,True,324.0,False
armB,14_92472511_G_A,Exc,LGMN,1,1,0.00026396643209830595,1,1,0.00026396643209830595,1,1,0.00026396643209830595,0.00024830028947270266,True,True,118.0,True,122.0,True,122.0,True,100.0,True
armB,14_92472511_G_A,Exc,NDUFB1,1,1,0.0006580958623755295,1,1,0.0006580958623755295,1,1,0.0006580958623755295,0.001187988951140917,True,True,46.0,True,49.0,True,49.0,True,12.0,True
armB,14_92472511_G_A,Exc,RIN3,1,1,0.00033133955316484026,1,1,0.00033133955316484026,1,1,0.00033133955316484026,3.684053902967138e-05,True,True,94.0,True,98.0,True,98.0,True,289.0,False
armB,14_92472511_G_A,Exc,SLC24A4,1,1,2.7583547790372386e-05,1,1,2.7583547790372386e-05,1,1,2.7583547790372386e-05,1.4381476572170558e-05,True,True,328.0,False,331.0,False,331.0,False,341.0,False
armB,14_92472511_G_A,Exc,TRIP11,1,1,4.575602290332603e-05,1,1,4.575602290332603e-05,1,1,4.575602290332603e-05,1.54756816420909e-05,True,True,306.0,False,309.0,False,309.0,False,337.0,False
armB,14_92472511_G_A,Mic,ATXN3,1,1,0.0002116227727463338,1,1,0.0002116227727463338,1,1,0.0002116227727463338,0.00016686302139390374,False,False,160.0,False,163.0,False,163.0,False,165.0,False
armB,14_92472511_G_A,Mic,CHGA,1,1,2.3006859839709093e-06,1,1,2.3006859839709093e-06,1,1,2.3006859839709093e-06,2.5374291277090004e-06,False,False,246.0,False,246.0,False,246.0,False,244.0,False
armB,14_92472511_G_A,Mic,CPSF2,1,1,8.565573450330932e-05,1,1,8.565573450330932e-05,1,1,8.565573450330932e-05,0.00010020741862198923,False,False,194.0,False,196.0,False,196.0,False,188.0,False
armB,14_92472511_G_A,Mic,GOLGA5,1,1,0.0006317788432306237,1,1,0.0006317788432306237,1,1,0.0006317788432306237,0.0004857744558889321,False,False,105.0,False,107.0,False,107.0,False,108.0,False
armB,14_92472511_G_A,Mic,LGMN,1,1,0.00010984636817878979,1,1,0.00010984636817878979,1,1,0.00010984636817878979,0.0007824412282071425,True,True,187.0,False,189.0,False,189.0,False,71.0,False
armB,14_92472511_G_A,Mic,NDUFB1,1,1,0.0019249178810532008,1,1,0.0019249178810532008,1,1,0.0019249178810532008,0.0030077591303099283,False,False,52.0,False,54.0,False,54.0,False,11.0,True
armB,14_92472511_G_A,Mic,RIN3,1,1,0.002138124890120552,1,1,0.002138124890120552,1,1,0.002138124890120552,0.0013889525297718919,True,True,45.0,False,47.0,False,47.0,False,32.0,True
armB,14_92472511_G_A,Mic,TRIP11,1,1,2.9033518801374614e-05,1,1,2.9033518801374614e-05,1,1,2.9033518801374614e-05,4.017476613882298e-05,False,False,220.0,False,224.0,False,224.0,False,213.0,False
armB,15_58764824_T_A,Ast,ADAM10,1,1,0.010842915353389215,1,1,0.010842915353389215,1,1,0.010842915353389215,0.00019035971118119832,False,False,3.0,True,3.0,True,3.0,True,185.0,False
armB,15_58764824_T_A,Ast,MINDY2,1,1,0.0012401495367862225,1,1,0.0012401495367862225,1,1,0.0012401495367862225,0.0002516455673063911,False,False,41.0,True,42.0,True,42.0,True,153.0,False
armB,15_58764824_T_A,Ast,RNF111,1,1,1.4255994371659142e-05,1,1,1.4255994371659142e-05,1,1,1.4255994371659142e-05,9.971248145973499e-05,False,False,349.0,False,352.0,False,352.0,False,249.0,False
armB,15_58764824_T_A,Ast,SLTM,1,1,0.00033806920117185335,1,1,0.00033806920117185335,1,1,0.00033806920117185335,0.0002918117431257583,False,False,142.0,False,144.0,False,144.0,False,138.0,False
armB,15_58764824_T_A,Exc,ADAM10,1,1,0.003288231354600657,1,1,0.003288231354600657,1,1,0.003288231354600657,0.00013611828982657004,True,True,10.0,True,13.0,True,13.0,True,172.0,True
armB,15_58764824_T_A,Exc,LIPC,1,1,5.27311687704163e-06,1,1,5.27311687704163e-06,1,1,5.27311687704163e-06,3.8807291718613427e-07,False,False,365.0,False,366.0,False,366.0,False,372.0,False
armB,15_58764824_T_A,Exc,MINDY2,1,1,0.00012497039778633368,1,1,0.00012497039778633368,1,1,0.00012497039778633368,1.6096648517538448e-05,True,True,218.0,False,221.0,False,221.0,False,336.0,False
armB,15_58764824_T_A,Exc,RNF111,1,1,5.9064097239242e-05,1,1,5.9064097239242e-05,1,1,5.9064097239242e-05,7.955333702616696e-05,False,False,295.0,False,298.0,False,298.0,False,223.0,False
armB,15_58764824_T_A,Exc,SLTM,1,1,0.0003645547403980376,1,1,0.0003645547403980376,1,1,0.0003645547403980376,0.0003253758589250588,False,False,83.0,True,87.0,True,87.0,True,63.0,True
armB,15_58764824_T_A,Mic,ADAM10,1,1,0.005557175838859951,1,1,0.005557175838859951,1,1,0.005557175838859951,8.302755821010255e-05,False,False,23.0,True,24.0,True,24.0,True,194.0,False
armB,15_58764824_T_A,Mic,LIPC,1,1,3.8096859659914484e-05,1,1,3.8096859659914484e-05,1,1,3.8096859659914484e-05,1.084373655950389e-05,True,True,218.0,False,221.0,False,221.0,False,231.0,False
armB,15_58764824_T_A,Mic,MINDY2,1,1,0.007639936758963184,1,1,0.007639936758963184,1,1,0.007639936758963184,6.87602078013605e-05,True,True,18.0,True,19.0,True,19.0,True,199.0,False
armB,15_58764824_T_A,Mic,RNF111,1,1,0.00033914988300465243,1,1,0.00033914988300465243,1,1,0.00033914988300465243,0.0001663750262441699,False,False,140.0,False,143.0,False,143.0,False,166.0,False
armB,15_58764824_T_A,Mic,SLTM,1,1,0.0006347492577076785,1,1,0.0006347492577076785,1,1,0.0006347492577076785,0.00011977892941827939,False,False,103.0,False,105.0,False,105.0,False,179.0,False
armB,15_63277703_C_T,Ast,APH1B,1,1,0.0048522059498460335,1,1,0.0048522059498460335,1,1,0.0048522059498460335,0.005171189325131609,True,True,11.0,True,12.0,True,12.0,True,3.0,True
armB,15_63277703_C_T,Ast,CA12,1,1,2.3493605251112548e-05,1,1,2.3493605251112548e-05,1,1,2.3493605251112548e-05,0.000397709163123372,True,True,338.0,False,341.0,False,341.0,False,106.0,False
armB,15_63277703_C_T,Ast,LACTB,1,1,0.0003282537747945624,1,1,0.0003282537747945624,1,1,0.0003282537747945624,0.0001797009167859298,True,True,147.0,False,149.0,False,149.0,False,191.0,False
armB,15_63277703_C_T,Ast,RAB8B,1,1,0.0007042001613227211,1,1,0.0007042001613227211,1,1,0.0007042001613227211,0.0011208801034513494,False,False,70.0,True,71.0,True,71.0,True,29.0,True
armB,15_63277703_C_T,Ast,RPS27L,1,1,0.0006139102352908932,1,1,0.0006139102352908932,1,1,0.0006139102352908932,0.00068058282174005,True,True,84.0,False,85.0,False,85.0,False,59.0,True
armB,15_63277703_C_T,Ast,TPM1,1,1,0.00014166565257589525,1,1,0.00014166565257589525,1,1,0.00014166565257589525,0.00018972010034135067,False,False,248.0,False,251.0,False,251.0,False,186.0,False
armB,15_63277703_C_T,Ast,USP3,1,1,0.00021314222823187734,1,1,0.00021314222823187734,1,1,0.00021314222823187734,4.965309297358389e-05,False,False,205.0,False,208.0,False,208.0,False,300.0,False
armB,15_63277703_C_T,Ast,USP3-AS1,1,1,7.639183973628255e-06,1,1,7.639183973628255e-06,1,1,7.639183973628255e-06,1.5355657746077972e-05,False,False,368.0,False,372.0,False,372.0,False,339.0,False
armB,15_63277703_C_T,Exc,APH1B,1,1,0.0030735049267784365,1,1,0.0030735049267784365,1,1,0.0030735049267784365,0.002930732719054724,True,True,11.0,True,14.0,True,14.0,True,2.0,True
armB,15_63277703_C_T,Exc,LACTB,1,1,8.334992441057232e-05,1,1,8.334992441057232e-05,1,1,8.334992441057232e-05,7.438240848106625e-05,True,True,261.0,False,264.0,False,264.0,False,232.0,False
armB,15_63277703_C_T,Exc,RAB8B,1,1,0.00020445246027783748,1,1,0.00020445246027783748,1,1,0.00020445246027783748,0.00016113867513578572,True,True,156.0,True,160.0,True,160.0,True,156.0,True
armB,15_63277703_C_T,Exc,RPS27L,1,1,0.0001723852025153627,1,1,0.0001723852025153627,1,1,0.0001723852025153627,8.540345317455122e-05,True,True,179.0,False,182.0,False,182.0,False,215.0,False
armB,15_63277703_C_T,Exc,TPM1,1,1,7.677480491796729e-05,1,1,7.677480491796729e-05,1,1,7.677480491796729e-05,0.0003052290190910245,True,True,270.0,False,273.0,False,273.0,False,70.0,True
armB,15_63277703_C_T,Exc,USP3,1,1,0.00035188984481648866,1,1,0.00035188984481648866,1,1,0.00035188984481648866,7.548680488023152e-06,True,True,90.0,True,94.0,True,94.0,True,352.0,False
armB,15_63277703_C_T,Exc,USP3-AS1,1,1,4.2513664223073344e-05,1,1,4.2513664223073344e-05,1,1,4.2513664223073344e-05,1.5091793466356918e-05,True,True,309.0,False,312.0,False,312.0,False,338.0,False
armB,15_63277703_C_T,Mic,APH1B,1,1,0.002256705909224943,1,1,0.002256705909224943,1,1,0.002256705909224943,0.002101003001709456,False,False,43.0,True,45.0,False,45.0,False,17.0,True
armB,15_63277703_C_T,Mic,LACTB,1,1,0.0006373047208664273,1,1,0.0006373047208664273,1,1,0.0006373047208664273,0.0004829356185278577,True,True,102.0,False,104.0,False,104.0,False,110.0,False
armB,15_63277703_C_T,Mic,RAB8B,1,1,0.0006934969817826708,1,1,0.0006934969817826708,1,1,0.0006934969817826708,0.0005393692225543756,False,False,99.0,False,101.0,False,101.0,False,98.0,False
armB,15_63277703_C_T,Mic,RPS27L,1,1,0.0019799388081949143,1,1,0.0019799388081949143,1,1,0.0019799388081949143,0.001352549651856938,False,False,50.0,False,52.0,False,52.0,False,34.0,True
armB,15_63277703_C_T,Mic,TPM1,1,1,0.0002256601117059942,1,1,0.0002256601117059942,1,1,0.0002256601117059942,0.0005539043495872975,False,False,159.0,False,162.0,False,162.0,False,96.0,False
armB,15_63277703_C_T,Mic,USP3,1,1,0.0005027080535011663,1,1,0.0005027080535011663,1,1,0.0005027080535011663,0.0004433332372821841,True,True,121.0,False,123.0,False,123.0,False,117.0,False
armB,15_63277703_C_T,Mic,USP3-AS1,1,1,8.925224104247564e-05,1,1,8.925224104247564e-05,1,1,8.925224104247564e-05,1.535118082438003e-05,False,False,193.0,False,195.0,False,195.0,False,225.0,False
armB,17_44364976_T_C,Ast,ADAM11,1,1,2.362713942101989e-05,1,1,2.362713942101989e-05,1,1,2.362713942101989e-05,6.0528767984006915e-06,False,False,337.0,False,340.0,False,340.0,False,366.0,False
armB,17_44364976_T_C,Ast,ASB16-AS1,1,1,3.6005458404944624e-05,1,1,3.6005458404944624e-05,1,1,3.6005458404944624e-05,0.0001320253909308372,False,False,320.0,False,323.0,False,323.0,False,220.0,False
armB,17_44364976_T_C,Ast,ATXN7L3,1,1,7.446663495602746e-05,1,1,7.446663495602746e-05,1,1,7.446663495602746e-05,0.00042139687388564884,False,False,282.0,False,285.0,False,285.0,False,96.0,False
armB,17_44364976_T_C,Ast,CCDC43,1,1,2.174912624297587e-05,1,1,2.174912624297587e-05,1,1,2.174912624297587e-05,0.0002135581720447699,False,False,340.0,False,343.0,False,343.0,False,173.0,False
armB,17_44364976_T_C,Ast,DBF4B,1,1,2.3691928580468757e-05,1,1,2.3691928580468757e-05,1,1,2.3691928580468757e-05,3.456060976254893e-05,True,True,336.0,False,339.0,False,339.0,False,312.0,False
armB,17_44364976_T_C,Ast,FAM171A2,1,1,0.0017717074293385204,1,1,0.0017717074293385204,1,1,0.0017717074293385204,0.00033985322101887094,False,False,28.0,True,29.0,True,29.0,True,124.0,False
armB,17_44364976_T_C,Ast,G6PC3,1,1,4.3613514742579795e-05,1,1,4.3613514742579795e-05,1,1,4.3613514742579795e-05,0.00040959512621552285,False,False,312.0,False,315.0,False,315.0,False,102.0,False
armB,17_44364976_T_C,Ast,GPATCH8,1,1,0.0001019414485697312,1,1,0.0001019414485697312,1,1,0.0001019414485697312,6.601110553891565e-05,False,False,267.0,False,270.0,False,270.0,False,277.0,False
armB,17_44364976_T_C,Ast,GRN,1,1,0.00295844887544372,1,1,0.00295844887544372,1,1,0.00295844887544372,0.00136086160178861,False,False,16.0,True,17.0,True,17.0,True,20.0,True
armB,17_44364976_T_C,Ast,HDAC5,1,1,0.000519510341262519,1,1,0.000519510341262519,1,1,0.000519510341262519,8.057585237630782e-05,False,False,105.0,False,106.0,False,106.0,False,264.0,False
armB,17_44364976_T_C,Ast,LSM12,1,1,0.00025768460549302485,1,1,0.00025768460549302485,1,1,0.00025768460549302485,0.00036545620318173544,False,False,185.0,False,188.0,False,188.0,False,118.0,False
armB,17_44364976_T_C,Ast,MPP2,1,1,4.860390554620175e-05,1,1,4.860390554620175e-05,1,1,4.860390554620175e-05,0.00014080622922391095,True,True,305.0,False,308.0,False,308.0,False,215.0,False
armB,17_44364976_T_C,Ast,RUNDC3A,1,1,9.021325520081926e-06,1,1,9.021325520081926e-06,1,1,9.021325520081926e-06,6.177079343694814e-06,False,False,364.0,False,368.0,False,368.0,False,365.0,False
armB,17_44364976_T_C,Ast,SLC25A39,1,1,0.00013550703980325096,1,1,0.00013550703980325096,1,1,0.00013550703980325096,0.000721703580082389,False,False,252.0,False,255.0,False,255.0,False,56.0,True
armB,17_44364976_T_C,Ast,TMEM101,1,1,0.0005229579280555674,1,1,0.0005229579280555674,1,1,0.0005229579280555674,0.0003325573539996185,False,False,103.0,False,104.0,False,104.0,False,127.0,False
armB,17_44364976_T_C,Ast,TMUB2,1,1,0.00010967144975326804,1,1,0.00010967144975326804,1,1,0.00010967144975326804,0.00028210482363633105,False,False,262.0,False,265.0,False,265.0,False,143.0,False
armB,17_44364976_T_C,Ast,UBTF,1,1,0.00015509711083083744,1,1,0.00015509711083083744,1,1,0.00015509711083083744,0.00011885779476972225,False,False,241.0,False,244.0,False,244.0,False,230.0,False
armB,17_44364976_T_C,Exc,ADAM11,1,1,0.0003528937547784272,1,1,0.0003528937547784272,1,1,0.0003528937547784272,0.00023484207526885958,False,False,89.0,True,93.0,True,93.0,True,108.0,True
armB,17_44364976_T_C,Exc,ATXN7L3,1,1,0.0003892360683916962,1,1,0.0003892360683916962,1,1,0.0003892360683916962,6.439496135657308e-05,False,False,79.0,True,83.0,True,83.0,True,244.0,False
armB,17_44364976_T_C,Exc,CCDC43,1,1,9.364339138956401e-05,1,1,9.364339138956401e-05,1,1,9.364339138956401e-05,8.066222479727325e-05,False,False,248.0,False,251.0,False,251.0,False,222.0,False
armB,17_44364976_T_C,Exc,DBF4B,1,1,5.696929323686928e-05,1,1,5.696929323686928e-05,1,1,5.696929323686928e-05,8.120790183047122e-05,True,True,296.0,False,299.0,False,299.0,False,221.0,False
armB,17_44364976_T_C,Exc,FAM171A2,1,1,0.0006520734208651513,1,1,0.0006520734208651513,1,1,0.0006520734208651513,0.0005292270516648045,False,False,47.0,True,50.0,True,50.0,True,37.0,True
armB,17_44364976_T_C,Exc,G6PC3,1,1,0.00013423316066657476,1,1,0.00013423316066657476,1,1,0.00013423316066657476,0.0003038356475555948,False,False,207.0,False,210.0,False,210.0,False,72.0,True
armB,17_44364976_T_C,Exc,GJC1,1,1,0.00029141913483621273,1,1,0.00029141913483621273,1,1,0.00029141913483621273,0.00023401770304753988,True,True,106.0,True,110.0,True,110.0,True,110.0,True
armB,17_44364976_T_C,Exc,GPATCH8,1,1,5.3255719616562835e-05,1,1,5.3255719616562835e-05,1,1,5.3255719616562835e-05,4.1234909499532346e-05,False,False,299.0,False,301.0,False,301.0,False,281.0,False
armB,17_44364976_T_C,Exc,GRN,1,1,0.003073179257160663,1,1,0.003073179257160663,1,1,0.003073179257160663,0.00010659940474866403,True,True,12.0,True,15.0,True,15.0,True,194.0,False
armB,17_44364976_T_C,Exc,HDAC5,1,1,0.00012231994927169865,1,1,0.00012231994927169865,1,1,0.00012231994927169865,6.423448760717321e-05,True,False,225.0,False,228.0,False,228.0,False,245.0,False
armB,17_44364976_T_C,Exc,ITGA2B,1,1,0.0013351459230671325,1,1,0.0013351459230671325,1,1,0.0013351459230671325,7.874737135097482e-05,True,True,22.0,True,26.0,True,26.0,True,226.0,False
armB,17_44364976_T_C,Exc,LSM12,1,1,7.947195411198149e-05,1,1,7.947195411198149e-05,1,1,7.947195411198149e-05,3.380770114135012e-05,False,False,265.0,False,268.0,False,268.0,False,293.0,False
armB,17_44364976_T_C,Exc,MPP2,1,1,6.788748317554383e-05,1,1,6.788748317554383e-05,1,1,6.788748317554383e-05,0.00014660750868472627,True,True,280.0,False,283.0,False,283.0,False,164.0,True
armB,17_44364976_T_C,Exc,RUNDC3A,1,1,4.06232669647455e-05,1,1,4.06232669647455e-05,1,1,4.06232669647455e-05,0.0002801064009474441,True,True,312.0,False,315.0,False,315.0,False,85.0,True
armB,17_44364976_T_C,Exc,RUNDC3A-AS1,1,1,2.9579830140638586e-06,1,1,2.9579830140638586e-06,1,1,2.9579830140638586e-06,3.688473696868838e-05,False,False,369.0,False,370.0,False,370.0,False,287.0,False
armB,17_44364976_T_C,Exc,SLC25A39,1,1,8.808177101571335e-05,1,1,8.808177101571335e-05,1,1,8.808177101571335e-05,0.00042908014239484427,True,True,256.0,False,259.0,False,259.0,False,45.0,True
armB,17_44364976_T_C,Exc,TMEM101,1,1,0.00024579766789079027,1,1,0.00024579766789079027,1,1,0.00024579766789079027,0.0003080023630630535,False,False,127.0,True,131.0,True,131.0,True,68.0,True
armB,17_44364976_T_C,Exc,TMUB2,1,1,7.349688404673094e-05,1,1,7.349688404673094e-05,1,1,7.349688404673094e-05,0.0002059582336493282,False,False,273.0,False,276.0,False,276.0,False,125.0,True
armB,17_44364976_T_C,Exc,UBTF,1,1,0.00024234811525603028,1,1,0.00024234811525603028,1,1,0.00024234811525603028,0.00022496986309428202,False,False,130.0,True,134.0,True,134.0,True,115.0,True
armB,17_44364976_T_C,Mic,ADAM11,1,1,3.242888866379027e-06,1,1,3.242888866379027e-06,1,1,3.242888866379027e-06,3.573544905201894e-06,False,False,245.0,False,245.0,False,245.0,False,242.0,False
armB,17_44364976_T_C,Mic,ATXN7L3,1,1,0.0003846290184370549,1,1,0.0003846290184370549,1,1,0.0003846290184370549,0.00042175312172354484,False,False,133.0,False,136.0,False,136.0,False,120.0,False
armB,17_44364976_T_C,Mic,GPATCH8,1,1,6.477789921882637e-06,1,1,6.477789921882637e-06,1,1,6.477789921882637e-06,0.00021649492179506846,False,False,237.0,False,239.0,False,239.0,False,155.0,False
armB,17_44364976_T_C,Mic,GRN,1,1,0.0020119218974299358,1,1,0.0020119218974299358,1,1,0.0020119218974299358,0.00048594748919716935,False,False,49.0,False,51.0,False,51.0,False,107.0,False
armB,17_44364976_T_C,Mic,HDAC5,1,1,0.00029316585601446565,1,1,0.00029316585601446565,1,1,0.00029316585601446565,0.000561090653835139,False,False,148.0,False,151.0,False,151.0,False,95.0,False
armB,17_44364976_T_C,Mic,LSM12,1,1,2.056523352975126e-05,1,1,2.056523352975126e-05,1,1,2.056523352975126e-05,0.00020338728949459428,False,False,222.0,False,226.0,False,226.0,False,157.0,False
armB,17_44364976_T_C,Mic,RUNDC3A,1,1,7.112019839089663e-06,1,1,7.112019839089663e-06,1,1,7.112019839089663e-06,7.6180123250359916e-06,False,False,235.0,False,237.0,False,237.0,False,237.0,False
armB,17_44364976_T_C,Mic,SLC25A39,1,1,0.0014548121921638124,1,1,0.0014548121921638124,1,1,0.0014548121921638124,0.000976737705619568,False,False,60.0,False,62.0,False,62.0,False,53.0,False
armB,17_44364976_T_C,Mic,TMUB2,1,1,8.95021977852517e-05,1,1,8.95021977852517e-05,1,1,8.95021977852517e-05,0.00043939559848993337,False,False,192.0,False,194.0,False,194.0,False,118.0,False
armB,17_44364976_T_C,Mic,UBTF,1,1,0.00018363758768080718,1,1,0.00018363758768080718,1,1,0.00018363758768080718,0.00012423733951161253,False,False,166.0,False,169.0,False,169.0,False,176.0,False
armB,17_46062125_A_C,Ast,ARL17A,1,1,1.9110092226142655e-06,1,2,2.030021793688469e-06,1,2,2.030021793688469e-06,1.6103458218790986e-05,True,True,385.0,False,388.0,False,388.0,False,336.0,False
armB,17_46062125_A_C,Ast,ARL17B,1,1,1.5425920925071779e-06,1,2,2.6043258862335113e-05,1,2,2.6043258862335113e-05,6.2309951630824464e-06,True,True,387.0,False,333.0,False,333.0,False,364.0,False
armB,17_46062125_A_C,Ast,FAM215B,1,1,6.65637242012909e-07,1,2,1.0438499431085664e-06,1,2,1.0438499431085664e-06,4.105125848379151e-07,True,True,394.0,False,393.0,False,393.0,False,392.0,False
armB,17_46062125_A_C,Ast,KANSL1,1,1,7.573990938294917e-05,1,2,0.00868514774097462,1,2,0.00868514774097462,0.0001796105768645806,True,True,280.0,False,6.0,True,6.0,True,192.0,False
armB,17_46062125_A_C,Ast,LRRC37A,1,1,3.3099093237195717e-06,1,2,9.326665706990093e-05,1,2,9.326665706990093e-05,6.562351002656515e-06,True,True,378.0,False,277.0,False,277.0,False,361.0,False
armB,17_46062125_A_C,Ast,LRRC37A2,1,1,2.4269995716891257e-05,1,2,0.0003167560177681321,1,2,0.0003167560177681321,5.245625181220237e-06,True,True,333.0,False,152.0,False,152.0,False,368.0,False
armB,17_46062125_A_C,Ast,MAPT,1,1,1.2642625613380754e-06,1,2,0.0004870865251871666,1,2,0.0004870865251871666,4.518193453212013e-06,True,True,389.0,False,113.0,False,113.0,False,373.0,False
armB,17_46062125_A_C,Ast,MAPT-AS1,1,1,1.9960928165464197e-07,1,2,1.097313922943274e-05,1,2,1.097313922943274e-05,2.579079162960804e-08,True,True,398.0,False,359.0,False,359.0,False,400.0,False
armB,17_46062125_A_C,Exc,ARL17A,1,1,3.455405540086012e-05,1,2,2.8157677756535798e-05,1,2,2.8157677756535798e-05,2.1277600694893234e-05,True,True,318.0,False,330.0,False,330.0,False,322.0,False
armB,17_46062125_A_C,Exc,ARL17B,1,1,1.2753572342736469e-06,1,2,9.339237297747993e-08,1,2,9.339237297747993e-08,3.041794710410828e-06,True,True,372.0,False,373.0,False,373.0,False,362.0,False
armB,17_46062125_A_C,Exc,CRHR1,1,1,5.6489064349574125e-05,1,2,0.024869317808553226,1,2,0.024869317808553226,0.00021360083782651085,True,True,297.0,False,1.0,True,1.0,True,121.0,True
armB,17_46062125_A_C,Exc,FAM215B,1,1,7.960754863159392e-07,1,2,6.920511233826209e-06,1,2,6.920511233826209e-06,3.94114796743554e-06,True,True,373.0,False,361.0,False,361.0,False,359.0,False
armB,17_46062125_A_C,Exc,KANSL1,1,1,0.00020321218049668133,1,2,0.0023573679572072015,1,2,0.0023573679572072015,0.0001908910104959638,True,True,158.0,True,17.0,True,17.0,True,136.0,True
armB,17_46062125_A_C,Exc,LRRC37A,1,1,9.928880580913936e-06,1,2,5.125965525489343e-05,1,2,5.125965525489343e-05,2.844240667074921e-06,True,True,355.0,False,305.0,False,305.0,False,363.0,False
armB,17_46062125_A_C,Exc,LRRC37A2,1,1,1.1259741569770443e-05,1,2,0.0004035926742659707,1,2,0.0004035926742659707,1.959594977590795e-06,True,True,350.0,False,77.0,True,77.0,True,366.0,False
armB,17_46062125_A_C,Exc,MAPT,1,1,0.0008344454123935252,1,2,0.021214340987622315,1,2,0.021214340987622315,0.00010549539593252,True,True,32.0,True,2.0,True,2.0,True,197.0,False
armB,17_46062125_A_C,Exc,MAPT-AS1,1,1,2.0325381686971816e-05,1,2,0.006747366582517726,1,2,0.006747366582517726,3.0913793972370956e-05,False,False,337.0,False,7.0,True,7.0,True,301.0,False
armB,17_46062125_A_C,Mic,ARL17A,1,1,1.5710930415961666e-05,1,2,3.0484595512983437e-05,1,2,3.0484595512983437e-05,8.652961986252428e-06,True,True,225.0,False,223.0,False,223.0,False,233.0,False
armB,17_46062125_A_C,Mic,ARL17B,1,1,1.5327194228710248e-05,1,2,7.539326585178849e-05,1,2,7.539326585178849e-05,3.554640997291067e-06,True,True,226.0,False,203.0,False,203.0,False,243.0,False
armB,17_46062125_A_C,Mic,KANSL1,1,1,0.00017052503271824948,1,2,0.0210980055898895,1,2,0.0210980055898895,0.00022345267130441382,True,True,169.0,False,6.0,True,6.0,True,154.0,False
armB,17_46062125_A_C,Mic,LRRC37A2,1,1,6.235403533810802e-06,1,2,0.0004836062127160437,1,2,0.0004836062127160437,4.343614979432364e-06,True,True,238.0,False,126.0,False,126.0,False,240.0,False
armB,17_46062125_A_C,Mic,MAPT,1,1,4.161354333809611e-06,1,2,0.002387340370894959,1,2,0.002387340370894959,7.687500563580314e-06,False,False,242.0,False,42.0,True,42.0,True,236.0,False
armB,17_49373413_G_A,Ast,ATP5MC1,1,1,0.00023574482478005976,1,1,0.00023574482478005976,1,1,0.00023574482478005976,0.0014239058387759407,False,False,195.0,False,198.0,False,198.0,False,18.0,True
armB,17_49373413_G_A,Ast,FAM117A,1,1,0.00017186023668447348,1,1,0.00017186023668447348,1,1,0.00017186023668447348,7.246077902687414e-05,False,False,233.0,False,236.0,False,236.0,False,274.0,False
armB,17_49373413_G_A,Ast,KAT7,1,1,2.5757001785614575e-05,1,1,2.5757001785614575e-05,1,1,2.5757001785614575e-05,1.497293113023046e-05,False,False,330.0,False,334.0,False,334.0,False,340.0,False
armB,17_49373413_G_A,Ast,NXPH3,1,1,7.39580870728479e-05,1,1,7.39580870728479e-05,1,1,7.39580870728479e-05,1.3893395863752434e-05,False,False,284.0,False,287.0,False,287.0,False,343.0,False
armB,17_49373413_G_A,Ast,PHB,1,1,0.0008099141791100273,1,1,0.0008099141791100273,1,1,0.0008099141791100273,0.0005253441337242926,False,False,57.0,True,58.0,True,58.0,True,75.0,False
armB,17_49373413_G_A,Ast,SLC35B1,1,1,0.0010848286568466703,1,1,0.0010848286568466703,1,1,0.0010848286568466703,0.0005354255875110736,False,False,44.0,True,45.0,True,45.0,True,72.0,True
armB,17_49373413_G_A,Ast,SNF8,1,1,9.954565587344533e-05,1,1,9.954565587344533e-05,1,1,9.954565587344533e-05,0.00039814602321275316,False,False,271.0,False,274.0,False,274.0,False,105.0,False
armB,17_49373413_G_A,Ast,SPOP,1,1,0.00045268571138634695,1,1,0.00045268571138634695,1,1,0.00045268571138634695,0.0005691013618497331,False,False,121.0,False,123.0,False,123.0,False,70.0,True
armB,17_49373413_G_A,Ast,TAC4,1,1,3.413318694347675e-06,1,1,3.413318694347675e-06,1,1,3.413318694347675e-06,1.6524968840959248e-07,False,False,377.0,False,381.0,False,381.0,False,396.0,False
armB,17_49373413_G_A,Ast,UBE2Z,1,1,0.0005220357584332369,1,1,0.0005220357584332369,1,1,0.0005220357584332369,3.485245256618086e-06,False,False,104.0,False,105.0,False,105.0,False,379.0,False
armB,17_49373413_G_A,Ast,ZNF652,1,1,0.0007787220963818148,1,1,0.0007787220963818148,1,1,0.0007787220963818148,0.00011216214881767939,False,False,61.0,True,62.0,True,62.0,True,238.0,False
armB,17_49373413_G_A,Exc,ATP5MC1,1,1,0.0006581749569527506,1,1,0.0006581749569527506,1,1,0.0006581749569527506,0.0008881490521028823,True,True,45.0,True,48.0,True,48.0,True,18.0,True
armB,17_49373413_G_A,Exc,FAM117A,1,1,0.0002536651476078289,1,1,0.0002536651476078289,1,1,0.0002536651476078289,7.516038582655593e-05,False,False,123.0,True,127.0,True,127.0,True,231.0,False
armB,17_49373413_G_A,Exc,KAT7,1,1,3.3369742705458005e-06,1,1,3.3369742705458005e-06,1,1,3.3369742705458005e-06,9.977945512973374e-05,False,False,368.0,False,369.0,False,369.0,False,200.0,False
armB,17_49373413_G_A,Exc,PHB,1,1,0.0006632064603830923,1,1,0.0006632064603830923,1,1,0.0006632064603830923,0.00012066205140204289,False,False,43.0,True,46.0,True,46.0,True,181.0,False
armB,17_49373413_G_A,Exc,SLC35B1,1,1,0.00044035947849141444,1,1,0.00044035947849141444,1,1,0.00044035947849141444,1.9267615834817065e-05,False,False,66.0,True,69.0,True,69.0,True,327.0,False
armB,17_49373413_G_A,Exc,SNF8,1,1,1.5183000806051616e-05,1,1,1.5183000806051616e-05,1,1,1.5183000806051616e-05,0.00013886256624617843,True,True,346.0,False,348.0,False,348.0,False,169.0,True
armB,17_49373413_G_A,Exc,SPOP,1,1,8.683898745087681e-05,1,1,8.683898745087681e-05,1,1,8.683898745087681e-05,0.00012891459019204188,False,False,259.0,False,262.0,False,262.0,False,178.0,False
armB,17_49373413_G_A,Exc,TAC4,1,1,2.154317670673145e-05,1,1,2.154317670673145e-05,1,1,2.154317670673145e-05,4.985810451379677e-05,True,True,335.0,False,338.0,False,338.0,False,269.0,False
armB,17_49373413_G_A,Exc,UBE2Z,1,1,0.00023858507228002868,1,1,0.00023858507228002868,1,1,0.00023858507228002868,9.471747870437586e-05,False,False,133.0,True,137.0,True,137.0,True,204.0,False
armB,17_49373413_G_A,Exc,ZNF652,1,1,0.0008044890265346827,1,1,0.0008044890265346827,1,1,0.0008044890265346827,2.4622362188808644e-05,False,False,33.0,True,36.0,True,36.0,True,317.0,False
armB,17_49373413_G_A,Mic,ABI3,1,1,0.0005057514633655114,1,1,0.0005057514633655114,1,1,0.0005057514633655114,0.0009804976884744132,False,False,120.0,False,122.0,False,122.0,False,52.0,False
armB,17_49373413_G_A,Mic,ATP5MC1,1,1,0.0005070606541988099,1,1,0.0005070606541988099,1,1,0.0005070606541988099,0.0010424729305511526,False,False,119.0,False,121.0,False,121.0,False,48.0,False
armB,17_49373413_G_A,Mic,KAT7,1,1,0.00010862576411735381,1,1,0.00010862576411735381,1,1,0.00010862576411735381,6.362586080810306e-05,False,False,188.0,False,190.0,False,190.0,False,200.0,False
armB,17_49373413_G_A,Mic,SNF8,1,1,0.0007699395508187212,1,1,0.0007699395508187212,1,1,0.0007699395508187212,0.00041523216738381663,False,False,92.0,False,94.0,False,94.0,False,121.0,False
armB,17_49373413_G_A,Mic,SPOP,1,1,0.0006047698991055173,1,1,0.0006047698991055173,1,1,0.0006047698991055173,0.0007378470679109128,False,False,108.0,False,110.0,False,110.0,False,75.0,False
armB,17_49373413_G_A,Mic,UBE2Z,1,1,0.0004573727086450985,1,1,0.0004573727086450985,1,1,0.0004573727086450985,0.0003262671535093631,False,False,127.0,False,130.0,False,130.0,False,131.0,False
armB,17_49373413_G_A,Mic,ZNF652,1,1,5.2155470144060745e-05,1,1,5.2155470144060745e-05,1,1,5.2155470144060745e-05,7.958045728942431e-05,False,False,209.0,False,212.0,False,212.0,False,195.0,False
armB,17_5066645_C_T,Ast,ARRB2,1,1,0.0002866628905767027,1,1,0.0002866628905767027,1,1,0.0002866628905767027,9.065326850817013e-05,False,False,168.0,False,171.0,False,171.0,False,257.0,False
armB,17_5066645_C_T,Ast,C1QBP,1,1,0.00164773044868749,1,1,0.00164773044868749,1,1,0.00164773044868749,0.0005159580373546024,False,False,30.0,True,31.0,True,31.0,True,77.0,False
armB,17_5066645_C_T,Ast,CAMTA2,1,1,5.64844538407383e-05,1,1,5.64844538407383e-05,1,1,5.64844538407383e-05,5.3759498185673715e-05,False,False,294.0,False,297.0,False,297.0,False,294.0,False
armB,17_5066645_C_T,Ast,CHRNE,1,1,5.0182047654917517e-05,1,1,5.0182047654917517e-05,1,1,5.0182047654917517e-05,9.737753908042879e-06,False,False,302.0,False,305.0,False,305.0,False,351.0,False
armB,17_5066645_C_T,Ast,DERL2,1,1,0.000421448188376472,1,1,0.000421448188376472,1,1,0.000421448188376472,0.0002521029509702233,False,False,126.0,False,128.0,False,128.0,False,152.0,False
armB,17_5066645_C_T,Ast,DHX33,1,1,0.0002538597764821515,1,1,0.0002538597764821515,1,1,0.0002538597764821515,0.00012276958019818984,False,False,186.0,False,189.0,False,189.0,False,226.0,False
armB,17_5066645_C_T,Ast,KIF1C,1,1,0.0001669742045830036,1,1,0.0001669742045830036,1,1,0.0001669742045830036,0.0002125246036227546,False,False,236.0,False,239.0,False,239.0,False,176.0,False
armB,17_5066645_C_T,Ast,MED11,1,1,0.0009212625590901136,1,1,0.0009212625590901136,1,1,0.0009212625590901136,0.0004277011184845858,True,True,53.0,True,54.0,True,54.0,True,93.0,False
armB,17_5066645_C_T,Ast,MINK1,1,1,0.00027630691838365085,1,1,0.00027630691838365085,1,1,0.00027630691838365085,0.00011222058829185588,True,True,177.0,False,180.0,False,180.0,False,237.0,False
armB,17_5066645_C_T,Ast,MIS12,1,1,0.0003149431926089963,1,1,0.0003149431926089963,1,1,0.0003149431926089963,0.00014640715629316015,False,False,151.0,False,154.0,False,154.0,False,213.0,False
armB,17_5066645_C_T,Ast,NLRP1,1,1,0.00019646089492522667,1,1,0.00019646089492522667,1,1,0.00019646089492522667,6.412530219720991e-05,False,False,218.0,False,221.0,False,221.0,False,281.0,False
armB,17_5066645_C_T,Ast,NUP88,1,1,0.0003773837039827699,1,1,0.0003773837039827699,1,1,0.0003773837039827699,0.00022526089456109677,False,False,134.0,False,136.0,False,136.0,False,166.0,False
armB,17_5066645_C_T,Ast,PELP1,1,1,1.4721064167888542e-05,1,1,1.4721064167888542e-05,1,1,1.4721064167888542e-05,0.0001595023362458703,False,False,348.0,False,351.0,False,351.0,False,202.0,False
armB,17_5066645_C_T,Ast,PFN1,1,1,0.0005488622144533828,1,1,0.0005488622144533828,1,1,0.0005488622144533828,0.00036960417853260097,False,False,95.0,False,96.0,False,96.0,False,117.0,False
armB,17_5066645_C_T,Ast,PLD2,1,1,0.00019472684129206996,1,1,0.00019472684129206996,1,1,0.00019472684129206996,0.00030775282953809935,False,False,221.0,False,224.0,False,224.0,False,135.0,False
armB,17_5066645_C_T,Ast,PSMB6,1,1,0.00029551900044366697,1,1,0.00029551900044366697,1,1,0.00029551900044366697,0.00046253495095993635,False,False,160.0,False,163.0,False,163.0,False,87.0,False
armB,17_5066645_C_T,Ast,RABEP1,1,1,0.00011359845518599254,1,1,0.00011359845518599254,1,1,0.00011359845518599254,0.00022475929164122999,False,False,260.0,False,263.0,False,263.0,False,167.0,False
armB,17_5066645_C_T,Ast,RNF167,1,1,5.475192162973652e-05,1,1,5.475192162973652e-05,1,1,5.475192162973652e-05,0.00011119641753631893,False,False,297.0,False,300.0,False,300.0,False,239.0,False
armB,17_5066645_C_T,Ast,RPAIN,1,1,0.000618636798571881,1,1,0.000618636798571881,1,1,0.000618636798571881,0.0007962805266713557,False,False,83.0,False,84.0,False,84.0,False,48.0,True
armB,17_5066645_C_T,Ast,SCIMP,1,1,8.405624378517162e-06,1,1,8.405624378517162e-06,1,1,8.405624378517162e-06,8.161314513710233e-06,True,True,365.0,False,369.0,False,369.0,False,358.0,False
armB,17_5066645_C_T,Ast,SLC25A11,1,1,0.00026933136730522556,1,1,0.00026933136730522556,1,1,0.00026933136730522556,0.0005181463412446963,False,False,182.0,False,185.0,False,185.0,False,76.0,False
armB,17_5066645_C_T,Ast,SPAG7,1,1,0.0001487369657900972,1,1,0.0001487369657900972,1,1,0.0001487369657900972,0.00021967622821361665,False,False,246.0,False,249.0,False,249.0,False,168.0,False
armB,17_5066645_C_T,Ast,ZFP3,1,1,0.0002112825289972281,1,1,0.0002112825289972281,1,1,0.0002112825289972281,1.433975256669856e-05,False,False,207.0,False,210.0,False,210.0,False,342.0,False
armB,17_5066645_C_T,Ast,ZNF594,1,1,9.973021108039548e-05,1,1,9.973021108039548e-05,1,1,9.973021108039548e-05,2.9743805294246695e-05,False,False,270.0,False,273.0,False,273.0,False,316.0,False
armB,17_5066645_C_T,Exc,ARRB2,1,1,0.00012270936573099966,1,1,0.00012270936573099966,1,1,0.00012270936573099966,3.883229073542438e-05,False,False,224.0,False,227.0,False,227.0,False,284.0,False
armB,17_5066645_C_T,Exc,C1QBP,1,1,0.0002859185289363353,1,1,0.0002859185289363353,1,1,0.0002859185289363353,0.00024894923870810715,True,True,110.0,True,114.0,True,114.0,True,99.0,True
armB,17_5066645_C_T,Exc,CAMTA2,1,1,5.932870013863889e-05,1,1,5.932870013863889e-05,1,1,5.932870013863889e-05,0.00028463356521518657,False,False,293.0,False,296.0,False,296.0,False,83.0,True
armB,17_5066645_C_T,Exc,CHRNE,1,1,0.00019740147608565684,1,1,0.00019740147608565684,1,1,0.00019740147608565684,0.00010747574187380815,False,False,161.0,True,164.0,True,164.0,True,193.0,False
armB,17_5066645_C_T,Exc,DERL2,1,1,0.00014090401970065503,1,1,0.00014090401970065503,1,1,0.00014090401970065503,8.176384389216307e-05,False,False,200.0,False,203.0,False,203.0,False,220.0,False
armB,17_5066645_C_T,Exc,DHX33,1,1,3.103756754424536e-05,1,1,3.103756754424536e-05,1,1,3.103756754424536e-05,1.2393683127664978e-05,False,False,323.0,False,325.0,False,325.0,False,345.0,False
armB,17_5066645_C_T,Exc,KIF1C,1,1,0.00034284325288824746,1,1,0.00034284325288824746,1,1,0.00034284325288824746,0.00016929185595288,True,True,93.0,True,97.0,True,97.0,True,149.0,True
armB,17_5066645_C_T,Exc,MINK1,1,1,0.00028431832783559763,1,1,0.00028431832783559763,1,1,0.00028431832783559763,0.00017716430078396073,True,True,111.0,True,115.0,True,115.0,True,145.0,True
armB,17_5066645_C_T,Exc,MIS12,1,1,0.0001430762949086034,1,1,0.0001430762949086034,1,1,0.0001430762949086034,1.2677325723409183e-05,True,True,198.0,False,201.0,False,201.0,False,344.0,False
armB,17_5066645_C_T,Exc,NLRP1,1,1,1.0903693291287701e-05,1,1,1.0903693291287701e-05,1,1,1.0903693291287701e-05,1.8590959344417027e-06,True,False,351.0,False,352.0,False,352.0,False,367.0,False
armB,17_5066645_C_T,Exc,NUP88,1,1,0.00015757952610934156,1,1,0.00015757952610934156,1,1,0.00015757952610934156,1.7932121070818319e-06,True,True,186.0,False,189.0,False,189.0,False,368.0,False
armB,17_5066645_C_T,Exc,PELP1,1,1,0.000155484966947117,1,1,0.000155484966947117,1,1,0.000155484966947117,5.315606543981888e-05,True,True,189.0,False,192.0,False,192.0,False,264.0,False
armB,17_5066645_C_T,Exc,PFN1,1,1,0.0003461036367804482,1,1,0.0003461036367804482,1,1,0.0003461036367804482,0.0005119712918613128,False,False,92.0,True,96.0,True,96.0,True,38.0,True
armB,17_5066645_C_T,Exc,PSMB6,1,1,0.0004026414873915529,1,1,0.0004026414873915529,1,1,0.0004026414873915529,7.902124871428384e-05,False,False,75.0,True,79.0,True,79.0,True,225.0,False
armB,17_5066645_C_T,Exc,RABEP1,1,1,9.227425261248978e-05,1,1,9.227425261248978e-05,1,1,9.227425261248978e-05,0.00019627838899083372,True,True,251.0,False,254.0,False,254.0,False,131.0,True
armB,17_5066645_C_T,Exc,RNF167,1,1,0.00041100862197307464,1,1,0.00041100862197307464,1,1,0.00041100862197307464,2.559812110169979e-05,False,False,69.0,True,72.0,True,72.0,True,314.0,False
armB,17_5066645_C_T,Exc,RPAIN,1,1,7.207217059734816e-05,1,1,7.207217059734816e-05,1,1,7.207217059734816e-05,0.00018565710097029342,False,False,276.0,False,279.0,False,279.0,False,139.0,True
armB,17_5066645_C_T,Exc,SCIMP,1,1,1.633836717133616e-05,1,1,1.633836717133616e-05,1,1,1.633836717133616e-05,2.9308832331740448e-05,True,True,344.0,False,346.0,False,346.0,False,307.0,False
armB,17_5066645_C_T,Exc,SLC25A11,1,1,8.695450079609923e-05,1,1,8.695450079609923e-05,1,1,8.695450079609923e-05,1.877321230742135e-05,False,False,258.0,False,261.0,False,261.0,False,329.0,False
armB,17_5066645_C_T,Exc,SPAG7,1,1,0.0005843865946225657,1,1,0.0005843865946225657,1,1,0.0005843865946225657,3.4658686883570766e-05,True,True,54.0,True,57.0,True,57.0,True,290.0,False
armB,17_5066645_C_T,Exc,ZNF594,1,1,7.532800300247278e-05,1,1,7.532800300247278e-05,1,1,7.532800300247278e-05,2.5311918048442905e-05,True,True,272.0,False,275.0,False,275.0,False,316.0,False
armB,17_5066645_C_T,Mic,ARRB2,1,1,4.4998504959092855e-05,1,1,4.4998504959092855e-05,1,1,4.4998504959092855e-05,0.00017819478718017479,False,False,214.0,False,217.0,False,217.0,False,162.0,False
armB,17_5066645_C_T,Mic,C1QBP,1,1,0.002024061575535363,1,1,0.002024061575535363,1,1,0.002024061575535363,0.0006344049583224542,False,False,48.0,False,50.0,False,50.0,False,87.0,False
armB,17_5066645_C_T,Mic,CAMTA2,1,1,0.0003050942491467368,1,1,0.0003050942491467368,1,1,0.0003050942491467368,0.0003810712659317317,False,False,147.0,False,150.0,False,150.0,False,126.0,False
armB,17_5066645_C_T,Mic,CXCL16,1,1,0.000742354555081981,1,1,0.000742354555081981,1,1,0.000742354555081981,0.0030797923256888904,False,False,95.0,False,97.0,False,97.0,False,9.0,True
armB,17_5066645_C_T,Mic,MINK1,1,1,0.0003378380816653759,1,1,0.0003378380816653759,1,1,0.0003378380816653759,0.0005410084672961557,True,True,141.0,False,144.0,False,144.0,False,97.0,False
armB,17_5066645_C_T,Mic,NLRP1,1,1,0.0010805399843972774,1,1,0.0010805399843972774,1,1,0.0010805399843972774,0.00031994761586795484,False,False,74.0,False,76.0,False,76.0,False,132.0,False
armB,17_5066645_C_T,Mic,NUP88,1,1,4.946270713634959e-05,1,1,4.946270713634959e-05,1,1,4.946270713634959e-05,0.0002255163934301585,False,False,210.0,False,213.0,False,213.0,False,153.0,False
armB,17_5066645_C_T,Mic,PFN1,1,1,0.0007619466104475947,1,1,0.0007619466104475947,1,1,0.0007619466104475947,0.0010543568087237887,False,False,93.0,False,95.0,False,95.0,False,46.0,False
armB,17_5066645_C_T,Mic,RABEP1,1,1,0.00027217227571318947,1,1,0.00027217227571318947,1,1,0.00027217227571318947,9.11984417177325e-05,True,True,151.0,False,154.0,False,154.0,False,191.0,False
armB,17_5066645_C_T,Mic,RNF167,1,1,0.0011932314817613143,1,1,0.0011932314817613143,1,1,0.0011932314817613143,3.3570082647926824e-05,False,False,70.0,False,72.0,False,72.0,False,218.0,False
armB,17_5066645_C_T,Mic,RPAIN,1,1,6.0223938846859504e-05,1,1,6.0223938846859504e-05,1,1,6.0223938846859504e-05,0.0004908251470657765,False,False,205.0,False,208.0,False,208.0,False,106.0,False
armB,17_5066645_C_T,Mic,SCIMP,1,1,0.00048420878984067883,1,1,0.00048420878984067883,1,1,0.00048420878984067883,0.0005759353330190287,True,True,123.0,False,125.0,False,125.0,False,94.0,False
armB,17_5066645_C_T,Mic,SLC25A11,1,1,0.00028411989054322184,1,1,0.00028411989054322184,1,1,0.00028411989054322184,0.0010367546938385708,False,False,149.0,False,152.0,False,152.0,False,49.0,False
armB,17_5066645_C_T,Mic,ZNF594,1,1,2.1843080168754136e-05,1,1,2.1843080168754136e-05,1,1,2.1843080168754136e-05,0.00010972192045115292,False,False,221.0,False,225.0,False,225.0,False,184.0,False
armB,17_58331728_G_C,Ast,CUEDC1,1,1,0.00011406410882758289,1,1,0.00011406410882758289,1,1,0.00011406410882758289,0.0001505449413557458,False,False,258.0,False,261.0,False,261.0,False,210.0,False
armB,17_58331728_G_C,Ast,DYNLL2,1,1,0.0002971359505595794,1,1,0.0002971359505595794,1,1,0.0002971359505595794,0.0002460984671234234,False,False,158.0,False,161.0,False,161.0,False,157.0,False
armB,17_58331728_G_C,Ast,MKS1,1,1,0.00017220937853648643,1,1,0.00017220937853648643,1,1,0.00017220937853648643,0.0001226607942454161,False,False,231.0,False,234.0,False,234.0,False,227.0,False
armB,17_58331728_G_C,Ast,MRPS23,1,1,1.1370138453425938e-05,1,1,1.1370138453425938e-05,1,1,1.1370138453425938e-05,2.777619807176057e-05,False,False,354.0,False,357.0,False,357.0,False,321.0,False
armB,17_58331728_G_C,Ast,MTMR4,1,1,0.00031500167282350056,1,1,0.00031500167282350056,1,1,0.00031500167282350056,0.0003833258252470273,False,False,150.0,False,153.0,False,153.0,False,112.0,False
armB,17_58331728_G_C,Ast,RAD51C,1,1,5.001345399874291e-05,1,1,5.001345399874291e-05,1,1,5.001345399874291e-05,3.794650158203683e-05,True,True,303.0,False,306.0,False,306.0,False,308.0,False
armB,17_58331728_G_C,Ast,RNF43,1,1,2.430903372150836e-06,1,1,2.430903372150836e-06,1,1,2.430903372150836e-06,2.8934785209144224e-06,False,False,384.0,False,387.0,False,387.0,False,382.0,False
armB,17_58331728_G_C,Ast,SEPTIN4,1,1,5.3257855953905975e-05,1,1,5.3257855953905975e-05,1,1,5.3257855953905975e-05,5.529437317750713e-05,False,False,300.0,False,303.0,False,303.0,False,290.0,False
armB,17_58331728_G_C,Ast,SRSF1,1,1,0.0004628080528087386,1,1,0.0004628080528087386,1,1,0.0004628080528087386,0.00029001865630162715,False,False,118.0,False,120.0,False,120.0,False,139.0,False
armB,17_58331728_G_C,Ast,SUPT4H1,1,1,0.0012578542048609087,1,1,0.0012578542048609087,1,1,0.0012578542048609087,0.00042397266028404434,False,False,40.0,True,41.0,True,41.0,True,95.0,False
armB,17_58331728_G_C,Ast,TEX14,1,1,2.9664605923973098e-06,1,1,2.9664605923973098e-06,1,1,2.9664605923973098e-06,1.0947964141647462e-06,False,False,381.0,False,384.0,False,384.0,False,390.0,False
armB,17_58331728_G_C,Ast,TSPOAP1,1,1,7.838105401437173e-06,1,1,7.838105401437173e-06,1,1,7.838105401437173e-06,8.310360664350036e-06,True,True,367.0,False,371.0,False,371.0,False,357.0,False
armB,17_58331728_G_C,Ast,TSPOAP1-AS1,1,1,0.0002828903335584665,1,1,0.0002828903335584665,1,1,0.0002828903335584665,0.00010711889868567082,False,False,171.0,False,174.0,False,174.0,False,243.0,False
armB,17_58331728_G_C,Ast,VEZF1,1,1,0.000745562263898103,1,1,0.000745562263898103,1,1,0.000745562263898103,0.0003780942783982999,False,False,64.0,True,65.0,True,65.0,True,113.0,False
armB,17_58331728_G_C,Exc,CUEDC1,1,1,6.364568141487004e-06,1,1,6.364568141487004e-06,1,1,6.364568141487004e-06,1.630463532636961e-05,False,False,363.0,False,364.0,False,364.0,False,335.0,False
armB,17_58331728_G_C,Exc,DYNLL2,1,1,0.00023928467734524173,1,1,0.00023928467734524173,1,1,0.00023928467734524173,4.7684847692130994e-05,True,True,132.0,True,136.0,True,136.0,True,275.0,False
armB,17_58331728_G_C,Exc,MKS1,1,1,1.5116435567619213e-05,1,1,1.5116435567619213e-05,1,1,1.5116435567619213e-05,1.726878480057259e-05,True,True,347.0,False,349.0,False,349.0,False,334.0,False
armB,17_58331728_G_C,Exc,MRPS23,1,1,9.014028882878278e-05,1,1,9.014028882878278e-05,1,1,9.014028882878278e-05,3.0502645665592132e-05,False,False,253.0,False,256.0,False,256.0,False,303.0,False
armB,17_58331728_G_C,Exc,MTMR4,1,1,6.996496147726461e-05,1,1,6.996496147726461e-05,1,1,6.996496147726461e-05,0.0005751951468141447,False,False,277.0,False,280.0,False,280.0,False,31.0,True
armB,17_58331728_G_C,Exc,RAD51C,1,1,9.860110805909317e-05,1,1,9.860110805909317e-05,1,1,9.860110805909317e-05,8.35143519904713e-06,True,True,245.0,False,248.0,False,248.0,False,349.0,False
armB,17_58331728_G_C,Exc,SEPTIN4,1,1,6.5415018907777345e-06,1,1,6.5415018907777345e-06,1,1,6.5415018907777345e-06,0.00013501489038716952,True,True,361.0,False,362.0,False,362.0,False,174.0,True
armB,17_58331728_G_C,Exc,SRSF1,1,1,8.15469677287739e-05,1,1,8.15469677287739e-05,1,1,8.15469677287739e-05,0.0001114977155406427,False,False,262.0,False,265.0,False,265.0,False,187.0,False
armB,17_58331728_G_C,Exc,SUPT4H1,1,1,0.0005470545140563998,1,1,0.0005470545140563998,1,1,0.0005470545140563998,9.976961998525713e-05,False,False,58.0,True,61.0,True,61.0,True,201.0,False
armB,17_58331728_G_C,Exc,TSPOAP1,1,1,6.117490886986543e-05,1,1,6.117490886986543e-05,1,1,6.117490886986543e-05,0.00016329563640457567,True,True,290.0,False,293.0,False,293.0,False,154.0,True
armB,17_58331728_G_C,Exc,TSPOAP1-AS1,1,1,0.00010211472002533833,1,1,0.00010211472002533833,1,1,0.00010211472002533833,2.7864889099817047e-05,False,False,244.0,False,247.0,False,247.0,False,310.0,False
armB,17_58331728_G_C,Exc,VEZF1,1,1,0.00023650240121297905,1,1,0.00023650240121297905,1,1,0.00023650240121297905,0.00037593738299213086,False,False,138.0,True,142.0,True,142.0,True,53.0,True
armB,17_58331728_G_C,Mic,CUEDC1,1,1,0.00015961810632292295,1,1,0.00015961810632292295,1,1,0.00015961810632292295,8.357219236608537e-05,False,False,174.0,False,176.0,False,176.0,False,193.0,False
armB,17_58331728_G_C,Mic,DYNLL2,1,1,8.307636969163978e-05,1,1,8.307636969163978e-05,1,1,8.307636969163978e-05,0.00012024673223239024,False,False,196.0,False,198.0,False,198.0,False,177.0,False
armB,17_58331728_G_C,Mic,MTMR4,1,1,0.0005529326562085934,1,1,0.0005529326562085934,1,1,0.0005529326562085934,0.0002875338046347542,False,False,111.0,False,113.0,False,113.0,False,136.0,False
armB,17_58331728_G_C,Mic,RAD51C,1,1,8.255956388864005e-05,1,1,8.255956388864005e-05,1,1,8.255956388864005e-05,4.635373471276183e-05,False,False,197.0,False,199.0,False,199.0,False,207.0,False
armB,17_58331728_G_C,Mic,SEPTIN4,1,1,4.04438372028984e-05,1,1,4.04438372028984e-05,1,1,4.04438372028984e-05,3.96905613227784e-05,False,False,216.0,False,219.0,False,219.0,False,214.0,False
armB,17_58331728_G_C,Mic,SRSF1,1,1,0.0009420407801270514,1,1,0.0009420407801270514,1,1,0.0009420407801270514,0.00027875045470693305,False,False,81.0,False,83.0,False,83.0,False,137.0,False
armB,17_58331728_G_C,Mic,TSPOAP1,1,1,0.00023135658349778682,1,1,0.00023135658349778682,1,1,0.00023135658349778682,0.0005093821325036219,False,False,158.0,False,161.0,False,161.0,False,102.0,False
armB,17_58331728_G_C,Mic,VEZF1,1,1,0.000266908731124893,1,1,0.000266908731124893,1,1,0.000266908731124893,8.413460929501682e-06,False,False,152.0,False,155.0,False,155.0,False,234.0,False
armB,17_63468418_C_T,Ast,AC015923.1,1,1,1.066301621473545e-06,1,1,1.066301621473545e-06,1,1,1.066301621473545e-06,5.911162355367802e-06,False,False,391.0,False,392.0,False,392.0,False,367.0,False
armB,17_63468418_C_T,Ast,CCDC47,1,1,8.439980277996639e-07,1,1,8.439980277996639e-07,1,1,8.439980277996639e-07,1.2080257384194937e-05,False,False,393.0,False,395.0,False,395.0,False,346.0,False
armB,17_63468418_C_T,Ast,CYB561,1,1,0.000458427769909342,1,1,0.000458427769909342,1,1,0.000458427769909342,0.00015601798374487164,False,False,120.0,False,122.0,False,122.0,False,206.0,False
armB,17_63468418_C_T,Ast,DCAF7,1,1,0.0008783279747106576,1,1,0.0008783279747106576,1,1,0.0008783279747106576,0.00039160852861386264,False,False,54.0,True,55.0,True,55.0,True,107.0,False
armB,17_63468418_C_T,Ast,DDX42,1,1,9.236865317818754e-05,1,1,9.236865317818754e-05,1,1,9.236865317818754e-05,0.00038556645904297415,False,False,274.0,False,278.0,False,278.0,False,110.0,False
armB,17_63468418_C_T,Ast,FTSJ3,1,1,4.7657203746331867e-05,1,1,4.7657203746331867e-05,1,1,4.7657203746331867e-05,0.00024302616182825254,False,False,307.0,False,310.0,False,310.0,False,160.0,False
armB,17_63468418_C_T,Ast,MAP3K3,1,1,0.000538353593782015,1,1,0.000538353593782015,1,1,0.000538353593782015,3.596744943834551e-05,False,False,100.0,False,101.0,False,101.0,False,310.0,False
armB,17_63468418_C_T,Ast,PSMC5,1,1,0.0004504273673866521,1,1,0.0004504273673866521,1,1,0.0004504273673866521,5.000726519543974e-06,True,True,122.0,False,124.0,False,124.0,False,369.0,False
armB,17_63468418_C_T,Ast,SMARCD2,1,1,0.0003312061368091479,1,1,0.0003312061368091479,1,1,0.0003312061368091479,0.00019901866866556261,True,True,145.0,False,147.0,False,147.0,False,180.0,False
armB,17_63468418_C_T,Ast,STRADA,1,1,0.00021592376051454698,1,1,0.00021592376051454698,1,1,0.00021592376051454698,0.00017799680588578837,False,False,202.0,False,205.0,False,205.0,False,194.0,False
armB,17_63468418_C_T,Ast,TACO1,1,1,0.00030518729326911576,1,1,0.00030518729326911576,1,1,0.00030518729326911576,0.0002496060010961365,False,False,156.0,False,159.0,False,159.0,False,155.0,False
armB,17_63468418_C_T,Ast,TANC2,1,1,8.803514219274389e-05,1,1,8.803514219274389e-05,1,1,8.803514219274389e-05,4.520251994838409e-05,False,False,275.0,False,279.0,False,279.0,False,303.0,False
armB,17_63468418_C_T,Exc,AC015923.1,1,1,0.0001961928487836037,1,1,0.0001961928487836037,1,1,0.0001961928487836037,7.550613101421633e-05,False,False,162.0,True,165.0,True,165.0,True,230.0,False
armB,17_63468418_C_T,Exc,ACE,1,1,0.018579384760387146,1,1,0.018579384760387146,1,1,0.018579384760387146,5.0887771252061675e-05,True,True,2.0,True,4.0,True,4.0,True,266.0,False
armB,17_63468418_C_T,Exc,CCDC47,1,1,2.607332211679303e-05,1,1,2.607332211679303e-05,1,1,2.607332211679303e-05,8.985036797559687e-05,False,False,333.0,False,336.0,False,336.0,False,209.0,False
armB,17_63468418_C_T,Exc,CYB561,1,1,0.00024281396439551628,1,1,0.00024281396439551628,1,1,0.00024281396439551628,0.00029111183723548595,True,True,129.0,True,133.0,True,133.0,True,78.0,True
armB,17_63468418_C_T,Exc,DCAF7,1,1,0.00023844124138794331,1,1,0.00023844124138794331,1,1,0.00023844124138794331,8.328533251200643e-05,True,True,135.0,True,139.0,True,139.0,True,219.0,False
armB,17_63468418_C_T,Exc,DDX42,1,1,2.3604410404831633e-05,1,1,2.3604410404831633e-05,1,1,2.3604410404831633e-05,5.485563949692018e-05,False,False,334.0,False,337.0,False,337.0,False,260.0,False
armB,17_63468418_C_T,Exc,FTSJ3,1,1,0.00020687925879930846,1,1,0.00020687925879930846,1,1,0.00020687925879930846,0.00010791790214648156,True,True,153.0,True,157.0,True,157.0,True,192.0,False
armB,17_63468418_C_T,Exc,LIMD2,1,1,0.0009987442054333329,1,1,0.0009987442054333329,1,1,0.0009987442054333329,0.0008124952298624866,False,False,28.0,True,32.0,True,32.0,True,22.0,True
armB,17_63468418_C_T,Exc,MAP3K3,1,1,0.0003227423663133,1,1,0.0003227423663133,1,1,0.0003227423663133,8.005481517470159e-06,True,True,98.0,True,102.0,True,102.0,True,351.0,False
armB,17_63468418_C_T,Exc,PSMC5,1,1,0.00036126093924437885,1,1,0.00036126093924437885,1,1,0.00036126093924437885,0.0001812176804055765,True,True,86.0,True,90.0,True,90.0,True,142.0,True
armB,17_63468418_C_T,Exc,SMARCD2,1,1,0.00010991017222999888,1,1,0.00010991017222999888,1,1,0.00010991017222999888,2.049289506367291e-05,True,True,237.0,False,240.0,False,240.0,False,325.0,False
armB,17_63468418_C_T,Exc,STRADA,1,1,0.0004822304088797358,1,1,0.0004822304088797358,1,1,0.0004822304088797358,0.00025523174952951644,True,True,61.0,True,64.0,True,64.0,True,95.0,True
armB,17_63468418_C_T,Exc,TACO1,1,1,1.0220883689404658e-05,1,1,1.0220883689404658e-05,1,1,1.0220883689404658e-05,0.00019625795297542603,False,False,353.0,False,354.0,False,354.0,False,132.0,True
armB,17_63468418_C_T,Exc,TANC2,1,1,0.0017665940363492116,1,1,0.0017665940363492116,1,1,0.0017665940363492116,3.0338589843359465e-05,True,True,16.0,True,20.0,True,20.0,True,304.0,False
armB,17_63468418_C_T,Mic,AC015923.1,1,1,9.641046624772089e-06,1,1,9.641046624772089e-06,1,1,9.641046624772089e-06,1.1310035741863081e-05,False,False,234.0,False,236.0,False,236.0,False,230.0,False
armB,17_63468418_C_T,Mic,CCDC47,1,1,0.00033061050987914786,1,1,0.00033061050987914786,1,1,0.00033061050987914786,0.00028941142196303726,False,False,144.0,False,147.0,False,147.0,False,135.0,False
armB,17_63468418_C_T,Mic,DCAF7,1,1,0.0017754985550414437,1,1,0.0017754985550414437,1,1,0.0017754985550414437,0.00034675167796438533,False,False,56.0,False,58.0,False,58.0,False,129.0,False
armB,17_63468418_C_T,Mic,DDX42,1,1,0.0005317728358000817,1,1,0.0005317728358000817,1,1,0.0005317728358000817,0.00013404064561839402,False,False,116.0,False,118.0,False,118.0,False,173.0,False
armB,17_63468418_C_T,Mic,LIMD2,1,1,0.0002444204945655226,1,1,0.0002444204945655226,1,1,0.0002444204945655226,0.0006873468785280057,False,False,156.0,False,159.0,False,159.0,False,82.0,False
armB,17_63468418_C_T,Mic,MAP3K3,1,1,0.0019428790663023054,1,1,0.0019428790663023054,1,1,0.0019428790663023054,0.0004504930986025668,True,True,51.0,False,53.0,False,53.0,False,116.0,False
armB,17_63468418_C_T,Mic,PSMC5,1,1,0.0010400056729216178,1,1,0.0010400056729216178,1,1,0.0010400056729216178,0.0002457904311654602,False,False,76.0,False,78.0,False,78.0,False,145.0,False
armB,17_63468418_C_T,Mic,STRADA,1,1,0.00017684176156973486,1,1,0.00017684176156973486,1,1,0.00017684176156973486,0.00016291028601744806,False,False,168.0,False,171.0,False,171.0,False,167.0,False
armB,17_63468418_C_T,Mic,TANC2,1,1,1.0175130354735107e-05,1,1,1.0175130354735107e-05,1,1,1.0175130354735107e-05,4.2374886942420087e-07,False,False,233.0,False,235.0,False,235.0,False,251.0,False
armB,19_1050875_A_G,Ast,ABCA7,1,1,0.00031277464433297764,1,1,0.00031277464433297764,1,1,0.00031277464433297764,0.00017128313616597557,False,False,152.0,False,155.0,False,155.0,False,199.0,False
armB,19_1050875_A_G,Ast,APC2,1,1,2.711708432656494e-05,1,1,2.711708432656494e-05,1,1,2.711708432656494e-05,1.621869720929217e-05,True,True,329.0,False,332.0,False,332.0,False,335.0,False
armB,19_1050875_A_G,Ast,ARID3A,1,1,0.00017492595814216916,1,1,0.00017492595814216916,1,1,0.00017492595814216916,8.771558955519843e-05,False,False,230.0,False,233.0,False,233.0,False,260.0,False
armB,19_1050875_A_G,Ast,ATP5F1D,1,1,0.0020910369944375784,1,1,0.0020910369944375784,1,1,0.0020910369944375784,0.002121150380663628,False,False,24.0,True,25.0,True,25.0,True,7.0,True
armB,19_1050875_A_G,Ast,BSG,1,1,1.3681211995297815e-05,1,1,1.3681211995297815e-05,1,1,1.3681211995297815e-05,0.0012495613609795342,False,False,351.0,False,354.0,False,354.0,False,23.0,True
armB,19_1050875_A_G,Ast,C19orf25,1,1,0.00041004414430478864,1,1,0.00041004414430478864,1,1,0.00041004414430478864,5.5267184576102135e-05,False,False,129.0,False,131.0,False,131.0,False,291.0,False
armB,19_1050875_A_G,Ast,CBARP,1,1,2.5666893308559646e-05,1,1,2.5666893308559646e-05,1,1,2.5666893308559646e-05,7.681168805209748e-05,False,False,331.0,False,335.0,False,335.0,False,271.0,False
armB,19_1050875_A_G,Ast,CDC34,1,1,0.0004110922379179094,1,1,0.0004110922379179094,1,1,0.0004110922379179094,1.7769817709512026e-05,True,True,128.0,False,130.0,False,130.0,False,332.0,False
armB,19_1050875_A_G,Ast,CIRBP,1,1,0.00022604096751188685,1,1,0.00022604096751188685,1,1,0.00022604096751188685,0.0008690505724187059,False,False,198.0,False,201.0,False,201.0,False,42.0,True
armB,19_1050875_A_G,Ast,DAZAP1,1,1,0.00016204568130284702,1,1,0.00016204568130284702,1,1,0.00016204568130284702,6.554133139924367e-05,False,False,240.0,False,243.0,False,243.0,False,279.0,False
armB,19_1050875_A_G,Ast,FAM174C,1,1,0.0026730116749374977,1,1,0.0026730116749374977,1,1,0.0026730116749374977,0.0018577785195372787,False,False,18.0,True,19.0,True,19.0,True,10.0,True
armB,19_1050875_A_G,Ast,FGF22,1,1,1.0774312632055513e-05,1,1,1.0774312632055513e-05,1,1,1.0774312632055513e-05,2.1585326478898784e-05,False,False,358.0,False,362.0,False,362.0,False,327.0,False
armB,19_1050875_A_G,Ast,FSTL3,1,1,0.000560559931495952,1,1,0.000560559931495952,1,1,0.000560559931495952,0.000987885430009161,False,False,93.0,False,94.0,False,94.0,False,35.0,True
armB,19_1050875_A_G,Ast,GAMT,1,1,0.0013540583760579539,1,1,0.0013540583760579539,1,1,0.0013540583760579539,0.0009008414594858793,False,False,36.0,True,37.0,True,37.0,True,40.0,True
armB,19_1050875_A_G,Ast,GPX4,1,1,0.0002699185579628782,1,1,0.0002699185579628782,1,1,0.0002699185579628782,0.0006311620867323064,False,False,181.0,False,184.0,False,184.0,False,65.0,True
armB,19_1050875_A_G,Ast,HCN2,1,1,9.023186854502721e-06,1,1,9.023186854502721e-06,1,1,9.023186854502721e-06,1.0006215314347852e-05,False,False,363.0,False,367.0,False,367.0,False,350.0,False
armB,19_1050875_A_G,Ast,MED16,1,1,0.0005919621931296248,1,1,0.0005919621931296248,1,1,0.0005919621931296248,0.000740592609055235,True,True,86.0,False,87.0,False,87.0,False,52.0,True
armB,19_1050875_A_G,Ast,MIDN,1,1,0.0002348851275476571,1,1,0.0002348851275476571,1,1,0.0002348851275476571,0.00020803221771309444,False,False,196.0,False,199.0,False,199.0,False,177.0,False
armB,19_1050875_A_G,Ast,NDUFS7,1,1,0.0008048468423177413,1,1,0.0008048468423177413,1,1,0.0008048468423177413,0.0005089553985375694,False,False,58.0,True,59.0,True,59.0,True,79.0,False
armB,19_1050875_A_G,Ast,PALM,1,1,0.000250480237382944,1,1,0.000250480237382944,1,1,0.000250480237382944,0.0003526691850698205,False,False,190.0,False,193.0,False,193.0,False,120.0,False
armB,19_1050875_A_G,Ast,PCSK4,1,1,7.421776192656493e-05,1,1,7.421776192656493e-05,1,1,7.421776192656493e-05,0.00010539326097515345,False,False,283.0,False,286.0,False,286.0,False,245.0,False
armB,19_1050875_A_G,Ast,PLK5,1,1,3.5125124408418246e-07,1,1,3.5125124408418246e-07,1,1,3.5125124408418246e-07,3.4485346223208854e-07,True,True,396.0,False,397.0,False,397.0,False,393.0,False
armB,19_1050875_A_G,Ast,PLPPR3,1,1,4.212131385530893e-06,1,1,4.212131385530893e-06,1,1,4.212131385530893e-06,5.325607891454309e-05,False,False,375.0,False,379.0,False,379.0,False,296.0,False
armB,19_1050875_A_G,Ast,POLR2E,1,1,0.00024423228227843374,1,1,0.00024423228227843374,1,1,0.00024423228227843374,0.00024988661745528606,False,False,193.0,False,196.0,False,196.0,False,154.0,False
armB,19_1050875_A_G,Ast,POLRMT,1,1,0.000373971756897129,1,1,0.000373971756897129,1,1,0.000373971756897129,0.0005849056723552515,False,False,135.0,False,137.0,False,137.0,False,68.0,True
armB,19_1050875_A_G,Ast,PTBP1,1,1,0.0010085086221987005,1,1,0.0010085086221987005,1,1,0.0010085086221987005,0.00013805790088428083,False,False,46.0,True,47.0,True,47.0,True,217.0,False
armB,19_1050875_A_G,Ast,PWWP3A,1,1,0.0004653558175350403,1,1,0.0004653558175350403,1,1,0.0004653558175350403,0.0004249140994382894,True,True,117.0,False,119.0,False,119.0,False,94.0,False
armB,19_1050875_A_G,Ast,R3HDM4,1,1,0.0006935231272202635,1,1,0.0006935231272202635,1,1,0.0006935231272202635,0.0009107987358044634,False,False,72.0,True,73.0,True,73.0,True,38.0,True
armB,19_1050875_A_G,Ast,REEP6,1,1,0.00020255486005878176,1,1,0.00020255486005878176,1,1,0.00020255486005878176,0.00033260814771204905,False,False,214.0,False,217.0,False,217.0,False,126.0,False
armB,19_1050875_A_G,Ast,RNF126,1,1,0.0002024485100432516,1,1,0.0002024485100432516,1,1,0.0002024485100432516,0.00024318413402535377,False,False,215.0,False,218.0,False,218.0,False,159.0,False
armB,19_1050875_A_G,Ast,RPS15,1,1,0.002514005319575574,1,1,0.002514005319575574,1,1,0.002514005319575574,0.001846367186472797,False,False,20.0,True,21.0,True,21.0,True,11.0,True
armB,19_1050875_A_G,Ast,SBNO2,1,1,0.000584781739818907,1,1,0.000584781739818907,1,1,0.000584781739818907,0.00038827520303907903,False,False,88.0,False,89.0,False,89.0,False,108.0,False
armB,19_1050875_A_G,Ast,STK11,1,1,0.0002583204008179685,1,1,0.0002583204008179685,1,1,0.0002583204008179685,0.0004106778399823874,False,False,184.0,False,187.0,False,187.0,False,100.0,False
armB,19_1050875_A_G,Ast,TMEM259,1,1,0.0003806537043613556,1,1,0.0003806537043613556,1,1,0.0003806537043613556,0.0007141589243218061,True,True,132.0,False,134.0,False,134.0,False,57.0,True
armB,19_1050875_A_G,Ast,WDR18,1,1,0.0009441905663528649,1,1,0.0009441905663528649,1,1,0.0009441905663528649,8.041520457824358e-05,False,False,51.0,True,52.0,True,52.0,True,265.0,False
armB,19_1050875_A_G,Exc,ABCA7,1,1,0.00013351981481848907,1,1,0.00013351981481848907,1,1,0.00013351981481848907,0.00027131836616792193,False,False,208.0,False,211.0,False,211.0,False,91.0,True
armB,19_1050875_A_G,Exc,APC2,1,1,0.0003227774112866122,1,1,0.0003227774112866122,1,1,0.0003227774112866122,0.0002559918966871244,True,True,97.0,True,101.0,True,101.0,True,94.0,True
armB,19_1050875_A_G,Exc,ARID3A,1,1,0.0002153240643478216,1,1,0.0002153240643478216,1,1,0.0002153240643478216,8.346142068477169e-05,False,False,146.0,True,150.0,True,150.0,True,218.0,False
armB,19_1050875_A_G,Exc,ATP5F1D,1,1,0.0006154347369352609,1,1,0.0006154347369352609,1,1,0.0006154347369352609,0.0007185916669937287,False,False,50.0,True,53.0,True,53.0,True,26.0,True
armB,19_1050875_A_G,Exc,BSG,1,1,8.891819965151093e-05,1,1,8.891819965151093e-05,1,1,8.891819965151093e-05,0.0009989480540504303,True,True,255.0,False,258.0,False,258.0,False,16.0,True
armB,19_1050875_A_G,Exc,C19orf25,1,1,0.00013130464525487606,1,1,0.00013130464525487606,1,1,0.00013130464525487606,7.311788552794019e-05,False,False,211.0,False,214.0,False,214.0,False,235.0,False
armB,19_1050875_A_G,Exc,CBARP,1,1,6.691547466125547e-05,1,1,6.691547466125547e-05,1,1,6.691547466125547e-05,0.00015029353821904845,False,False,283.0,False,286.0,False,286.0,False,161.0,True
armB,19_1050875_A_G,Exc,CDC34,1,1,0.00028703579629385523,1,1,0.00028703579629385523,1,1,0.00028703579629385523,0.0005383582805027487,True,True,108.0,True,112.0,True,112.0,True,35.0,True
armB,19_1050875_A_G,Exc,CIRBP,1,1,0.0010219691218895655,1,1,0.0010219691218895655,1,1,0.0010219691218895655,0.00012325587897477064,False,False,27.0,True,31.0,True,31.0,True,179.0,False
armB,19_1050875_A_G,Exc,DAZAP1,1,1,6.72769134314466e-05,1,1,6.72769134314466e-05,1,1,6.72769134314466e-05,0.0002983638610278838,False,False,282.0,False,285.0,False,285.0,False,75.0,True
armB,19_1050875_A_G,Exc,FAM174C,1,1,0.00021311636392068456,1,1,0.00021311636392068456,1,1,0.00021311636392068456,0.0008121193980651364,True,True,150.0,True,154.0,True,154.0,True,23.0,True
armB,19_1050875_A_G,Exc,FGF22,1,1,9.712948263511378e-06,1,1,9.712948263511378e-06,1,1,9.712948263511378e-06,6.934998385382113e-05,False,False,358.0,False,358.0,False,358.0,False,238.0,False
armB,19_1050875_A_G,Exc,FSTL3,1,1,0.00013235962318090821,1,1,0.00013235962318090821,1,1,0.00013235962318090821,0.00027665090029537626,False,False,210.0,False,213.0,False,213.0,False,87.0,True
armB,19_1050875_A_G,Exc,GAMT,1,1,0.0005749818191256306,1,1,0.0005749818191256306,1,1,0.0005749818191256306,0.0002344971637618931,False,False,56.0,True,59.0,True,59.0,True,109.0,True
armB,19_1050875_A_G,Exc,GPX4,1,1,0.0005005955411163665,1,1,0.0005005955411163665,1,1,0.0005005955411163665,0.0006563291423489215,True,True,60.0,True,63.0,True,63.0,True,27.0,True
armB,19_1050875_A_G,Exc,HCN2,1,1,0.00024649654654634867,1,1,0.00024649654654634867,1,1,0.00024649654654634867,0.00013959107480782107,True,True,125.0,True,129.0,True,129.0,True,168.0,True
armB,19_1050875_A_G,Exc,MED16,1,1,0.00021476698001854366,1,1,0.00021476698001854366,1,1,0.00021476698001854366,0.00020018367766883038,True,True,148.0,True,152.0,True,152.0,True,129.0,True
armB,19_1050875_A_G,Exc,MIDN,1,1,0.000362005454548342,1,1,0.000362005454548342,1,1,0.000362005454548342,6.410732893047388e-05,False,False,85.0,True,89.0,True,89.0,True,246.0,False
armB,19_1050875_A_G,Exc,NDUFS7,1,1,0.0002610328569209175,1,1,0.0002610328569209175,1,1,0.0002610328569209175,0.00032152681583141884,False,False,119.0,True,123.0,True,123.0,True,65.0,True
armB,19_1050875_A_G,Exc,PALM,1,1,9.620478868366256e-05,1,1,9.620478868366256e-05,1,1,9.620478868366256e-05,0.0003841082206325064,False,False,246.0,False,249.0,False,249.0,False,50.0,True
armB,19_1050875_A_G,Exc,PLK5,1,1,5.678174537877487e-06,1,1,5.678174537877487e-06,1,1,5.678174537877487e-06,2.8960134153065142e-05,True,True,364.0,False,365.0,False,365.0,False,308.0,False
armB,19_1050875_A_G,Exc,PLPPR3,1,1,0.0007236307167779454,1,1,0.0007236307167779454,1,1,0.0007236307167779454,0.00041075471569174127,True,True,39.0,True,42.0,True,42.0,True,46.0,True
armB,19_1050875_A_G,Exc,POLR2E,1,1,0.0003984816637589983,1,1,0.0003984816637589983,1,1,0.0003984816637589983,0.0001839081242456242,True,True,77.0,True,81.0,True,81.0,True,140.0,True
armB,19_1050875_A_G,Exc,POLRMT,1,1,5.184888782128194e-05,1,1,5.184888782128194e-05,1,1,5.184888782128194e-05,0.00038118088933775107,False,False,302.0,False,304.0,False,304.0,False,51.0,True
armB,19_1050875_A_G,Exc,PTBP1,1,1,0.0006592797813642637,1,1,0.0006592797813642637,1,1,0.0006592797813642637,0.0003364246318893205,False,False,44.0,True,47.0,True,47.0,True,61.0,True
armB,19_1050875_A_G,Exc,PWWP3A,1,1,0.0003796014254543456,1,1,0.0003796014254543456,1,1,0.0003796014254543456,0.000501476906711873,True,True,80.0,True,84.0,True,84.0,True,39.0,True
armB,19_1050875_A_G,Exc,R3HDM4,1,1,6.751703747642779e-05,1,1,6.751703747642779e-05,1,1,6.751703747642779e-05,0.0005896027035854345,True,True,281.0,False,284.0,False,284.0,False,29.0,True
armB,19_1050875_A_G,Exc,RNF126,1,1,0.00012995305127661005,1,1,0.00012995305127661005,1,1,0.00012995305127661005,7.380414121427314e-05,False,False,213.0,False,216.0,False,216.0,False,233.0,False
armB,19_1050875_A_G,Exc,RPS15,1,1,0.0014347943815395947,1,1,0.0014347943815395947,1,1,0.0014347943815395947,0.0012729248324911957,False,False,21.0,True,25.0,True,25.0,True,8.0,True
armB,19_1050875_A_G,Exc,SBNO2,1,1,0.0003622073803274395,1,1,0.0003622073803274395,1,1,0.0003622073803274395,0.0002481214431981904,True,True,84.0,True,88.0,True,88.0,True,101.0,True
armB,19_1050875_A_G,Exc,STK11,1,1,0.0002366402057191186,1,1,0.0002366402057191186,1,1,0.0002366402057191186,0.00029762418790679757,False,False,137.0,True,141.0,True,141.0,True,76.0,True
armB,19_1050875_A_G,Exc,TMEM259,1,1,0.0002451904831251017,1,1,0.0002451904831251017,1,1,0.0002451904831251017,0.00020684131737525036,True,True,128.0,True,132.0,True,132.0,True,123.0,True
armB,19_1050875_A_G,Exc,WDR18,1,1,0.00019067747883499964,1,1,0.00019067747883499964,1,1,0.00019067747883499964,0.0003701868342853576,True,True,167.0,True,170.0,True,170.0,True,54.0,True
armB,19_1050875_A_G,Mic,ARHGAP45,1,1,0.0010666571174544615,1,1,0.0010666571174544615,1,1,0.0010666571174544615,0.0008593143470196907,False,False,75.0,False,77.0,False,77.0,False,65.0,False
armB,19_1050875_A_G,Mic,ARID3A,1,1,5.2444474636870186e-05,1,1,5.2444474636870186e-05,1,1,5.2444474636870186e-05,0.00015697790264573852,False,False,208.0,False,211.0,False,211.0,False,168.0,False
armB,19_1050875_A_G,Mic,ATP5F1D,1,1,0.00161099989170288,1,1,0.00161099989170288,1,1,0.00161099989170288,0.002829802917395874,False,False,58.0,False,60.0,False,60.0,False,13.0,True
armB,19_1050875_A_G,Mic,BSG,1,1,0.000328668386073927,1,1,0.000328668386073927,1,1,0.000328668386073927,0.001412723206786648,False,False,145.0,False,148.0,False,148.0,False,31.0,True
armB,19_1050875_A_G,Mic,C19orf25,1,1,0.0005391181761378316,1,1,0.0005391181761378316,1,1,0.0005391181761378316,0.0005957605294740764,False,False,115.0,False,117.0,False,117.0,False,91.0,False
armB,19_1050875_A_G,Mic,CIRBP,1,1,0.0018203891752610613,1,1,0.0018203891752610613,1,1,0.0018203891752610613,0.000426030269071731,False,False,55.0,False,57.0,False,57.0,False,119.0,False
armB,19_1050875_A_G,Mic,DAZAP1,1,1,0.00011641320949029588,1,1,0.00011641320949029588,1,1,0.00011641320949029588,0.0004960648434632065,False,False,184.0,False,186.0,False,186.0,False,105.0,False
armB,19_1050875_A_G,Mic,GPX4,1,1,0.0013643796679585485,1,1,0.0013643796679585485,1,1,0.0013643796679585485,0.0013362732826434076,False,False,66.0,False,68.0,False,68.0,False,36.0,True
armB,19_1050875_A_G,Mic,MIDN,1,1,8.402995748835185e-05,1,1,8.402995748835185e-05,1,1,8.402995748835185e-05,0.0007142476550186516,False,False,195.0,False,197.0,False,197.0,False,79.0,False
armB,19_1050875_A_G,Mic,NDUFS7,1,1,0.0018786644659263274,1,1,0.0018786644659263274,1,1,0.0018786644659263274,0.0011994553341172498,False,False,53.0,False,55.0,False,55.0,False,40.0,True
armB,19_1050875_A_G,Mic,PALM,1,1,6.196646838603492e-05,1,1,6.196646838603492e-05,1,1,6.196646838603492e-05,1.5692299103226004e-05,False,False,203.0,False,206.0,False,206.0,False,224.0,False
armB,19_1050875_A_G,Mic,POLR2E,1,1,0.0007940426375738774,1,1,0.0007940426375738774,1,1,0.0007940426375738774,0.0010336412693501273,False,False,91.0,False,93.0,False,93.0,False,50.0,False
armB,19_1050875_A_G,Mic,PTBP1,1,1,0.0008104299908100465,1,1,0.0008104299908100465,1,1,0.0008104299908100465,0.0006017725464482204,False,False,89.0,False,91.0,False,91.0,False,90.0,False
armB,19_1050875_A_G,Mic,PWWP3A,1,1,0.00026031038539128803,1,1,0.00026031038539128803,1,1,0.00026031038539128803,0.0002612842768628665,False,False,154.0,False,157.0,False,157.0,False,143.0,False
armB,19_1050875_A_G,Mic,RPS15,1,1,0.00339289580436386,1,1,0.00339289580436386,1,1,0.00339289580436386,0.003030838076061304,False,False,33.0,True,34.0,True,34.0,True,10.0,True
armB,19_1050875_A_G,Mic,SBNO2,1,1,6.289061596165268e-05,1,1,6.289061596165268e-05,1,1,6.289061596165268e-05,0.00018974291491002937,False,False,202.0,False,205.0,False,205.0,False,158.0,False
armB,19_1050875_A_G,Mic,STK11,1,1,0.0002334442590339325,1,1,0.0002334442590339325,1,1,0.0002334442590339325,0.0005906029094117082,False,False,157.0,False,160.0,False,160.0,False,92.0,False
armB,19_1050875_A_G,Mic,TMEM259,1,1,0.0009883684778025925,1,1,0.0009883684778025925,1,1,0.0009883684778025925,0.00036964476687562087,False,False,78.0,False,80.0,False,80.0,False,127.0,False
armB,19_44908684_T_C,Ast,APOC1,1,1,6.83141429723283e-05,1,1,6.83141429723283e-05,1,1,6.83141429723283e-05,0.0004198736018731983,False,False,287.0,False,290.0,False,290.0,False,97.0,False
armB,19_44908684_T_C,Ast,APOE,1,1,0.010370412914181504,1,1,0.010370412914181504,1,1,0.010370412914181504,0.005343279337932438,False,False,4.0,True,4.0,True,4.0,True,2.0,True
armB,19_44908684_T_C,Ast,BCAM,1,1,3.816611499779521e-05,1,1,3.816611499779521e-05,1,1,3.816611499779521e-05,0.00014734209490946393,False,False,318.0,False,321.0,False,321.0,False,212.0,False
armB,19_44908684_T_C,Ast,CLASRP,1,1,0.0001961217350041622,1,1,0.0001961217350041622,1,1,0.0001961217350041622,0.0004510360453362505,False,False,219.0,False,222.0,False,222.0,False,89.0,False
armB,19_44908684_T_C,Ast,CLPTM1,1,1,0.0002753127027993463,1,1,0.0002753127027993463,1,1,0.0002753127027993463,0.00013133380482333035,False,False,178.0,False,181.0,False,181.0,False,221.0,False
armB,19_44908684_T_C,Ast,ERCC1,1,1,6.801141045686965e-05,1,1,6.801141045686965e-05,1,1,6.801141045686965e-05,0.0004429311580456119,False,False,288.0,False,291.0,False,291.0,False,90.0,False
armB,19_44908684_T_C,Ast,ERCC2,1,1,8.717360819132658e-05,1,1,8.717360819132658e-05,1,1,8.717360819132658e-05,9.096725177931697e-05,False,False,276.0,False,280.0,False,280.0,False,256.0,False
armB,19_44908684_T_C,Ast,GEMIN7-AS1,1,1,0.00010895936451493782,1,1,0.00010895936451493782,1,1,0.00010895936451493782,0.0002468794584518652,False,False,264.0,False,267.0,False,267.0,False,156.0,False
armB,19_44908684_T_C,Ast,MARK4,1,1,0.00018619745070580507,1,1,0.00018619745070580507,1,1,0.00018619745070580507,0.00022903129552315216,False,False,226.0,False,229.0,False,229.0,False,164.0,False
armB,19_44908684_T_C,Ast,NECTIN2,1,1,0.00024933422409845196,1,1,0.00024933422409845196,1,1,0.00024933422409845196,0.0012007976312971014,True,True,191.0,False,194.0,False,194.0,False,25.0,True
armB,19_44908684_T_C,Ast,PPP1R13L,1,1,9.401193059421775e-05,1,1,9.401193059421775e-05,1,1,9.401193059421775e-05,5.375737629442767e-05,False,False,273.0,False,276.0,False,276.0,False,295.0,False
armB,19_44908684_T_C,Ast,PPP1R37,1,1,0.00029598607439529356,1,1,0.00029598607439529356,1,1,0.00029598607439529356,0.00028368756350849456,False,False,159.0,False,162.0,False,162.0,False,142.0,False
armB,19_44908684_T_C,Ast,PVR,1,1,0.001763560872129477,1,1,0.001763560872129477,1,1,0.001763560872129477,0.000935183186070776,False,False,29.0,True,30.0,True,30.0,True,37.0,True
armB,19_44908684_T_C,Ast,TOMM40,1,1,0.0005406409806916201,1,1,0.0005406409806916201,1,1,0.0005406409806916201,0.0018219569160961013,False,False,99.0,False,100.0,False,100.0,False,12.0,True
armB,19_44908684_T_C,Ast,TRAPPC6A,1,1,1.3628775383800473e-06,1,1,1.3628775383800473e-06,1,1,1.3628775383800473e-06,0.0006799067647866863,False,False,388.0,False,390.0,False,390.0,False,60.0,True
armB,19_44908684_T_C,Ast,ZNF180,1,1,4.519629935345604e-05,1,1,4.519629935345604e-05,1,1,4.519629935345604e-05,9.047796802150176e-06,False,False,309.0,False,312.0,False,312.0,False,354.0,False
armB,19_44908684_T_C,Ast,ZNF229,1,1,5.047965924692699e-05,1,1,5.047965924692699e-05,1,1,5.047965924692699e-05,2.9757737174715415e-05,False,False,301.0,False,304.0,False,304.0,False,315.0,False
armB,19_44908684_T_C,Exc,APOE,1,1,0.006812097728576938,1,1,0.006812097728576938,1,1,0.006812097728576938,0.001194475434188269,False,False,4.0,True,6.0,True,6.0,True,11.0,True
armB,19_44908684_T_C,Exc,CEACAM19,1,1,0.00012845696785516308,1,1,0.00012845696785516308,1,1,0.00012845696785516308,5.019497374073034e-05,True,True,215.0,False,218.0,False,218.0,False,268.0,False
armB,19_44908684_T_C,Exc,CLASRP,1,1,0.00020414023576231788,1,1,0.00020414023576231788,1,1,0.00020414023576231788,0.0003504157869785862,False,False,157.0,True,161.0,True,161.0,True,57.0,True
armB,19_44908684_T_C,Exc,CLPTM1,1,1,0.00018671470472453322,1,1,0.00018671470472453322,1,1,0.00018671470472453322,0.00020972184860768017,False,False,172.0,True,175.0,False,175.0,False,122.0,True
armB,19_44908684_T_C,Exc,ERCC1,1,1,0.00013265917678334516,1,1,0.00013265917678334516,1,1,0.00013265917678334516,0.00022066294574851764,True,True,209.0,False,212.0,False,212.0,False,116.0,True
armB,19_44908684_T_C,Exc,ERCC2,1,1,0.0002264802295813273,1,1,0.0002264802295813273,1,1,0.0002264802295813273,3.369858836549389e-05,True,True,143.0,True,147.0,True,147.0,True,294.0,False
armB,19_44908684_T_C,Exc,GEMIN7-AS1,1,1,1.949507439164e-05,1,1,1.949507439164e-05,1,1,1.949507439164e-05,0.0002165912647669882,False,False,339.0,False,341.0,False,341.0,False,120.0,True
armB,19_44908684_T_C,Exc,MARK4,1,1,0.0001877588573448441,1,1,0.0001877588573448441,1,1,0.0001877588573448441,0.00033724239609017603,False,False,170.0,True,173.0,True,173.0,True,60.0,True
armB,19_44908684_T_C,Exc,PPP1R37,1,1,0.00040289169535256963,1,1,0.00040289169535256963,1,1,0.00040289169535256963,0.0004459469079591827,False,False,74.0,True,78.0,True,78.0,True,43.0,True
armB,19_44908684_T_C,Exc,PVR,1,1,1.6789158208879718e-05,1,1,1.6789158208879718e-05,1,1,1.6789158208879718e-05,7.954341062962889e-05,True,True,343.0,False,345.0,False,345.0,False,224.0,False
armB,19_44908684_T_C,Exc,TOMM40,1,1,0.0007963400542203569,1,1,0.0007963400542203569,1,1,0.0007963400542203569,0.001156304316762613,False,False,35.0,True,38.0,True,38.0,True,13.0,True
armB,19_44908684_T_C,Exc,TRAPPC6A,1,1,5.9077766610043936e-05,1,1,5.9077766610043936e-05,1,1,5.9077766610043936e-05,0.00016826045454351735,False,False,294.0,False,297.0,False,297.0,False,152.0,True
armB,19_44908684_T_C,Exc,ZNF180,1,1,5.5904368906664614e-05,1,1,5.5904368906664614e-05,1,1,5.5904368906664614e-05,5.919110804471217e-05,True,True,298.0,False,300.0,False,300.0,False,253.0,False
armB,19_44908684_T_C,Mic,APOC1,1,1,0.05308473520249202,1,1,0.05308473520249202,1,1,0.05308473520249202,0.004476521343673268,True,True,1.0,True,1.0,True,1.0,True,7.0,True
armB,19_44908684_T_C,Mic,APOC2,1,1,0.0023348209523727514,1,1,0.0023348209523727514,1,1,0.0023348209523727514,0.0017746819408086811,False,False,42.0,True,44.0,True,44.0,True,24.0,True
armB,19_44908684_T_C,Mic,APOE,1,1,0.049398703245536524,1,1,0.049398703245536524,1,1,0.049398703245536524,0.008977605263699395,True,True,2.0,True,2.0,True,2.0,True,3.0,True
armB,19_44908684_T_C,Mic,CLASRP,1,1,0.000363161777865606,1,1,0.000363161777865606,1,1,0.000363161777865606,0.001075157193969889,False,False,136.0,False,139.0,False,139.0,False,43.0,True
armB,19_44908684_T_C,Mic,CLPTM1,1,1,0.0005192472270674209,1,1,0.0005192472270674209,1,1,0.0005192472270674209,0.00023154642882494691,False,False,117.0,False,119.0,False,119.0,False,150.0,False
armB,19_44908684_T_C,Mic,ERCC1,1,1,2.1539902401723765e-06,1,1,2.1539902401723765e-06,1,1,2.1539902401723765e-06,0.001575712135972518,False,False,247.0,False,247.0,False,247.0,False,29.0,True
armB,19_44908684_T_C,Mic,GEMIN7-AS1,1,1,0.000456893808933434,1,1,0.000456893808933434,1,1,0.000456893808933434,0.00020682092634727312,False,False,128.0,False,131.0,False,131.0,False,156.0,False
armB,19_44908684_T_C,Mic,MARK4,1,1,3.429161905746381e-05,1,1,3.429161905746381e-05,1,1,3.429161905746381e-05,5.779909350574208e-05,False,False,219.0,False,222.0,False,222.0,False,204.0,False
armB,19_44946027_T_G,Ast,APOC1,1,1,0.0004892302667770035,1,1,0.0004892302667770035,1,1,0.0004892302667770035,5.824308881449691e-05,False,False,111.0,False,112.0,False,112.0,False,285.0,False
armB,19_44946027_T_G,Ast,APOE,1,1,0.002367484291084798,1,1,0.002367484291084798,1,1,0.002367484291084798,0.0018883484294531794,False,False,21.0,True,22.0,True,22.0,True,9.0,True
armB,19_44946027_T_G,Ast,BCAM,1,1,0.0007212512984733355,1,1,0.0007212512984733355,1,1,0.0007212512984733355,0.0002396386116609306,False,False,66.0,True,67.0,True,67.0,True,161.0,False
armB,19_44946027_T_G,Ast,CLASRP,1,1,0.00024296813290661246,1,1,0.00024296813290661246,1,1,0.00024296813290661246,3.505035488546304e-05,False,False,194.0,False,197.0,False,197.0,False,311.0,False
armB,19_44946027_T_G,Ast,CLPTM1,1,1,0.017729142786212182,1,1,0.017729142786212182,1,1,0.017729142786212182,7.916961644505172e-05,False,False,2.0,True,2.0,True,2.0,True,268.0,False
armB,19_44946027_T_G,Ast,ERCC1,1,1,0.000548795305773564,1,1,0.000548795305773564,1,1,0.000548795305773564,0.0005111857321636881,False,False,96.0,False,97.0,False,97.0,False,78.0,False
armB,19_44946027_T_G,Ast,ERCC2,1,1,0.0006271679302578548,1,1,0.0006271679302578548,1,1,0.0006271679302578548,0.0003492405901049378,False,False,80.0,False,81.0,False,81.0,False,121.0,False
armB,19_44946027_T_G,Ast,GEMIN7-AS1,1,1,0.0002887686452596183,1,1,0.0002887686452596183,1,1,0.0002887686452596183,0.0003247284138866713,False,False,167.0,False,170.0,False,170.0,False,130.0,False
armB,19_44946027_T_G,Ast,MARK4,1,1,1.498968278018653e-05,1,1,1.498968278018653e-05,1,1,1.498968278018653e-05,3.7157518400776635e-06,False,False,347.0,False,350.0,False,350.0,False,378.0,False
armB,19_44946027_T_G,Ast,NECTIN2,1,1,6.604177007263345e-05,1,1,6.604177007263345e-05,1,1,6.604177007263345e-05,0.0007688064099302672,True,True,290.0,False,293.0,False,293.0,False,50.0,True
armB,19_44946027_T_G,Ast,PPP1R13L,1,1,4.078536184559667e-05,1,1,4.078536184559667e-05,1,1,4.078536184559667e-05,5.2720196800679076e-05,False,False,315.0,False,318.0,False,318.0,False,298.0,False
armB,19_44946027_T_G,Ast,PPP1R37,1,1,0.00014972409173175105,1,1,0.00014972409173175105,1,1,0.00014972409173175105,0.00032926085485684986,False,False,245.0,False,248.0,False,248.0,False,129.0,False
armB,19_44946027_T_G,Ast,PVR,1,1,0.0001760492730800145,1,1,0.0001760492730800145,1,1,0.0001760492730800145,9.548038201268039e-05,False,False,229.0,False,232.0,False,232.0,False,253.0,False
armB,19_44946027_T_G,Ast,TOMM40,1,1,0.00044043683183425664,1,1,0.00044043683183425664,1,1,0.00044043683183425664,0.00027498729685937473,False,False,123.0,False,125.0,False,125.0,False,146.0,False
armB,19_44946027_T_G,Ast,TRAPPC6A,1,1,0.0009970386673686105,1,1,0.0009970386673686105,1,1,0.0009970386673686105,0.0001624299605212931,False,False,47.0,True,48.0,True,48.0,True,200.0,False
armB,19_44946027_T_G,Ast,ZNF180,1,1,7.528114338450909e-05,1,1,7.528114338450909e-05,1,1,7.528114338450909e-05,1.1965662065294147e-05,False,False,281.0,False,284.0,False,284.0,False,347.0,False
armB,19_44946027_T_G,Ast,ZNF229,1,1,0.00029207508255243986,1,1,0.00029207508255243986,1,1,0.00029207508255243986,3.6304674384063373e-05,False,False,164.0,False,167.0,False,167.0,False,309.0,False
armB,19_44946027_T_G,Exc,APOE,1,1,0.0016348317746741614,1,1,0.0016348317746741614,1,1,0.0016348317746741614,0.001219725548435524,False,False,18.0,True,22.0,True,22.0,True,10.0,True
armB,19_44946027_T_G,Exc,CEACAM19,1,1,4.2675262772837175e-05,1,1,4.2675262772837175e-05,1,1,4.2675262772837175e-05,6.517814935987423e-05,True,True,308.0,False,311.0,False,311.0,False,241.0,False
armB,19_44946027_T_G,Exc,CLASRP,1,1,2.7395322613532613e-05,1,1,2.7395322613532613e-05,1,1,2.7395322613532613e-05,1.0979361140306398e-05,False,False,329.0,False,332.0,False,332.0,False,346.0,False
armB,19_44946027_T_G,Exc,CLPTM1,1,1,0.002925061678074492,1,1,0.002925061678074492,1,1,0.002925061678074492,9.237173464871073e-05,False,False,13.0,True,16.0,True,16.0,True,206.0,False
armB,19_44946027_T_G,Exc,ERCC1,1,1,0.0001484153535508681,1,1,0.0001484153535508681,1,1,0.0001484153535508681,4.9727826051004786e-05,True,True,194.0,False,197.0,False,197.0,False,270.0,False
armB,19_44946027_T_G,Exc,ERCC2,1,1,3.9423990696452194e-05,1,1,3.9423990696452194e-05,1,1,3.9423990696452194e-05,2.2291508372573876e-05,True,True,314.0,False,317.0,False,317.0,False,319.0,False
armB,19_44946027_T_G,Exc,GEMIN7-AS1,1,1,7.864527851016156e-05,1,1,7.864527851016156e-05,1,1,7.864527851016156e-05,0.00011041210881027053,False,False,268.0,False,271.0,False,271.0,False,188.0,False
armB,19_44946027_T_G,Exc,MARK4,1,1,0.00019614220623115353,1,1,0.00019614220623115353,1,1,0.00019614220623115353,0.00017284541827600197,False,False,163.0,True,166.0,True,166.0,True,146.0,True
armB,19_44946027_T_G,Exc,PPP1R37,1,1,0.00020059305151853835,1,1,0.00020059305151853835,1,1,0.00020059305151853835,3.398448229763318e-05,False,False,159.0,True,162.0,True,162.0,True,292.0,False
armB,19_44946027_T_G,Exc,PVR,1,1,9.896442176915432e-06,1,1,9.896442176915432e-06,1,1,9.896442176915432e-06,5.440551422281059e-05,True,True,356.0,False,356.0,False,356.0,False,262.0,False
armB,19_44946027_T_G,Exc,TOMM40,1,1,0.00037648097334097574,1,1,0.00037648097334097574,1,1,0.00037648097334097574,3.2397461753097545e-05,False,False,82.0,True,86.0,True,86.0,True,296.0,False
armB,19_44946027_T_G,Exc,TRAPPC6A,1,1,0.00015850326489233457,1,1,0.00015850326489233457,1,1,0.00015850326489233457,3.281328557683261e-05,False,False,185.0,False,188.0,False,188.0,False,295.0,False
armB,19_44946027_T_G,Exc,ZNF180,1,1,0.00013948046446624063,1,1,0.00013948046446624063,1,1,0.00013948046446624063,2.373592666374269e-06,True,True,202.0,False,205.0,False,205.0,False,365.0,False
armB,19_44946027_T_G,Mic,APOC1,1,1,0.021865526113105216,1,1,0.021865526113105216,1,1,0.021865526113105216,0.010899367118782921,True,True,5.0,True,5.0,True,5.0,True,2.0,True
armB,19_44946027_T_G,Mic,APOC2,1,1,0.011587320118187694,1,1,0.011587320118187694,1,1,0.011587320118187694,0.06495871956332985,False,False,13.0,True,14.0,True,14.0,True,1.0,True
armB,19_44946027_T_G,Mic,APOE,1,1,0.019408571357487414,1,1,0.019408571357487414,1,1,0.019408571357487414,0.005428803087431433,True,True,6.0,True,7.0,True,7.0,True,5.0,True
armB,19_44946027_T_G,Mic,CLASRP,1,1,9.246157898629148e-05,1,1,9.246157898629148e-05,1,1,9.246157898629148e-05,1.2495715892069104e-05,False,False,189.0,False,191.0,False,191.0,False,227.0,False
armB,19_44946027_T_G,Mic,CLPTM1,1,1,0.015545866777853856,1,1,0.015545866777853856,1,1,0.015545866777853856,0.000886672812300926,False,False,9.0,True,10.0,True,10.0,True,62.0,False
armB,19_44946027_T_G,Mic,ERCC1,1,1,0.0007247107261735275,1,1,0.0007247107261735275,1,1,0.0007247107261735275,0.0006220861687558088,False,False,96.0,False,98.0,False,98.0,False,88.0,False
armB,19_44946027_T_G,Mic,GEMIN7-AS1,1,1,0.0004629956274542213,1,1,0.0004629956274542213,1,1,0.0004629956274542213,0.00011709661548353623,False,False,126.0,False,129.0,False,129.0,False,181.0,False
armB,19_44946027_T_G,Mic,MARK4,1,1,4.844682782395582e-05,1,1,4.844682782395582e-05,1,1,4.844682782395582e-05,1.1615970701976674e-05,False,False,211.0,False,214.0,False,214.0,False,229.0,False
armB,19_48710247_G_A,Ast,BAX,1,1,0.0013442705880910566,1,1,0.0013442705880910566,1,1,0.0013442705880910566,0.0008560764743148486,False,False,38.0,True,39.0,True,39.0,True,43.0,True
armB,19_48710247_G_A,Ast,BCAT2,1,1,0.0007794836780062875,1,1,0.0007794836780062875,1,1,0.0007794836780062875,0.0004099971397827362,False,False,60.0,True,61.0,True,61.0,True,101.0,False
armB,19_48710247_G_A,Ast,CA11,1,1,2.1348282758498066e-05,1,1,2.1348282758498066e-05,1,1,2.1348282758498066e-05,2.5315837863526536e-05,False,False,341.0,False,344.0,False,344.0,False,323.0,False
armB,19_48710247_G_A,Ast,CARD8,1,1,4.1355814719423734e-05,1,1,4.1355814719423734e-05,1,1,4.1355814719423734e-05,9.824504663222267e-05,False,False,314.0,False,317.0,False,317.0,False,250.0,False
armB,19_48710247_G_A,Ast,CYTH2,1,1,0.0005879861919014795,1,1,0.0005879861919014795,1,1,0.0005879861919014795,0.00011267360244360258,False,False,87.0,False,88.0,False,88.0,False,236.0,False
armB,19_48710247_G_A,Ast,DBP,1,1,4.7209317663443606e-05,1,1,4.7209317663443606e-05,1,1,4.7209317663443606e-05,0.00010466940285618065,False,False,308.0,False,311.0,False,311.0,False,246.0,False
armB,19_48710247_G_A,Ast,EMP3,1,1,0.0006848198213746937,1,1,0.0006848198213746937,1,1,0.0006848198213746937,0.0004725372398721728,False,False,73.0,True,74.0,False,74.0,False,82.0,False
armB,19_48710247_G_A,Ast,FTL,1,1,0.0015218872120694726,1,1,0.0015218872120694726,1,1,0.0015218872120694726,0.0015803665300584413,False,False,35.0,True,36.0,True,36.0,True,14.0,True
armB,19_48710247_G_A,Ast,GRIN2D,1,1,1.4105326096842605e-05,1,1,1.4105326096842605e-05,1,1,1.4105326096842605e-05,7.858545122651356e-06,False,False,350.0,False,353.0,False,353.0,False,359.0,False
armB,19_48710247_G_A,Ast,GYS1,1,1,0.0003107895768176272,1,1,0.0003107895768176272,1,1,0.0003107895768176272,0.0005816898552928329,False,False,154.0,False,157.0,False,157.0,False,69.0,True
armB,19_48710247_G_A,Ast,HSD17B14,1,1,0.0006099109125144164,1,1,0.0006099109125144164,1,1,0.0006099109125144164,0.0001510805151857253,False,False,85.0,False,86.0,False,86.0,False,208.0,False
armB,19_48710247_G_A,Ast,KDELR1,1,1,0.000405879985023061,1,1,0.000405879985023061,1,1,0.000405879985023061,0.0011511991478323491,False,False,130.0,False,132.0,False,132.0,False,26.0,True
armB,19_48710247_G_A,Ast,LIN7B,1,1,0.000273758195392132,1,1,0.000273758195392132,1,1,0.000273758195392132,0.0006000427408397735,False,False,179.0,False,182.0,False,182.0,False,67.0,True
armB,19_48710247_G_A,Ast,LMTK3,1,1,4.261500175821095e-07,1,1,4.261500175821095e-07,1,1,4.261500175821095e-07,6.32589242090904e-06,False,False,395.0,False,396.0,False,396.0,False,363.0,False
armB,19_48710247_G_A,Ast,MAMSTR,1,1,0.0004999844915797684,1,1,0.0004999844915797684,1,1,0.0004999844915797684,9.416673548099871e-05,False,False,109.0,False,110.0,False,110.0,False,254.0,False
armB,19_48710247_G_A,Ast,NTN5,1,1,0.00012366409272787215,1,1,0.00012366409272787215,1,1,0.00012366409272787215,9.554840942986413e-06,True,True,255.0,False,258.0,False,258.0,False,352.0,False
armB,19_48710247_G_A,Ast,NUCB1,1,1,0.00021374186288314334,1,1,0.00021374186288314334,1,1,0.00021374186288314334,0.0019591695312901614,False,False,204.0,False,207.0,False,207.0,False,8.0,True
armB,19_48710247_G_A,Ast,PLEKHA4,1,1,0.000333111261394875,1,1,0.000333111261394875,1,1,0.000333111261394875,0.0003774924612559294,False,False,144.0,False,146.0,False,146.0,False,114.0,False
armB,19_48710247_G_A,Ast,PPFIA3,1,1,3.0364369505223032e-06,1,1,3.0364369505223032e-06,1,1,3.0364369505223032e-06,2.0371356558329667e-05,False,False,380.0,False,383.0,False,383.0,False,329.0,False
armB,19_48710247_G_A,Ast,PPP1R15A,1,1,0.0005422746753599439,1,1,0.0005422746753599439,1,1,0.0005422746753599439,0.0004094093474503735,False,False,98.0,False,99.0,False,99.0,False,103.0,False
armB,19_48710247_G_A,Ast,RPL18,1,1,0.0009246097238779782,1,1,0.0009246097238779782,1,1,0.0009246097238779782,0.0009027278106379377,False,False,52.0,True,53.0,True,53.0,True,39.0,True
armB,19_48710247_G_A,Ast,RUVBL2,1,1,0.0007356068068804511,1,1,0.0007356068068804511,1,1,0.0007356068068804511,9.602865221669532e-05,False,False,65.0,True,66.0,True,66.0,True,252.0,False
armB,19_48710247_G_A,Ast,SNRNP70,1,1,0.0002212636024088166,1,1,0.0002212636024088166,1,1,0.0002212636024088166,0.001149480519915258,True,True,200.0,False,203.0,False,203.0,False,28.0,True
armB,19_48710247_G_A,Ast,SPHK2,1,1,0.00030887138450858,1,1,0.00030887138450858,1,1,0.00030887138450858,0.00015076438855821106,False,False,155.0,False,158.0,False,158.0,False,209.0,False
armB,19_48710247_G_A,Ast,TMEM143,1,1,0.00012427882580137717,1,1,0.00012427882580137717,1,1,0.00012427882580137717,0.00014503211352036305,True,True,254.0,False,257.0,False,257.0,False,214.0,False
armB,19_48710247_G_A,Ast,TRPM4,1,1,0.00016806587350387536,1,1,0.00016806587350387536,1,1,0.00016806587350387536,0.000118795684712375,False,False,235.0,False,238.0,False,238.0,False,231.0,False
armB,19_48710247_G_A,Exc,BAX,1,1,0.0003599866137614649,1,1,0.0003599866137614649,1,1,0.0003599866137614649,0.00027640193906108834,False,False,87.0,True,91.0,True,91.0,True,88.0,True
armB,19_48710247_G_A,Exc,BCAT2,1,1,0.0002193372951611594,1,1,0.0002193372951611594,1,1,0.0002193372951611594,0.00016914540605328376,False,False,145.0,True,149.0,True,149.0,True,150.0,True
armB,19_48710247_G_A,Exc,CA11,1,1,0.0003138892039398766,1,1,0.0003138892039398766,1,1,0.0003138892039398766,0.0004414777298157313,False,False,103.0,True,107.0,True,107.0,True,44.0,True
armB,19_48710247_G_A,Exc,CYTH2,1,1,0.00039957525570633035,1,1,0.00039957525570633035,1,1,0.00039957525570633035,5.9121922819316275e-05,True,False,76.0,True,80.0,True,80.0,True,254.0,False
armB,19_48710247_G_A,Exc,DBP,1,1,4.111741149309678e-05,1,1,4.111741149309678e-05,1,1,4.111741149309678e-05,1.016555750599224e-05,False,False,310.0,False,313.0,False,313.0,False,347.0,False
armB,19_48710247_G_A,Exc,FTL,1,1,0.0011396585290222028,1,1,0.0011396585290222028,1,1,0.0011396585290222028,0.0011301858539578546,False,False,25.0,True,29.0,True,29.0,True,14.0,True
armB,19_48710247_G_A,Exc,GRWD1,1,1,6.455775677455255e-05,1,1,6.455775677455255e-05,1,1,6.455775677455255e-05,5.6879421080680004e-05,True,True,286.0,False,289.0,False,289.0,False,256.0,False
armB,19_48710247_G_A,Exc,GYS1,1,1,0.00013754219235084797,1,1,0.00013754219235084797,1,1,0.00013754219235084797,5.465122236564257e-05,True,True,204.0,False,207.0,False,207.0,False,261.0,False
armB,19_48710247_G_A,Exc,HSD17B14,1,1,0.00029861424358734734,1,1,0.00029861424358734734,1,1,0.00029861424358734734,0.00024328781969440438,True,True,104.0,True,108.0,True,108.0,True,104.0,True
armB,19_48710247_G_A,Exc,KDELR1,1,1,0.0002320683429424264,1,1,0.0002320683429424264,1,1,0.0002320683429424264,0.0003774990763372177,False,False,140.0,True,144.0,True,144.0,True,52.0,True
armB,19_48710247_G_A,Exc,LIN7B,1,1,0.0004414038626225081,1,1,0.0004414038626225081,1,1,0.0004414038626225081,0.00010285868599529957,False,False,64.0,True,67.0,True,67.0,True,199.0,False
armB,19_48710247_G_A,Exc,LMTK3,1,1,0.0001629341100141124,1,1,0.0001629341100141124,1,1,0.0001629341100141124,3.0871739735205406e-05,False,False,183.0,False,186.0,False,186.0,False,302.0,False
armB,19_48710247_G_A,Exc,NUCB1,1,1,0.00020605058299383305,1,1,0.00020605058299383305,1,1,0.00020605058299383305,0.0007640667578857618,True,True,155.0,True,159.0,True,159.0,True,25.0,True
armB,19_48710247_G_A,Exc,PPFIA3,1,1,5.280423527509459e-05,1,1,5.280423527509459e-05,1,1,5.280423527509459e-05,0.00022624128536674615,True,True,300.0,False,302.0,False,302.0,False,114.0,True
armB,19_48710247_G_A,Exc,PPP1R15A,1,1,0.0009394082076445986,1,1,0.0009394082076445986,1,1,0.0009394082076445986,0.00040594349824130127,False,False,30.0,True,34.0,True,34.0,True,47.0,True
armB,19_48710247_G_A,Exc,RASIP1,1,1,0.00023855778582922843,1,1,0.00023855778582922843,1,1,0.00023855778582922843,8.453513947979246e-05,False,False,134.0,True,138.0,True,138.0,True,217.0,False
armB,19_48710247_G_A,Exc,RPL18,1,1,0.0008782599729433294,1,1,0.0008782599729433294,1,1,0.0008782599729433294,0.00045563276151616705,False,False,31.0,True,35.0,True,35.0,True,41.0,True
armB,19_48710247_G_A,Exc,RUVBL2,1,1,0.00011117807295479842,1,1,0.00011117807295479842,1,1,0.00011117807295479842,9.11154679542614e-05,False,False,236.0,False,239.0,False,239.0,False,208.0,False
armB,19_48710247_G_A,Exc,SNRNP70,1,1,0.00018823786018029587,1,1,0.00018823786018029587,1,1,0.00018823786018029587,0.0002525454395325699,False,False,168.0,True,171.0,True,171.0,True,97.0,True
armB,19_48710247_G_A,Exc,SPHK2,1,1,6.577639264399027e-05,1,1,6.577639264399027e-05,1,1,6.577639264399027e-05,0.0003841680138164105,True,True,284.0,False,287.0,False,287.0,False,49.0,True
armB,19_48710247_G_A,Exc,TMEM143,1,1,7.569001320521795e-05,1,1,7.569001320521795e-05,1,1,7.569001320521795e-05,9.170160604203559e-05,False,False,271.0,False,274.0,False,274.0,False,207.0,False
armB,19_48710247_G_A,Exc,TRPM4,1,1,0.00013432670747792752,1,1,0.00013432670747792752,1,1,0.00013432670747792752,0.00010453620490907811,True,True,206.0,False,209.0,False,209.0,False,198.0,False
armB,19_48710247_G_A,Mic,BAX,1,1,0.00046910965036484065,1,1,0.00046910965036484065,1,1,0.00046910965036484065,0.0015949674670241443,False,False,125.0,False,128.0,False,128.0,False,28.0,True
armB,19_48710247_G_A,Mic,CA11,1,1,1.7435749820935917e-05,1,1,1.7435749820935917e-05,1,1,1.7435749820935917e-05,2.599478745599071e-05,False,False,224.0,False,228.0,False,228.0,False,220.0,False
armB,19_48710247_G_A,Mic,CARD8,1,1,0.0008285074447684782,1,1,0.0008285074447684782,1,1,0.0008285074447684782,0.0003158413429459328,False,False,88.0,False,90.0,False,90.0,False,134.0,False
armB,19_48710247_G_A,Mic,FTL,1,1,0.0026095607018321587,1,1,0.0026095607018321587,1,1,0.0026095607018321587,0.0006025590465554842,False,False,38.0,True,39.0,True,39.0,True,89.0,False
armB,19_48710247_G_A,Mic,GYS1,1,1,4.859989448879887e-06,1,1,4.859989448879887e-06,1,1,4.859989448879887e-06,0.0009204721773259372,False,False,241.0,False,242.0,False,242.0,False,59.0,False
armB,19_48710247_G_A,Mic,LMTK3,1,1,1.1397892092259235e-05,1,1,1.1397892092259235e-05,1,1,1.1397892092259235e-05,9.064355783157743e-07,False,False,230.0,False,232.0,False,232.0,False,249.0,False
armB,19_48710247_G_A,Mic,NUCB1,1,1,0.0004472918972449058,1,1,0.0004472918972449058,1,1,0.0004472918972449058,0.0005287318101172556,False,False,129.0,False,132.0,False,132.0,False,101.0,False
armB,19_48710247_G_A,Mic,PPFIA3,1,1,3.7708774821417976e-06,1,1,3.7708774821417976e-06,1,1,3.7708774821417976e-06,4.9728233048156045e-06,False,False,244.0,False,244.0,False,244.0,False,239.0,False
armB,19_48710247_G_A,Mic,RPL18,1,1,0.00088246237048617,1,1,0.00088246237048617,1,1,0.00088246237048617,0.00122435244236474,False,False,84.0,False,86.0,False,86.0,False,38.0,True
armB,19_48710247_G_A,Mic,SNRNP70,1,1,0.0006038723905739118,1,1,0.0006038723905739118,1,1,0.0006038723905739118,0.0017853358572583744,False,False,110.0,False,112.0,False,112.0,False,23.0,True
armB,19_51234736_T_G,Ast,CLDND2,1,1,3.519166717250166e-05,1,1,3.519166717250166e-05,1,1,3.519166717250166e-05,4.847696332803929e-05,False,False,321.0,False,324.0,False,324.0,False,301.0,False
armB,19_51234736_T_G,Ast,CLEC11A,1,1,0.001533072571369809,1,1,0.001533072571369809,1,1,0.001533072571369809,0.0006787443709570518,False,False,34.0,True,35.0,True,35.0,True,61.0,True
armB,19_51234736_T_G,Ast,ETFB,1,1,0.0006336497052787937,1,1,0.0006336497052787937,1,1,0.0006336497052787937,0.0012890758624319876,False,False,78.0,False,79.0,False,79.0,False,22.0,True
armB,19_51234736_T_G,Ast,IGLON5,1,1,6.8102596164692705e-06,1,1,6.8102596164692705e-06,1,1,6.8102596164692705e-06,1.2606433532340745e-06,False,False,371.0,False,375.0,False,375.0,False,388.0,False
armB,19_51234736_T_G,Ast,SPACA6,1,1,5.990140936873445e-05,1,1,5.990140936873445e-05,1,1,5.990140936873445e-05,0.00020167304392212926,False,False,293.0,False,296.0,False,296.0,False,179.0,False
armB,19_51234736_T_G,Ast,ZNF175,1,1,0.00016326470285366046,1,1,0.00016326470285366046,1,1,0.00016326470285366046,8.008148938841442e-05,False,False,239.0,False,242.0,False,242.0,False,266.0,False
armB,19_51234736_T_G,Exc,CLEC11A,1,1,0.0002902174150447162,1,1,0.0002902174150447162,1,1,0.0002902174150447162,7.815140573400048e-05,True,True,107.0,True,111.0,True,111.0,True,228.0,False
armB,19_51234736_T_G,Exc,ETFB,1,1,0.00031847215203195667,1,1,0.00031847215203195667,1,1,0.00031847215203195667,0.00014339301307453312,False,False,101.0,True,105.0,True,105.0,True,165.0,True
armB,19_51234736_T_G,Exc,IGLON5,1,1,0.0001503275366292467,1,1,0.0001503275366292467,1,1,0.0001503275366292467,0.0005512828796077063,True,True,192.0,False,195.0,False,195.0,False,34.0,True
armB,19_51234736_T_G,Exc,SPACA6,1,1,0.00011349444049388313,1,1,0.00011349444049388313,1,1,0.00011349444049388313,0.00022914342203234073,False,False,234.0,False,237.0,False,237.0,False,112.0,True
armB,19_51234736_T_G,Exc,ZNF175,1,1,0.00011130996154509742,1,1,0.00011130996154509742,1,1,0.00011130996154509742,1.772863770295452e-05,True,True,235.0,False,238.0,False,238.0,False,333.0,False
armB,19_51234736_T_G,Mic,CD33,1,1,0.01153653456273096,1,1,0.01153653456273096,1,1,0.01153653456273096,0.0010713840330183189,False,False,14.0,True,15.0,True,15.0,True,44.0,True
armB,19_51234736_T_G,Mic,ETFB,1,1,0.00016013573730555564,1,1,0.00016013573730555564,1,1,0.00016013573730555564,0.000577912806606129,False,False,173.0,False,175.0,False,175.0,False,93.0,False
armB,19_51234736_T_G,Mic,FPR1,1,1,0.0040132207651679686,1,1,0.0040132207651679686,1,1,0.0040132207651679686,0.003559409496076693,True,True,27.0,True,28.0,True,28.0,True,8.0,True
armB,19_51234736_T_G,Mic,SIGLEC10,1,1,0.0011145903813181146,1,1,0.0011145903813181146,1,1,0.0011145903813181146,0.0015741229870611662,False,False,72.0,False,74.0,False,74.0,False,30.0,True
armB,19_51234736_T_G,Mic,SIGLEC8,1,1,0.0006040471425638044,1,1,0.0006040471425638044,1,1,0.0006040471425638044,0.000667856069304279,False,False,109.0,False,111.0,False,111.0,False,85.0,False
armB,19_51234736_T_G,Mic,SIGLEC9,1,1,0.0013296986194799576,1,1,0.0013296986194799576,1,1,0.0013296986194799576,0.000997624267567554,True,True,69.0,False,71.0,False,71.0,False,51.0,False
armB,19_54313903_C_A,Ast,CACNG7,1,1,1.8360091343420926e-05,1,1,1.8360091343420926e-05,1,1,1.8360091343420926e-05,8.846068013123459e-05,False,False,345.0,False,348.0,False,348.0,False,259.0,False
armB,19_54313903_C_A,Ast,CACNG8,1,1,2.8388285531607757e-06,1,1,2.8388285531607757e-06,1,1,2.8388285531607757e-06,4.917203720046157e-06,False,False,382.0,False,385.0,False,385.0,False,371.0,False
armB,19_54313903_C_A,Ast,CNOT3,1,1,0.00010916673852846837,1,1,0.00010916673852846837,1,1,0.00010916673852846837,2.475082607535095e-05,False,False,263.0,False,266.0,False,266.0,False,324.0,False
armB,19_54313903_C_A,Ast,LENG8,1,1,0.0006193157020104589,1,1,0.0006193157020104589,1,1,0.0006193157020104589,0.0001563232270709869,False,False,82.0,False,83.0,False,83.0,False,205.0,False
armB,19_54313903_C_A,Ast,LENG8-AS1,1,1,1.1355301501189685e-05,1,1,1.1355301501189685e-05,1,1,1.1355301501189685e-05,2.8107766080941177e-05,False,False,355.0,False,358.0,False,358.0,False,320.0,False
armB,19_54313903_C_A,Ast,MBOAT7,1,1,0.00029007723505092287,1,1,0.00029007723505092287,1,1,0.00029007723505092287,0.00046742076580197356,False,False,166.0,False,169.0,False,169.0,False,85.0,False
armB,19_54313903_C_A,Ast,MYADM,1,1,0.0019266057883888799,1,1,0.0019266057883888799,1,1,0.0019266057883888799,0.0017627343796556838,False,False,26.0,True,27.0,True,27.0,True,13.0,True
armB,19_54313903_C_A,Ast,NDUFA3,1,1,0.00027699757009005954,1,1,0.00027699757009005954,1,1,0.00027699757009005954,0.00021911052283302146,False,False,176.0,False,179.0,False,179.0,False,170.0,False
armB,19_54313903_C_A,Ast,PRKCG,1,1,9.548364893972308e-07,1,1,9.548364893972308e-07,1,1,9.548364893972308e-07,1.848988258396707e-06,False,False,392.0,False,394.0,False,394.0,False,385.0,False
armB,19_54313903_C_A,Ast,PRPF31,1,1,6.697863432392204e-05,1,1,6.697863432392204e-05,1,1,6.697863432392204e-05,0.0002691191550444616,False,False,289.0,False,292.0,False,292.0,False,147.0,False
armB,19_54313903_C_A,Ast,RPS9,1,1,0.0006206653330211864,1,1,0.0006206653330211864,1,1,0.0006206653330211864,0.0008924997180312921,False,False,81.0,False,82.0,False,82.0,False,41.0,True
armB,19_54313903_C_A,Ast,TFPT,1,1,1.1430225014208428e-05,1,1,1.1430225014208428e-05,1,1,1.1430225014208428e-05,0.0003221861836261164,False,False,353.0,False,356.0,False,356.0,False,131.0,False
armB,19_54313903_C_A,Ast,TSEN34,1,1,0.000512364037885793,1,1,0.000512364037885793,1,1,0.000512364037885793,0.00034002656319709335,False,False,106.0,False,107.0,False,107.0,False,123.0,False
armB,19_54313903_C_A,Ast,TTYH1,1,1,5.869811919996873e-06,1,1,5.869811919996873e-06,1,1,5.869811919996873e-06,1.168020045547646e-06,False,False,373.0,False,377.0,False,377.0,False,389.0,False
armB,19_54313903_C_A,Exc,CACNG7,1,1,3.409495942596763e-05,1,1,3.409495942596763e-05,1,1,3.409495942596763e-05,0.000530661408836397,False,False,319.0,False,321.0,False,321.0,False,36.0,True
armB,19_54313903_C_A,Exc,CACNG8,1,1,1.7033495409518595e-05,1,1,1.7033495409518595e-05,1,1,1.7033495409518595e-05,0.0001293606127871494,False,False,342.0,False,344.0,False,344.0,False,177.0,False
armB,19_54313903_C_A,Exc,CNOT3,1,1,0.00012455629857799355,1,1,0.00012455629857799355,1,1,0.00012455629857799355,0.00010625856008517065,False,False,219.0,False,222.0,False,222.0,False,196.0,False
armB,19_54313903_C_A,Exc,LENG8,1,1,0.00010672334699679542,1,1,0.00010672334699679542,1,1,0.00010672334699679542,0.00016653953897005636,False,False,239.0,False,242.0,False,242.0,False,153.0,True
armB,19_54313903_C_A,Exc,LENG8-AS1,1,1,5.27122141627534e-06,1,1,5.27122141627534e-06,1,1,5.27122141627534e-06,8.965184914550006e-05,False,False,366.0,False,367.0,False,367.0,False,210.0,False
armB,19_54313903_C_A,Exc,MBOAT7,1,1,6.946725548417909e-05,1,1,6.946725548417909e-05,1,1,6.946725548417909e-05,3.173956033464265e-05,False,False,278.0,False,281.0,False,281.0,False,299.0,False
armB,19_54313903_C_A,Exc,MYADM,1,1,0.0001949177794485779,1,1,0.0001949177794485779,1,1,0.0001949177794485779,0.0003437701239420443,False,False,164.0,True,167.0,True,167.0,True,58.0,True
armB,19_54313903_C_A,Exc,NDUFA3,1,1,0.00018510177934738525,1,1,0.00018510177934738525,1,1,0.00018510177934738525,0.0001386162913912803,True,True,174.0,True,177.0,False,177.0,False,170.0,True
armB,19_54313903_C_A,Exc,PRKCG,1,1,0.00015132957328534147,1,1,0.00015132957328534147,1,1,0.00015132957328534147,6.33097827025253e-05,True,True,191.0,False,194.0,False,194.0,False,247.0,False
armB,19_54313903_C_A,Exc,PRPF31,1,1,1.5930230409022528e-05,1,1,1.5930230409022528e-05,1,1,1.5930230409022528e-05,6.983807681704146e-05,True,True,345.0,False,347.0,False,347.0,False,237.0,False
armB,19_54313903_C_A,Exc,RPS9,1,1,0.0001994239038867196,1,1,0.0001994239038867196,1,1,0.0001994239038867196,0.0008344974184839593,True,True,160.0,True,163.0,True,163.0,True,21.0,True
armB,19_54313903_C_A,Exc,TFPT,1,1,0.00011748576540707156,1,1,0.00011748576540707156,1,1,0.00011748576540707156,7.301860442121555e-07,False,False,228.0,False,231.0,False,231.0,False,369.0,False
armB,19_54313903_C_A,Exc,TSEN34,1,1,0.00035176048349505606,1,1,0.00035176048349505606,1,1,0.00035176048349505606,2.7136687391349223e-05,False,False,91.0,True,95.0,True,95.0,True,311.0,False
armB,19_54313903_C_A,Exc,TTYH1,1,1,0.0007279649144090738,1,1,0.0007279649144090738,1,1,0.0007279649144090738,0.0008415690187059122,False,False,38.0,True,41.0,True,41.0,True,20.0,True
armB,19_54313903_C_A,Mic,CACNG8,1,1,9.949711565987538e-10,1,1,9.949711565987538e-10,1,1,9.949711565987538e-10,5.843038769555876e-07,False,False,251.0,False,251.0,False,251.0,False,250.0,False
armB,19_54313903_C_A,Mic,LAIR1,1,1,0.001428053842620125,1,1,0.001428053842620125,1,1,0.001428053842620125,0.0009687208776438805,False,False,62.0,False,64.0,False,64.0,False,54.0,False
armB,19_54313903_C_A,Mic,LENG8,1,1,0.00019366122579161926,1,1,0.00019366122579161926,1,1,0.00019366122579161926,0.0002764495810150258,False,False,164.0,False,167.0,False,167.0,False,138.0,False
armB,19_54313903_C_A,Mic,LILRB1,1,1,0.0008691823967439394,1,1,0.0008691823967439394,1,1,0.0008691823967439394,0.0008065288167762308,True,True,86.0,False,88.0,False,88.0,False,68.0,False
armB,19_54313903_C_A,Mic,LILRB4,1,1,0.0003819831869402712,1,1,0.0003819831869402712,1,1,0.0003819831869402712,0.0005318097124999976,False,False,134.0,False,137.0,False,137.0,False,100.0,False
armB,19_54313903_C_A,Mic,MBOAT7,1,1,0.0005403840355550082,1,1,0.0005403840355550082,1,1,0.0005403840355550082,0.00038746856990723444,False,False,114.0,False,116.0,False,116.0,False,125.0,False
armB,19_54313903_C_A,Mic,NDUFA3,1,1,0.00013245020979302247,1,1,0.00013245020979302247,1,1,0.00013245020979302247,0.0003438653823730764,False,False,178.0,False,180.0,False,180.0,False,130.0,False
armB,19_54313903_C_A,Mic,OSCAR,1,1,5.58442658158409e-05,1,1,5.58442658158409e-05,1,1,5.58442658158409e-05,0.0013388172637414097,False,False,206.0,False,209.0,False,209.0,False,35.0,True
armB,19_54313903_C_A,Mic,RPS9,1,1,0.0006298206404342643,1,1,0.0006298206404342643,1,1,0.0006298206404342643,0.002293237341318921,True,True,106.0,False,108.0,False,108.0,False,16.0,True
armB,19_54313903_C_A,Mic,TTYH1,1,1,1.0503117311715712e-05,1,1,1.0503117311715712e-05,1,1,1.0503117311715712e-05,3.63460455776992e-06,False,False,232.0,False,234.0,False,234.0,False,241.0,False
armB,1_207577223_T_C,Ast,CD46,1,1,0.0001303328544121074,1,1,0.0001303328544121074,1,1,0.0001303328544121074,0.0010673490962821441,True,True,253.0,False,256.0,False,256.0,False,32.0,True
armB,1_207577223_T_C,Ast,CD55,1,1,6.86597667369504e-05,1,1,6.86597667369504e-05,1,1,6.86597667369504e-05,0.00011600503351202884,False,False,286.0,False,289.0,False,289.0,False,233.0,False
armB,1_207577223_T_C,Ast,MIR29B2CHG,1,1,2.7835528688046826e-06,1,1,2.7835528688046826e-06,1,1,2.7835528688046826e-06,4.965992669863847e-06,False,False,383.0,False,386.0,False,386.0,False,370.0,False
armB,1_207577223_T_C,Ast,PFKFB2,1,1,1.8880015525368082e-05,1,1,1.8880015525368082e-05,1,1,1.8880015525368082e-05,5.038810884106654e-05,False,False,344.0,False,347.0,False,347.0,False,299.0,False
armB,1_207577223_T_C,Exc,CD46,1,1,5.944400101198788e-05,1,1,5.944400101198788e-05,1,1,5.944400101198788e-05,0.0001789308162301051,True,True,292.0,False,295.0,False,295.0,False,143.0,True
armB,1_207577223_T_C,Exc,CD55,1,1,1.3352966901095109e-05,1,1,1.3352966901095109e-05,1,1,1.3352966901095109e-05,2.157416657606881e-05,True,True,349.0,False,351.0,False,351.0,False,320.0,False
armB,1_207577223_T_C,Exc,MIR29B2CHG,1,1,1.405007031544947e-06,1,1,1.405007031544947e-06,1,1,1.405007031544947e-06,8.660802378584326e-06,False,False,371.0,False,372.0,False,372.0,False,348.0,False
armB,1_207577223_T_C,Exc,PFKFB2,1,1,8.361444145302266e-06,1,1,8.361444145302266e-06,1,1,8.361444145302266e-06,5.9590532919040484e-05,True,True,360.0,False,360.0,False,360.0,False,252.0,False
armB,1_207577223_T_C,Mic,CD46,1,1,0.0009476543385773528,1,1,0.0009476543385773528,1,1,0.0009476543385773528,7.741674924233166e-06,False,False,80.0,False,82.0,False,82.0,False,235.0,False
armB,1_207577223_T_C,Mic,CD55,1,1,0.0007050320900539031,1,1,0.0007050320900539031,1,1,0.0007050320900539031,0.0008765895237483612,False,False,98.0,False,100.0,False,100.0,False,63.0,False
armB,1_207577223_T_C,Mic,MIR29B2CHG,1,1,0.00012694076848523278,1,1,0.00012694076848523278,1,1,0.00012694076848523278,0.00010329270966315252,False,False,181.0,False,183.0,False,183.0,False,186.0,False
armB,1_207577223_T_C,Mic,PFKFB2,1,1,0.0001988231373750704,1,1,0.0001988231373750704,1,1,0.0001988231373750704,0.00013687754445060318,False,False,163.0,False,166.0,False,166.0,False,172.0,False
armB,20_56420643_C_T,Ast,CBLN4,1,1,4.934376381850441e-06,1,1,4.934376381850441e-06,1,1,4.934376381850441e-06,1.7509076030502394e-06,False,False,374.0,False,378.0,False,378.0,False,386.0,False
armB,20_56420643_C_T,Ast,CSTF1,1,1,0.0017776247000059753,1,1,0.0017776247000059753,1,1,0.0017776247000059753,0.00011997833528176738,False,False,27.0,True,28.0,True,28.0,True,229.0,False
armB,20_56420643_C_T,Ast,FAM210B,1,1,0.0009961168846180923,1,1,0.0009961168846180923,1,1,0.0009961168846180923,0.00020771453251067218,False,False,48.0,True,49.0,True,49.0,True,178.0,False
armB,20_56420643_C_T,Ast,RTF2,1,1,0.0035225756104417805,1,1,0.0035225756104417805,1,1,0.0035225756104417805,0.00025979730968173076,False,False,12.0,True,13.0,True,13.0,True,151.0,False
armB,20_56420643_C_T,Exc,CBLN4,1,1,6.5295990196775205e-06,1,1,6.5295990196775205e-06,1,1,6.5295990196775205e-06,7.410100924902779e-06,False,False,362.0,False,363.0,False,363.0,False,354.0,False
armB,20_56420643_C_T,Exc,CSTF1,1,1,0.0013245391558518727,1,1,0.0013245391558518727,1,1,0.0013245391558518727,0.0001122038152684135,False,False,23.0,True,27.0,True,27.0,True,186.0,False
armB,20_56420643_C_T,Exc,FAM210B,1,1,4.3799853790355e-05,1,1,4.3799853790355e-05,1,1,4.3799853790355e-05,6.324380505304261e-05,True,True,307.0,False,310.0,False,310.0,False,248.0,False
armB,20_56420643_C_T,Exc,RTF2,1,1,0.0005559938227571726,1,1,0.0005559938227571726,1,1,0.0005559938227571726,9.621255812697349e-05,True,True,57.0,True,60.0,True,60.0,True,203.0,False
armB,20_56420643_C_T,Mic,CASS4,1,1,0.003965908803158169,1,1,0.003965908803158169,1,1,0.003965908803158169,0.0008991982382128838,True,True,28.0,True,29.0,True,29.0,True,61.0,False
armB,20_56420643_C_T,Mic,RTF2,1,1,0.0007180964469908346,1,1,0.0007180964469908346,1,1,0.0007180964469908346,1.1857615356714035e-05,False,False,97.0,False,99.0,False,99.0,False,228.0,False
armB,21_25970679_C_T,Ast,APP,1,1,0.0029434376857553346,1,1,0.0029434376857553346,1,1,0.0029434376857553346,0.0024315594264470164,False,False,17.0,True,18.0,True,18.0,True,5.0,True
armB,21_25970679_C_T,Ast,ATP5PF,1,1,0.0002940698980009593,1,1,0.0002940698980009593,1,1,0.0002940698980009593,0.0010753338073219432,False,False,163.0,False,166.0,False,166.0,False,31.0,True
armB,21_25970679_C_T,Ast,GABPA,1,1,6.561256397474846e-06,1,1,6.561256397474846e-06,1,1,6.561256397474846e-06,0.00010062888699918782,False,False,372.0,False,376.0,False,376.0,False,247.0,False
armB,21_25970679_C_T,Ast,JAM2,1,1,0.00011402396039552481,1,1,0.00011402396039552481,1,1,0.00011402396039552481,1.6387676974059795e-05,False,False,259.0,False,262.0,False,262.0,False,334.0,False
armB,21_25970679_C_T,Ast,MRPL39,1,1,0.00022273782957105137,1,1,0.00022273782957105137,1,1,0.00022273782957105137,5.8246800711314606e-05,False,False,199.0,False,202.0,False,202.0,False,284.0,False
armB,21_25970679_C_T,Exc,APP,1,1,0.0017923763268592463,1,1,0.0017923763268592463,1,1,0.0017923763268592463,0.0014193161662592324,False,False,15.0,True,19.0,True,19.0,True,5.0,True
armB,21_25970679_C_T,Exc,ATP5PF,1,1,0.0009978020464469495,1,1,0.0009978020464469495,1,1,0.0009978020464469495,3.811370962036875e-05,False,False,29.0,True,33.0,True,33.0,True,285.0,False
armB,21_25970679_C_T,Exc,GABPA,1,1,0.00011823095576429798,1,1,0.00011823095576429798,1,1,0.00011823095576429798,8.026378479075724e-06,False,False,227.0,False,230.0,False,230.0,False,350.0,False
armB,21_25970679_C_T,Exc,JAM2,1,1,6.0056786764434156e-05,1,1,6.0056786764434156e-05,1,1,6.0056786764434156e-05,5.245478899051914e-05,True,True,291.0,False,294.0,False,294.0,False,265.0,False
armB,21_25970679_C_T,Exc,MRPL39,1,1,0.0001665240028259074,1,1,0.0001665240028259074,1,1,0.0001665240028259074,6.526658896427451e-05,True,True,182.0,False,185.0,False,185.0,False,240.0,False
armB,21_25970679_C_T,Mic,APP,1,1,0.010472178245677366,1,1,0.010472178245677366,1,1,0.010472178245677366,0.0019266809176050614,False,False,15.0,True,16.0,True,16.0,True,21.0,True
armB,21_25970679_C_T,Mic,ATP5PF,1,1,0.0003794476306007155,1,1,0.0003794476306007155,1,1,0.0003794476306007155,0.002023849313425252,False,False,135.0,False,138.0,False,138.0,False,19.0,True
armB,21_25970679_C_T,Mic,GABPA,1,1,2.0181235168059697e-05,1,1,2.0181235168059697e-05,1,1,2.0181235168059697e-05,4.628508202991766e-05,False,False,223.0,False,227.0,False,227.0,False,208.0,False
armB,21_25970679_C_T,Mic,JAM2,1,1,4.225300867094148e-05,1,1,4.225300867094148e-05,1,1,4.225300867094148e-05,1.3076904788012628e-05,False,False,215.0,False,218.0,False,218.0,False,226.0,False
armB,21_26148613_G_T,Ast,APP,1,1,0.01026939131339022,1,1,0.01026939131339022,1,1,0.01026939131339022,0.0014404619550134612,False,False,5.0,True,5.0,True,5.0,True,17.0,True
armB,21_26148613_G_T,Ast,ATP5PF,1,1,0.00019404257781219236,1,1,0.00019404257781219236,1,1,0.00019404257781219236,0.001397865245054808,False,False,223.0,False,226.0,False,226.0,False,19.0,True
armB,21_26148613_G_T,Ast,GABPA,1,1,1.36701748156276e-05,1,1,1.36701748156276e-05,1,1,1.36701748156276e-05,0.0003080633415531997,False,False,352.0,False,355.0,False,355.0,False,134.0,False
armB,21_26148613_G_T,Ast,JAM2,1,1,0.00019909784832725097,1,1,0.00019909784832725097,1,1,0.00019909784832725097,0.00010841342609725635,False,False,216.0,False,219.0,False,219.0,False,240.0,False
armB,21_26148613_G_T,Exc,APP,1,1,0.004516184696005121,1,1,0.004516184696005121,1,1,0.004516184696005121,0.0010951856694367823,False,False,8.0,True,11.0,True,11.0,True,15.0,True
armB,21_26148613_G_T,Exc,ATP5PF,1,1,0.00041765008912608703,1,1,0.00041765008912608703,1,1,0.00041765008912608703,0.00048758613880306445,False,False,68.0,True,71.0,True,71.0,True,40.0,True
armB,21_26148613_G_T,Exc,CYYR1-AS1,1,1,2.8671717841792163e-05,1,1,2.8671717841792163e-05,1,1,2.8671717841792163e-05,2.0821486895791774e-05,True,True,327.0,False,329.0,False,329.0,False,323.0,False
armB,21_26148613_G_T,Exc,GABPA,1,1,3.079255653179458e-05,1,1,3.079255653179458e-05,1,1,3.079255653179458e-05,1.4554251599269152e-05,False,False,324.0,False,326.0,False,326.0,False,340.0,False
armB,21_26148613_G_T,Exc,JAM2,1,1,3.353644777220888e-05,1,1,3.353644777220888e-05,1,1,3.353644777220888e-05,0.00013328954272828764,True,True,321.0,False,323.0,False,323.0,False,176.0,False
armB,21_26148613_G_T,Mic,APP,1,1,0.01498842276209178,1,1,0.01498842276209178,1,1,0.01498842276209178,0.0009204100442892216,False,False,10.0,True,11.0,True,11.0,True,60.0,False
armB,21_26148613_G_T,Mic,ATP5PF,1,1,0.000950098281247147,1,1,0.000950098281247147,1,1,0.000950098281247147,0.0010556028179942167,False,False,79.0,False,81.0,False,81.0,False,45.0,False
armB,21_26148613_G_T,Mic,GABPA,1,1,0.00019162526820282189,1,1,0.00019162526820282189,1,1,0.00019162526820282189,0.0002736496616953521,False,False,165.0,False,168.0,False,168.0,False,139.0,False
armB,21_26148613_G_T,Mic,JAM2,1,1,3.8775326597772705e-05,1,1,3.8775326597772705e-05,1,1,3.8775326597772705e-05,1.9709312756435032e-05,False,False,217.0,False,220.0,False,220.0,False,222.0,False
armB,2_127133851_A_C,Ast,BIN1,1,1,0.0002822198235821194,1,1,0.0002822198235821194,1,1,0.0002822198235821194,0.0005308467448892351,False,False,172.0,False,175.0,False,175.0,False,74.0,False
armB,2_127133851_A_C,Ast,ERCC3,1,1,0.00019527158327070637,1,1,0.00019527158327070637,1,1,0.00019527158327070637,0.00047031577860812135,False,False,220.0,False,223.0,False,223.0,False,84.0,False
armB,2_127133851_A_C,Ast,IWS1,1,1,0.0005644215382792916,1,1,0.0005644215382792916,1,1,0.0005644215382792916,0.0002190279659851635,False,False,92.0,False,93.0,False,93.0,False,171.0,False
armB,2_127133851_A_C,Ast,MAP3K2,1,1,0.00011226690542892603,1,1,0.00011226690542892603,1,1,0.00011226690542892603,0.00011322771396177211,True,True,261.0,False,264.0,False,264.0,False,235.0,False
armB,2_127133851_A_C,Exc,BIN1,1,1,4.590952193739284e-06,1,1,4.590952193739284e-06,1,1,4.590952193739284e-06,0.0003052286169573648,True,True,367.0,False,368.0,False,368.0,False,71.0,True
armB,2_127133851_A_C,Exc,ERCC3,1,1,5.261699371794659e-05,1,1,5.261699371794659e-05,1,1,5.261699371794659e-05,0.00012286834911634514,False,False,301.0,False,303.0,False,303.0,False,180.0,False
armB,2_127133851_A_C,Exc,IWS1,1,1,0.00041032422197573304,1,1,0.00041032422197573304,1,1,0.00041032422197573304,2.555254709324384e-06,False,False,70.0,True,73.0,True,73.0,True,364.0,False
armB,2_127133851_A_C,Exc,MAP3K2,1,1,0.00012851168156591264,1,1,0.00012851168156591264,1,1,0.00012851168156591264,5.557209717629852e-05,True,True,214.0,False,217.0,False,217.0,False,259.0,False
armB,2_127133851_A_C,Mic,BIN1,1,1,0.007365953686353288,1,1,0.007365953686353288,1,1,0.007365953686353288,0.001720264067512911,True,True,19.0,True,20.0,True,20.0,True,27.0,True
armB,2_127133851_A_C,Mic,ERCC3,1,1,0.0002809050586708439,1,1,0.0002809050586708439,1,1,0.0002809050586708439,0.00047183759854219076,False,False,150.0,False,153.0,False,153.0,False,113.0,False
armB,2_127133851_A_C,Mic,GYPC,1,1,0.0001362148068972946,1,1,0.0001362148068972946,1,1,0.0001362148068972946,0.00018866382977389407,False,False,177.0,False,179.0,False,179.0,False,159.0,False
armB,2_127133851_A_C,Mic,IWS1,1,1,0.0008074043611694393,1,1,0.0008074043611694393,1,1,0.0008074043611694393,0.00048308895258741824,False,False,90.0,False,92.0,False,92.0,False,109.0,False
armB,2_127133851_A_C,Mic,MAP3K2,1,1,0.0001699608883908299,1,1,0.0001699608883908299,1,1,0.0001699608883908299,0.00014207397978682756,False,False,170.0,False,172.0,False,172.0,False,171.0,False
armB,2_233173931_A_C,Ast,ATG16L1,1,1,0.00035184996327985996,1,1,0.00035184996327985996,1,1,0.00035184996327985996,0.00019055471802459367,False,False,139.0,False,141.0,False,141.0,False,184.0,False
armB,2_233173931_A_C,Ast,DGKD,1,1,0.00015205152621908247,1,1,0.00015205152621908247,1,1,0.00015205152621908247,5.622197916563265e-05,False,False,243.0,False,246.0,False,246.0,False,289.0,False
armB,2_233173931_A_C,Ast,GIGYF2,1,1,0.00019428539055266203,1,1,0.00019428539055266203,1,1,0.00019428539055266203,0.00026901536679951876,False,False,222.0,False,225.0,False,225.0,False,148.0,False
armB,2_233173931_A_C,Ast,INPP5D,1,1,0.00027325122785985985,1,1,0.00027325122785985985,1,1,0.00027325122785985985,2.7526169241535656e-05,True,True,180.0,False,183.0,False,183.0,False,322.0,False
armB,2_233173931_A_C,Ast,NGEF,1,1,5.484202477479966e-05,1,1,5.484202477479966e-05,1,1,5.484202477479966e-05,6.440201186098948e-06,False,False,296.0,False,299.0,False,299.0,False,362.0,False
armB,2_233173931_A_C,Ast,SNORC,1,1,1.9190567279266622e-05,1,1,1.9190567279266622e-05,1,1,1.9190567279266622e-05,2.224514967864681e-06,True,True,343.0,False,346.0,False,346.0,False,384.0,False
armB,2_233173931_A_C,Ast,USP40,1,1,0.0002100799910236817,1,1,0.0002100799910236817,1,1,0.0002100799910236817,7.692870068859436e-05,True,True,209.0,False,212.0,False,212.0,False,270.0,False
armB,2_233173931_A_C,Exc,ATG16L1,1,1,7.905701195598525e-05,1,1,7.905701195598525e-05,1,1,7.905701195598525e-05,0.0001930185880229529,False,False,267.0,False,270.0,False,270.0,False,133.0,True
armB,2_233173931_A_C,Exc,DGKD,1,1,7.215417720157768e-05,1,1,7.215417720157768e-05,1,1,7.215417720157768e-05,3.8815072683773266e-07,True,True,275.0,False,278.0,False,278.0,False,371.0,False
armB,2_233173931_A_C,Exc,GIGYF2,1,1,0.0001031845373303808,1,1,0.0001031845373303808,1,1,0.0001031845373303808,0.00023299407616866885,True,True,243.0,False,246.0,False,246.0,False,111.0,True
armB,2_233173931_A_C,Exc,NGEF,1,1,0.00010647201031123432,1,1,0.00010647201031123432,1,1,0.00010647201031123432,4.058109248897268e-05,True,True,240.0,False,243.0,False,243.0,False,283.0,False
armB,2_233173931_A_C,Exc,SNORC,1,1,3.873316706982412e-05,1,1,3.873316706982412e-05,1,1,3.873316706982412e-05,2.1394438362500046e-05,True,True,316.0,False,319.0,False,319.0,False,321.0,False
armB,2_233173931_A_C,Exc,USP40,1,1,9.888760458154344e-06,1,1,9.888760458154344e-06,1,1,9.888760458154344e-06,8.551795743511059e-05,True,True,357.0,False,357.0,False,357.0,False,214.0,False
armB,2_233173931_A_C,Mic,ATG16L1,1,1,6.354904291250296e-05,1,1,6.354904291250296e-05,1,1,6.354904291250296e-05,4.276372977052301e-05,False,False,201.0,False,204.0,False,204.0,False,212.0,False
armB,2_233173931_A_C,Mic,DGKD,1,1,0.0005076997168760866,1,1,0.0005076997168760866,1,1,0.0005076997168760866,0.00036214127974149024,False,False,118.0,False,120.0,False,120.0,False,128.0,False
armB,2_233173931_A_C,Mic,GIGYF2,1,1,0.00016201354560230197,1,1,0.00016201354560230197,1,1,0.00016201354560230197,7.612487407504531e-05,False,False,172.0,False,174.0,False,174.0,False,197.0,False
armB,2_233173931_A_C,Mic,INPP5D,1,1,0.006752843556649735,1,1,0.006752843556649735,1,1,0.006752843556649735,0.0011346857483924833,True,True,22.0,True,23.0,True,23.0,True,41.0,True
armB,2_233173931_A_C,Mic,NGEF,1,1,6.658735767774929e-06,1,1,6.658735767774929e-06,1,1,6.658735767774929e-06,1.5729502486317663e-06,False,False,236.0,False,238.0,False,238.0,False,247.0,False
armB,2_233173931_A_C,Mic,USP40,1,1,0.0001626693611221086,1,1,0.0001626693611221086,1,1,0.0001626693611221086,0.00010212613094914835,True,True,171.0,False,173.0,False,173.0,False,187.0,False
armB,4_11013198_A_G,Exc,HS3ST1,1,1,2.6302688827729848e-05,1,1,2.6302688827729848e-05,1,1,2.6302688827729848e-05,3.1950620827997725e-05,False,False,332.0,False,335.0,False,335.0,False,298.0,False
armB,5_157099320_A_G,Ast,CYFIP2,1,1,7.994029543716141e-05,1,1,7.994029543716141e-05,1,1,7.994029543716141e-05,0.0001720997346816161,False,False,278.0,False,282.0,False,282.0,False,198.0,False
armB,5_157099320_A_G,Ast,HAVCR2,1,1,7.641811911201796e-05,1,1,7.641811911201796e-05,1,1,7.641811911201796e-05,1.5856799546875612e-05,False,False,279.0,False,283.0,False,283.0,False,337.0,False
armB,5_157099320_A_G,Ast,MED7,1,1,0.00029460730986025085,1,1,0.00029460730986025085,1,1,0.00029460730986025085,6.957157786383061e-05,False,False,161.0,False,164.0,False,164.0,False,276.0,False
armB,5_157099320_A_G,Exc,ADAM19,1,1,0.00027425514599432876,1,1,0.00027425514599432876,1,1,0.00027425514599432876,6.460047685968862e-05,True,True,114.0,True,118.0,True,118.0,True,243.0,False
armB,5_157099320_A_G,Exc,CYFIP2,1,1,0.00021479599497897794,1,1,0.00021479599497897794,1,1,0.00021479599497897794,0.0008429525154313167,True,True,147.0,True,151.0,True,151.0,True,19.0,True
armB,5_157099320_A_G,Exc,FNDC9,1,1,9.275360030644442e-05,1,1,9.275360030644442e-05,1,1,9.275360030644442e-05,1.947777379186083e-05,False,False,250.0,False,253.0,False,253.0,False,326.0,False
armB,5_157099320_A_G,Exc,HAVCR2,1,1,0.0002076149012280276,1,1,0.0002076149012280276,1,1,0.0002076149012280276,5.673677288476481e-06,True,True,152.0,True,156.0,True,156.0,True,357.0,False
armB,5_157099320_A_G,Exc,MED7,1,1,0.0003779385737965185,1,1,0.0003779385737965185,1,1,0.0003779385737965185,5.618996360093331e-05,False,False,81.0,True,85.0,True,85.0,True,258.0,False
armB,5_157099320_A_G,Mic,CYFIP2,1,1,0.0014024841352018314,1,1,0.0014024841352018314,1,1,0.0014024841352018314,0.0007330975345218871,False,False,63.0,False,65.0,False,65.0,False,76.0,False
armB,5_157099320_A_G,Mic,HAVCR2,1,1,0.0036742614436207077,1,1,0.0036742614436207077,1,1,0.0036742614436207077,0.000482729422619288,False,False,29.0,True,30.0,True,30.0,True,111.0,False
armB,6_32616036_G_A,Ast,AGPAT1,1,1,0.0007704900372036416,1,1,0.0007704900372036416,1,1,0.0007704900372036416,0.0007661890379033753,False,False,62.0,True,63.0,True,63.0,True,51.0,True
armB,6_32616036_G_A,Ast,ATF6B,1,1,0.0003440327916592878,1,1,0.0003440327916592878,1,1,0.0003440327916592878,0.0002135375374754389,False,False,140.0,False,142.0,False,142.0,False,174.0,False
armB,6_32616036_G_A,Ast,BRD2,1,1,0.00028035887401622883,1,1,0.00028035887401622883,1,1,0.00028035887401622883,9.142990465815792e-05,False,False,173.0,False,176.0,False,176.0,False,255.0,False
armB,6_32616036_G_A,Ast,EGFL8,1,1,0.00034398892325362973,1,1,0.00034398892325362973,1,1,0.00034398892325362973,0.0003858905746512986,False,False,141.0,False,143.0,False,143.0,False,109.0,False
armB,6_32616036_G_A,Ast,HLA-DMA,1,1,0.0002519714349832197,1,1,0.0002519714349832197,1,1,0.0002519714349832197,0.00022701053412534783,False,False,189.0,False,192.0,False,192.0,False,165.0,False
armB,6_32616036_G_A,Ast,HLA-DRA,1,1,8.244949973797893e-06,1,1,8.244949973797893e-06,1,1,8.244949973797893e-06,8.444867247249955e-06,False,False,366.0,False,370.0,False,370.0,False,356.0,False
armB,6_32616036_G_A,Ast,PBX2,1,1,0.0007106452641625349,1,1,0.0007106452641625349,1,1,0.0007106452641625349,0.0003145518395751834,False,False,68.0,True,69.0,True,69.0,True,132.0,False
armB,6_32616036_G_A,Ast,PPT2,1,1,0.00029096432405711914,1,1,0.00029096432405711914,1,1,0.00029096432405711914,0.0006351883002895797,False,False,165.0,False,168.0,False,168.0,False,64.0,True
armB,6_32616036_G_A,Ast,PRRT1,1,1,2.828631940827303e-05,1,1,2.828631940827303e-05,1,1,2.828631940827303e-05,3.9709200895955005e-06,False,False,326.0,False,329.0,False,329.0,False,377.0,False
armB,6_32616036_G_A,Ast,PSMB9,1,1,0.0006833343538856784,1,1,0.0006833343538856784,1,1,0.0006833343538856784,0.000641247981687243,False,False,74.0,False,75.0,False,75.0,False,63.0,True
armB,6_32616036_G_A,Ast,RNF5,1,1,0.0001975578811740375,1,1,0.0001975578811740375,1,1,0.0001975578811740375,6.962640739593962e-05,False,False,217.0,False,220.0,False,220.0,False,275.0,False
armB,6_32616036_G_A,Ast,TAP1,1,1,1.0678318258183772e-05,1,1,1.0678318258183772e-05,1,1,1.0678318258183772e-05,0.0002133884924866436,False,False,359.0,False,363.0,False,363.0,False,175.0,False
armB,6_32616036_G_A,Ast,TAP2,1,1,0.0002526138900180719,1,1,0.0002526138900180719,1,1,0.0002526138900180719,0.00010742593830515013,False,False,188.0,False,191.0,False,191.0,False,241.0,False
armB,6_32616036_G_A,Ast,TSBP1-AS1,1,1,1.6965345235043757e-06,1,1,1.6965345235043757e-06,1,1,1.6965345235043757e-06,7.950221442025365e-07,False,False,386.0,False,389.0,False,389.0,False,391.0,False
armB,6_32616036_G_A,Exc,AGPAT1,1,1,0.0002135381074910292,1,1,0.0002135381074910292,1,1,0.0002135381074910292,2.344543272070343e-05,False,False,149.0,True,153.0,True,153.0,True,318.0,False
armB,6_32616036_G_A,Exc,ATF6B,1,1,0.00012280193141644968,1,1,0.00012280193141644968,1,1,0.00012280193141644968,6.160165023860742e-06,False,False,223.0,False,226.0,False,226.0,False,356.0,False
armB,6_32616036_G_A,Exc,BRD2,1,1,0.00023988358001492127,1,1,0.00023988358001492127,1,1,0.00023988358001492127,0.0005817843258753008,False,False,131.0,True,135.0,True,135.0,True,30.0,True
armB,6_32616036_G_A,Exc,PBX2,1,1,0.00059893532002675,1,1,0.00059893532002675,1,1,0.00059893532002675,0.0003204122096119866,False,False,51.0,True,54.0,True,54.0,True,66.0,True
armB,6_32616036_G_A,Exc,PPT2,1,1,0.00012372910901847778,1,1,0.00012372910901847778,1,1,0.00012372910901847778,0.00023753999881315213,False,False,220.0,False,223.0,False,223.0,False,107.0,True
armB,6_32616036_G_A,Exc,PRRT1,1,1,9.27861790218365e-05,1,1,9.27861790218365e-05,1,1,9.27861790218365e-05,0.0002722035236478182,False,False,249.0,False,252.0,False,252.0,False,90.0,True
armB,6_32616036_G_A,Exc,RNF5,1,1,0.0007233612078325624,1,1,0.0007233612078325624,1,1,0.0007233612078325624,0.0003540554142965613,False,False,40.0,True,43.0,True,43.0,True,56.0,True
armB,6_32616036_G_A,Exc,TAP2,1,1,0.0001881748652654905,1,1,0.0001881748652654905,1,1,0.0001881748652654905,0.00010647818513488672,False,False,169.0,True,172.0,True,172.0,True,195.0,False
armB,6_32616036_G_A,Exc,TSBP1,1,1,1.3451328098212055e-05,1,1,1.3451328098212055e-05,1,1,1.3451328098212055e-05,6.280557592504288e-07,False,False,348.0,False,350.0,False,350.0,False,370.0,False
armB,6_32616036_G_A,Exc,TSBP1-AS1,1,1,3.0402464401606266e-05,1,1,3.0402464401606266e-05,1,1,3.0402464401606266e-05,6.740722758363446e-06,False,False,326.0,False,328.0,False,328.0,False,355.0,False
armB,6_32616036_G_A,Mic,AGPAT1,1,1,0.0010001183425584204,1,1,0.0010001183425584204,1,1,0.0010001183425584204,0.0007780396464259764,False,False,77.0,False,79.0,False,79.0,False,72.0,False
armB,6_32616036_G_A,Mic,ATF6B,1,1,0.0005468596797275627,1,1,0.0005468596797275627,1,1,0.0005468596797275627,0.0007590045801627587,False,False,112.0,False,114.0,False,114.0,False,73.0,False
armB,6_32616036_G_A,Mic,BRD2,1,1,1.2680351561766834e-05,1,1,1.2680351561766834e-05,1,1,1.2680351561766834e-05,0.0002478994245527222,False,False,229.0,False,231.0,False,231.0,False,144.0,False
armB,6_32616036_G_A,Mic,HLA-DMA,1,1,0.0028987689327450994,1,1,0.0028987689327450994,1,1,0.0028987689327450994,0.0028180795225454247,False,False,36.0,True,37.0,True,37.0,True,14.0,True
armB,6_32616036_G_A,Mic,HLA-DMB,1,1,0.00035615502597341475,1,1,0.00035615502597341475,1,1,0.00035615502597341475,0.0010426154417300104,False,False,137.0,False,140.0,False,140.0,False,47.0,False
armB,6_32616036_G_A,Mic,HLA-DPA1,1,1,0.0015963753125829427,1,1,0.0015963753125829427,1,1,0.0015963753125829427,0.0017419394098365792,False,False,59.0,False,61.0,False,61.0,False,26.0,True
armB,6_32616036_G_A,Mic,HLA-DPB1,1,1,0.001390741316435129,1,1,0.001390741316435129,1,1,0.001390741316435129,0.000813078068885309,False,False,64.0,False,66.0,False,66.0,False,67.0,False
armB,6_32616036_G_A,Mic,HLA-DQA1,1,1,0.0033236228184212457,1,1,0.0033236228184212457,1,1,0.0033236228184212457,0.0009644092704081952,False,False,34.0,True,35.0,True,35.0,True,55.0,False
armB,6_32616036_G_A,Mic,HLA-DQB1,1,1,0.0024574913274379995,1,1,0.0024574913274379995,1,1,0.0024574913274379995,0.00010787002271950286,False,False,39.0,True,40.0,True,40.0,True,185.0,False
armB,6_32616036_G_A,Mic,HLA-DRA,1,1,0.0008393967975699468,1,1,0.0008393967975699468,1,1,0.0008393967975699468,0.0001853606501929228,False,False,87.0,False,89.0,False,89.0,False,160.0,False
armB,6_32616036_G_A,Mic,HLA-DRB1,1,1,0.002203826585128077,1,1,0.002203826585128077,1,1,0.002203826585128077,0.001772820136561215,False,False,44.0,True,46.0,False,46.0,False,25.0,True
armB,6_32616036_G_A,Mic,PBX2,1,1,0.0009183045345576568,1,1,0.0009183045345576568,1,1,0.0009183045345576568,0.0008626242107040438,False,False,83.0,False,85.0,False,85.0,False,64.0,False
armB,6_32616036_G_A,Mic,PRRT1,1,1,4.0514660239736756e-06,1,1,4.0514660239736756e-06,1,1,4.0514660239736756e-06,2.305359498493988e-06,False,False,243.0,False,243.0,False,243.0,False,245.0,False
armB,6_32616036_G_A,Mic,TAP2,1,1,0.0023710666552355653,1,1,0.0023710666552355653,1,1,0.0023710666552355653,0.0013851894352014948,False,False,41.0,True,43.0,True,43.0,True,33.0,True
armB,6_47584444_A_T,Ast,CD2AP,1,1,0.0015742390422374686,1,1,0.0015742390422374686,1,1,0.0015742390422374686,0.00034549998365676626,False,False,31.0,True,32.0,True,32.0,True,122.0,False
armB,6_47584444_A_T,Ast,TNFRSF21,1,1,0.000945321044767411,1,1,0.000945321044767411,1,1,0.000945321044767411,0.00014851146893907208,False,False,50.0,True,51.0,True,51.0,True,211.0,False
armB,6_47584444_A_T,Exc,CD2AP,1,1,2.6625420887521623e-05,1,1,2.6625420887521623e-05,1,1,2.6625420887521623e-05,6.25422371771378e-05,True,True,330.0,False,333.0,False,333.0,False,249.0,False
armB,6_47584444_A_T,Exc,TNFRSF21,1,1,0.00015616483529579117,1,1,0.00015616483529579117,1,1,0.00015616483529579117,0.00025422318356072005,False,False,188.0,False,191.0,False,191.0,False,96.0,True
armB,6_47584444_A_T,Mic,CD2AP,1,1,0.013067048385894287,1,1,0.013067048385894287,1,1,0.013067048385894287,0.00022907369995994742,True,True,12.0,True,13.0,True,13.0,True,151.0,False
armB,7_100334426_C_T,Ast,ACTL6B,1,1,8.34165156277935e-08,1,1,8.34165156277935e-08,1,1,8.34165156277935e-08,3.24637655983834e-07,False,False,399.0,False,399.0,False,399.0,False,394.0,False
armB,7_100334426_C_T,Ast,AGFG2,1,1,4.7722608718409054e-05,1,1,4.7722608718409054e-05,1,1,4.7722608718409054e-05,0.0001266978249004902,False,False,306.0,False,309.0,False,309.0,False,223.0,False
armB,7_100334426_C_T,Ast,AP4M1,1,1,0.00018095147779087495,1,1,0.00018095147779087495,1,1,0.00018095147779087495,1.2157824045178067e-05,False,False,228.0,False,231.0,False,231.0,False,345.0,False
armB,7_100334426_C_T,Ast,C7orf61,1,1,1.0579793066723547e-05,1,1,1.0579793066723547e-05,1,1,1.0579793066723547e-05,1.5105776984877112e-06,False,False,360.0,False,364.0,False,364.0,False,387.0,False
armB,7_100334426_C_T,Ast,CASTOR3,1,1,0.00233977827171597,1,1,0.00233977827171597,1,1,0.00233977827171597,5.728492768311555e-05,True,True,22.0,True,23.0,True,23.0,True,287.0,False
armB,7_100334426_C_T,Ast,CNPY4,1,1,0.00010533229923637144,1,1,0.00010533229923637144,1,1,0.00010533229923637144,0.00018284817539349074,False,False,266.0,False,269.0,False,269.0,False,189.0,False
armB,7_100334426_C_T,Ast,COPS6,1,1,0.0009631634316813464,1,1,0.0009631634316813464,1,1,0.0009631634316813464,0.0008032552038306218,False,False,49.0,True,50.0,True,50.0,True,47.0,True
armB,7_100334426_C_T,Ast,GIGYF1,1,1,2.3377123684609202e-05,1,1,2.3377123684609202e-05,1,1,2.3377123684609202e-05,1.4866979071936903e-05,False,False,339.0,False,342.0,False,342.0,False,341.0,False
armB,7_100334426_C_T,Ast,GNB2,1,1,0.001561807184776276,1,1,0.001561807184776276,1,1,0.001561807184776276,0.0008336385747882424,False,False,32.0,True,33.0,True,33.0,True,44.0,True
armB,7_100334426_C_T,Ast,LAMTOR4,1,1,0.000546943572857117,1,1,0.000546943572857117,1,1,0.000546943572857117,0.0003011646651847055,False,False,97.0,False,98.0,False,98.0,False,137.0,False
armB,7_100334426_C_T,Ast,LRCH4,1,1,0.00037211903695266724,1,1,0.00037211903695266724,1,1,0.00037211903695266724,0.00021403580020457058,False,False,136.0,False,138.0,False,138.0,False,172.0,False
armB,7_100334426_C_T,Ast,MCM7,1,1,0.00047962215221697413,1,1,0.00047962215221697413,1,1,0.00047962215221697413,0.0008144434171346582,False,False,113.0,False,115.0,False,115.0,False,46.0,True
armB,7_100334426_C_T,Ast,MEPCE,1,1,0.0005012733999828489,1,1,0.0005012733999828489,1,1,0.0005012733999828489,0.0008240455803776303,False,False,108.0,False,109.0,False,109.0,False,45.0,True
armB,7_100334426_C_T,Ast,MOSPD3,1,1,0.0005349422395112269,1,1,0.0005349422395112269,1,1,0.0005349422395112269,0.00010008619063811564,False,False,101.0,False,102.0,False,102.0,False,248.0,False
armB,7_100334426_C_T,Ast,NYAP1,1,1,0.00032459810911706494,1,1,0.00032459810911706494,1,1,0.00032459810911706494,7.661021404113677e-05,False,False,148.0,False,150.0,False,150.0,False,273.0,False
armB,7_100334426_C_T,Ast,PCOLCE,1,1,0.0004724194909455637,1,1,0.0004724194909455637,1,1,0.0004724194909455637,0.00043054686506605044,False,False,115.0,False,117.0,False,117.0,False,92.0,False
armB,7_100334426_C_T,Ast,PILRA,1,1,8.000191237309646e-05,1,1,8.000191237309646e-05,1,1,8.000191237309646e-05,6.90324157870837e-06,True,True,277.0,False,281.0,False,281.0,False,360.0,False
armB,7_100334426_C_T,Ast,PILRB,1,1,0.0006307057586422693,1,1,0.0006307057586422693,1,1,0.0006307057586422693,0.0005623696612376272,True,True,79.0,False,80.0,False,80.0,False,71.0,True
armB,7_100334426_C_T,Ast,POP7,1,1,0.0008158941989619972,1,1,0.0008158941989619972,1,1,0.0008158941989619972,0.0001250396847021218,False,False,56.0,True,57.0,True,57.0,True,224.0,False
armB,7_100334426_C_T,Ast,PPP1R35,1,1,0.00044015384046480754,1,1,0.00044015384046480754,1,1,0.00044015384046480754,0.00030425706567355215,False,False,124.0,False,126.0,False,126.0,False,136.0,False
armB,7_100334426_C_T,Ast,SAP25,1,1,9.641397970574367e-06,1,1,9.641397970574367e-06,1,1,9.641397970574367e-06,4.74644063632422e-06,True,True,362.0,False,366.0,False,366.0,False,372.0,False
armB,7_100334426_C_T,Ast,SPDYE3,1,1,5.390933215395754e-05,1,1,5.390933215395754e-05,1,1,5.390933215395754e-05,4.301380714452109e-06,False,False,298.0,False,301.0,False,301.0,False,375.0,False
armB,7_100334426_C_T,Ast,STAG3,1,1,5.519444935119314e-05,1,1,5.519444935119314e-05,1,1,5.519444935119314e-05,1.7816478528262514e-07,True,True,295.0,False,298.0,False,298.0,False,395.0,False
armB,7_100334426_C_T,Ast,TAF6,1,1,0.0005672057324408453,1,1,0.0005672057324408453,1,1,0.0005672057324408453,3.858601526118832e-05,False,False,91.0,False,92.0,False,92.0,False,306.0,False
armB,7_100334426_C_T,Ast,TRIM4,1,1,3.886956728849089e-05,1,1,3.886956728849089e-05,1,1,3.886956728849089e-05,2.8160338770788496e-05,True,True,317.0,False,320.0,False,320.0,False,319.0,False
armB,7_100334426_C_T,Ast,TSC22D4,1,1,0.0020632456471201266,1,1,0.0020632456471201266,1,1,0.0020632456471201266,0.00035704889151078056,False,False,25.0,True,26.0,True,26.0,True,119.0,False
armB,7_100334426_C_T,Ast,ZCWPW1,1,1,6.929604837207365e-05,1,1,6.929604837207365e-05,1,1,6.929604837207365e-05,4.312855497633911e-06,True,True,285.0,False,288.0,False,288.0,False,374.0,False
armB,7_100334426_C_T,Ast,ZKSCAN1,1,1,9.989920535363739e-05,1,1,9.989920535363739e-05,1,1,9.989920535363739e-05,0.00016002352852656498,True,True,269.0,False,272.0,False,272.0,False,201.0,False
armB,7_100334426_C_T,Ast,ZNF3,1,1,0.00021563407736602258,1,1,0.00021563407736602258,1,1,0.00021563407736602258,9.707787503049348e-05,False,False,203.0,False,206.0,False,206.0,False,251.0,False
armB,7_100334426_C_T,Ast,ZSCAN21,1,1,0.0002942016205633169,1,1,0.0002942016205633169,1,1,0.0002942016205633169,0.0004869989288001919,True,True,162.0,False,165.0,False,165.0,False,80.0,False
armB,7_100334426_C_T,Exc,ACTL6B,1,1,0.00013091859214142687,1,1,0.00013091859214142687,1,1,0.00013091859214142687,0.00032984009014958016,True,True,212.0,False,215.0,False,215.0,False,62.0,True
armB,7_100334426_C_T,Exc,AGFG2,1,1,0.00010935803978476266,1,1,0.00010935803978476266,1,1,0.00010935803978476266,4.388624110339412e-05,False,False,238.0,False,241.0,False,241.0,False,278.0,False
armB,7_100334426_C_T,Exc,AP4M1,1,1,0.00018594526397347488,1,1,0.00018594526397347488,1,1,0.00018594526397347488,8.704109551516126e-05,True,True,173.0,True,176.0,False,176.0,False,211.0,False
armB,7_100334426_C_T,Exc,CASTOR3,1,1,0.0008017136175335615,1,1,0.0008017136175335615,1,1,0.0008017136175335615,0.0008967625268174739,True,True,34.0,True,37.0,True,37.0,True,17.0,True
armB,7_100334426_C_T,Exc,CNPY4,1,1,9.061435369070447e-05,1,1,9.061435369070447e-05,1,1,9.061435369070447e-05,9.79624256693401e-05,False,False,252.0,False,255.0,False,255.0,False,202.0,False
armB,7_100334426_C_T,Exc,COPS6,1,1,0.00023539643412306965,1,1,0.00023539643412306965,1,1,0.00023539643412306965,0.00023885523965849753,False,False,139.0,True,143.0,True,143.0,True,105.0,True
armB,7_100334426_C_T,Exc,CYP3A43,1,1,2.1020227626150634e-06,1,1,2.1020227626150634e-06,1,1,2.1020227626150634e-06,1.9341514498837607e-07,False,False,370.0,False,371.0,False,371.0,False,373.0,False
armB,7_100334426_C_T,Exc,GIGYF1,1,1,0.00020659387648236383,1,1,0.00020659387648236383,1,1,0.00020659387648236383,0.00021827046607025835,True,True,154.0,True,158.0,True,158.0,True,118.0,True
armB,7_100334426_C_T,Exc,GNB2,1,1,0.0002562937792500719,1,1,0.0002562937792500719,1,1,0.0002562937792500719,0.00015304848889652334,False,False,121.0,True,125.0,True,125.0,True,160.0,True
armB,7_100334426_C_T,Exc,LAMTOR4,1,1,0.00014557605877663082,1,1,0.00014557605877663082,1,1,0.00014557605877663082,1.4998510282859812e-05,False,False,195.0,False,198.0,False,198.0,False,339.0,False
armB,7_100334426_C_T,Exc,LRCH4,1,1,3.363384135701697e-05,1,1,3.363384135701697e-05,1,1,3.363384135701697e-05,7.815715059295014e-05,False,False,320.0,False,322.0,False,322.0,False,227.0,False
armB,7_100334426_C_T,Exc,MCM7,1,1,0.0005857159110277399,1,1,0.0005857159110277399,1,1,0.0005857159110277399,0.00028910781063562485,True,True,53.0,True,56.0,True,56.0,True,80.0,True
armB,7_100334426_C_T,Exc,MEPCE,1,1,0.0004410209789349473,1,1,0.0004410209789349473,1,1,0.0004410209789349473,0.0006323576932476538,True,True,65.0,True,68.0,True,68.0,True,28.0,True
armB,7_100334426_C_T,Exc,MOSPD3,1,1,0.00040564176395568863,1,1,0.00040564176395568863,1,1,0.00040564176395568863,0.0001924644194417624,False,False,72.0,True,75.0,True,75.0,True,134.0,True
armB,7_100334426_C_T,Exc,NYAP1,1,1,0.006696288481352841,1,1,0.006696288481352841,1,1,0.006696288481352841,0.00015703646227416268,True,True,5.0,True,8.0,True,8.0,True,159.0,True
armB,7_100334426_C_T,Exc,PILRA,1,1,0.00017658151209393007,1,1,0.00017658151209393007,1,1,0.00017658151209393007,4.340899872506444e-05,True,True,177.0,False,180.0,False,180.0,False,279.0,False
armB,7_100334426_C_T,Exc,PILRB,1,1,0.0004337884281615523,1,1,0.0004337884281615523,1,1,0.0004337884281615523,0.0002879755318722088,True,True,67.0,True,70.0,True,70.0,True,81.0,True
armB,7_100334426_C_T,Exc,POP7,1,1,0.0005961665919958503,1,1,0.0005961665919958503,1,1,0.0005961665919958503,0.00028181942041544117,False,False,52.0,True,55.0,True,55.0,True,84.0,True
armB,7_100334426_C_T,Exc,PPP1R35,1,1,3.3520742528159175e-05,1,1,3.3520742528159175e-05,1,1,3.3520742528159175e-05,1.9205072104344634e-05,False,False,322.0,False,324.0,False,324.0,False,328.0,False
armB,7_100334426_C_T,Exc,SPDYE3,1,1,0.00022635148938696462,1,1,0.00022635148938696462,1,1,0.00022635148938696462,0.00020591903766531416,True,False,144.0,True,148.0,True,148.0,True,126.0,True
armB,7_100334426_C_T,Exc,STAG3,1,1,0.0002377483964072502,1,1,0.0002377483964072502,1,1,0.0002377483964072502,0.00026906754971370295,True,True,136.0,True,140.0,True,140.0,True,93.0,True
armB,7_100334426_C_T,Exc,TAF6,1,1,0.00032210680417466,1,1,0.00032210680417466,1,1,0.00032210680417466,2.866831017100946e-05,False,False,99.0,True,103.0,True,103.0,True,309.0,False
armB,7_100334426_C_T,Exc,TFR2,1,1,0.00025915618752914843,1,1,0.00025915618752914843,1,1,0.00025915618752914843,0.00013349001793060145,False,False,120.0,True,124.0,True,124.0,True,175.0,False
armB,7_100334426_C_T,Exc,TRIM4,1,1,6.332874506800867e-05,1,1,6.332874506800867e-05,1,1,6.332874506800867e-05,0.00011405762130844987,True,True,287.0,False,290.0,False,290.0,False,184.0,False
armB,7_100334426_C_T,Exc,TSC22D4,1,1,0.0005822095913115555,1,1,0.0005822095913115555,1,1,0.0005822095913115555,0.00011805381454971231,False,False,55.0,True,58.0,True,58.0,True,182.0,False
armB,7_100334426_C_T,Exc,ZCWPW1,1,1,1.0220552461949473e-05,1,1,1.0220552461949473e-05,1,1,1.0220552461949473e-05,2.6885342718468985e-05,True,True,354.0,False,355.0,False,355.0,False,312.0,False
armB,7_100334426_C_T,Exc,ZKSCAN1,1,1,1.925679223280241e-05,1,1,1.925679223280241e-05,1,1,1.925679223280241e-05,0.0002468049209742307,True,True,340.0,False,342.0,False,342.0,False,102.0,True
armB,7_100334426_C_T,Exc,ZNF3,1,1,0.00029355292230343055,1,1,0.00029355292230343055,1,1,0.00029355292230343055,7.468152379341841e-06,False,False,105.0,True,109.0,True,109.0,True,353.0,False
armB,7_100334426_C_T,Exc,ZSCAN21,1,1,0.00014527512205630977,1,1,0.00014527512205630977,1,1,0.00014527512205630977,6.472267780804897e-05,True,True,196.0,False,199.0,False,199.0,False,242.0,False
armB,7_100334426_C_T,Mic,CASTOR3,1,1,0.000625570039650955,1,1,0.000625570039650955,1,1,0.000625570039650955,3.668026051967255e-05,False,False,107.0,False,109.0,False,109.0,False,216.0,False
armB,7_100334426_C_T,Mic,COPS6,1,1,0.0009218872527401167,1,1,0.0009218872527401167,1,1,0.0009218872527401167,0.00047080655237485836,False,False,82.0,False,84.0,False,84.0,False,114.0,False
armB,7_100334426_C_T,Mic,GAL3ST4,1,1,0.00020174613836350386,1,1,0.00020174613836350386,1,1,0.00020174613836350386,4.461372813954756e-05,False,False,161.0,False,164.0,False,164.0,False,210.0,False
armB,7_100334426_C_T,Mic,GIGYF1,1,1,5.587775345705648e-06,1,1,5.587775345705648e-06,1,1,5.587775345705648e-06,0.0001542545566440845,False,False,239.0,False,240.0,False,240.0,False,169.0,False
armB,7_100334426_C_T,Mic,GNB2,1,1,0.001333980444170546,1,1,0.001333980444170546,1,1,0.001333980444170546,0.002430597907682408,False,False,68.0,False,70.0,False,70.0,False,15.0,True
armB,7_100334426_C_T,Mic,LAMTOR4,1,1,0.0029720151739360823,1,1,0.0029720151739360823,1,1,0.0029720151739360823,0.002085849686127794,False,False,35.0,True,36.0,True,36.0,True,18.0,True
armB,7_100334426_C_T,Mic,LRCH4,1,1,0.0007432989960854952,1,1,0.0007432989960854952,1,1,0.0007432989960854952,0.00010988718876525638,False,False,94.0,False,96.0,False,96.0,False,183.0,False
armB,7_100334426_C_T,Mic,PILRA,1,1,0.019263697018125914,1,1,0.019263697018125914,1,1,0.019263697018125914,0.002919802496134327,False,False,7.0,True,8.0,True,8.0,True,12.0,True
armB,7_100334426_C_T,Mic,PILRB,1,1,0.00012053361436187293,1,1,0.00012053361436187293,1,1,0.00012053361436187293,0.0003876716814776304,True,True,183.0,False,185.0,False,185.0,False,124.0,False
armB,7_100334426_C_T,Mic,PPP1R35,1,1,0.00013109346127160304,1,1,0.00013109346127160304,1,1,0.00013109346127160304,0.00026873818090433765,False,False,180.0,False,182.0,False,182.0,False,141.0,False
armB,7_100334426_C_T,Mic,SAP25,1,1,0.00043862300931347964,1,1,0.00043862300931347964,1,1,0.00043862300931347964,0.00031779978963915323,False,False,131.0,False,134.0,False,134.0,False,133.0,False
armB,7_100334426_C_T,Mic,TRIM4,1,1,0.0006324286970192938,1,1,0.0006324286970192938,1,1,0.0006324286970192938,0.00011268107529993632,True,True,104.0,False,106.0,False,106.0,False,182.0,False
armB,7_100334426_C_T,Mic,TSC22D4,1,1,0.0013873255126035655,1,1,0.0013873255126035655,1,1,0.0013873255126035655,0.0007111361451271891,False,False,65.0,False,67.0,False,67.0,False,80.0,False
armB,7_100334426_C_T,Mic,ZKSCAN1,1,1,0.0003537135215199716,1,1,0.0003537135215199716,1,1,0.0003537135215199716,7.64771634328143e-05,False,False,138.0,False,141.0,False,141.0,False,196.0,False
armB,7_12229132_A_C,Ast,ARL4A,1,1,0.00017046270895684779,1,1,0.00017046270895684779,1,1,0.00017046270895684779,0.00018763742899791103,False,False,234.0,False,237.0,False,237.0,False,187.0,False
armB,7_12229132_A_C,Ast,TMEM106B,1,1,0.0030026282542506,1,1,0.0030026282542506,1,1,0.0030026282542506,0.0004169463467660339,False,False,15.0,True,16.0,True,16.0,True,98.0,False
armB,7_12229132_A_C,Exc,ARL4A,1,1,0.00011745809667235152,1,1,0.00011745809667235152,1,1,0.00011745809667235152,3.7536880255178984e-05,False,False,229.0,False,232.0,False,232.0,False,286.0,False
armB,7_12229132_A_C,Exc,TMEM106B,1,1,0.00433444260783028,1,1,0.00433444260783028,1,1,0.00433444260783028,0.00016323822546621125,False,False,9.0,True,12.0,True,12.0,True,155.0,True
armB,7_12229132_A_C,Exc,VWDE,1,1,7.235636483879371e-05,1,1,7.235636483879371e-05,1,1,7.235636483879371e-05,2.971826151450946e-05,True,True,274.0,False,277.0,False,277.0,False,306.0,False
armB,7_12229132_A_C,Mic,SCIN,1,1,1.3556854730433637e-05,1,1,1.3556854730433637e-05,1,1,1.3556854730433637e-05,2.4247305222772214e-05,True,True,228.0,False,230.0,False,230.0,False,221.0,False
armB,7_12229132_A_C,Mic,TMEM106B,1,1,0.0035156539932628406,1,1,0.0035156539932628406,1,1,0.0035156539932628406,0.0004629964624221772,False,False,32.0,True,33.0,True,33.0,True,115.0,False
armB,7_143407238_G_C,Ast,CASP2,1,1,0.00019125805090869363,1,1,0.00019125805090869363,1,1,0.00019125805090869363,5.278289658353086e-05,False,False,224.0,False,227.0,False,227.0,False,297.0,False
armB,7_143407238_G_C,Ast,FAM131B,1,1,0.00020770105194151123,1,1,0.00020770105194151123,1,1,0.00020770105194151123,0.00033208508661008995,False,False,210.0,False,213.0,False,213.0,False,128.0,False
armB,7_143407238_G_C,Ast,GSTK1,1,1,0.0006621021886843437,1,1,0.0006621021886843437,1,1,0.0006621021886843437,0.0002810125492070936,False,False,76.0,False,77.0,False,77.0,False,144.0,False
armB,7_143407238_G_C,Ast,TCAF1,1,1,0.0002173092249313502,1,1,0.0002173092249313502,1,1,0.0002173092249313502,0.0003750035797354112,False,False,201.0,False,204.0,False,204.0,False,115.0,False
armB,7_143407238_G_C,Ast,ZYX,1,1,0.005335700143839217,1,1,0.005335700143839217,1,1,0.005335700143839217,0.0012320983475455627,False,False,9.0,True,10.0,True,10.0,True,24.0,True
armB,7_143407238_G_C,Exc,CASP2,1,1,0.0003236223201762978,1,1,0.0003236223201762978,1,1,0.0003236223201762978,0.00014838014865653504,False,False,96.0,True,100.0,True,100.0,True,163.0,True
armB,7_143407238_G_C,Exc,FAM131B,1,1,0.0007619664403565318,1,1,0.0007619664403565318,1,1,0.0007619664403565318,0.0001816767082456483,False,False,36.0,True,39.0,True,39.0,True,141.0,True
armB,7_143407238_G_C,Exc,GSTK1,1,1,0.0003154974308549052,1,1,0.0003154974308549052,1,1,0.0003154974308549052,0.00024677394077543546,False,False,102.0,True,106.0,True,106.0,True,103.0,True
armB,7_143407238_G_C,Exc,TCAF1,1,1,4.699020407514243e-05,1,1,4.699020407514243e-05,1,1,4.699020407514243e-05,5.395322166037997e-05,False,False,304.0,False,307.0,False,307.0,False,263.0,False
armB,7_143407238_G_C,Exc,ZYX,1,1,0.00040920832749602454,1,1,0.00040920832749602454,1,1,0.00040920832749602454,0.00020648701798631208,False,False,71.0,True,74.0,True,74.0,True,124.0,True
armB,7_143407238_G_C,Mic,GSTK1,1,1,0.0028827741761876524,1,1,0.0028827741761876524,1,1,0.0028827741761876524,5.825420847349605e-05,False,False,37.0,True,38.0,True,38.0,True,203.0,False
armB,7_143407238_G_C,Mic,TCAF1,1,1,1.3677380247024973e-05,1,1,1.3677380247024973e-05,1,1,1.3677380247024973e-05,0.00026490855601714325,False,False,227.0,False,229.0,False,229.0,False,142.0,False
armB,7_143407238_G_C,Mic,ZYX,1,1,0.024796073129474072,1,1,0.024796073129474072,1,1,0.024796073129474072,0.0004743953945141044,True,True,3.0,True,3.0,True,3.0,True,112.0,False
armB,8_144053248_G_A,Ast,ADCK5,1,1,0.0004961881584620853,1,1,0.0004961881584620853,1,1,0.0004961881584620853,0.0002894066732836431,False,False,110.0,False,111.0,False,111.0,False,140.0,False
armB,8_144053248_G_A,Ast,BOP1,1,1,0.0003629211333930904,1,1,0.0003629211333930904,1,1,0.0003629211333930904,0.00040419129629565287,False,False,137.0,False,139.0,False,139.0,False,104.0,False
armB,8_144053248_G_A,Ast,C8orf82,1,1,0.00033630194109546263,1,1,0.00033630194109546263,1,1,0.00033630194109546263,0.0007727330845181957,False,False,143.0,False,145.0,False,145.0,False,49.0,True
armB,8_144053248_G_A,Ast,CPSF1,1,1,6.304633738196674e-05,1,1,6.304633738196674e-05,1,1,6.304633738196674e-05,0.0001791129230670485,True,True,292.0,False,295.0,False,295.0,False,193.0,False
armB,8_144053248_G_A,Ast,CYC1,1,1,0.0013512268646029835,1,1,0.0013512268646029835,1,1,0.0013512268646029835,0.00013091149011001946,False,False,37.0,True,38.0,True,38.0,True,222.0,False
armB,8_144053248_G_A,Ast,CYHR1,1,1,0.000322703470148511,1,1,0.000322703470148511,1,1,0.000322703470148511,6.361133234733529e-05,False,False,149.0,False,151.0,False,151.0,False,282.0,False
armB,8_144053248_G_A,Ast,DGAT1,1,1,0.00018420269632268838,1,1,0.00018420269632268838,1,1,0.00018420269632268838,0.00011427408483555279,False,False,227.0,False,230.0,False,230.0,False,234.0,False
armB,8_144053248_G_A,Ast,EEF1D,1,1,0.000510215563089611,1,1,0.000510215563089611,1,1,0.000510215563089611,0.0014449791216826213,False,False,107.0,False,108.0,False,108.0,False,16.0,True
armB,8_144053248_G_A,Ast,FBXL6,1,1,0.0007007551972684212,1,1,0.0007007551972684212,1,1,0.0007007551972684212,7.9260733844011e-05,False,False,71.0,True,72.0,True,72.0,True,267.0,False
armB,8_144053248_G_A,Ast,GPAA1,1,1,0.00046895092436738395,1,1,0.00046895092436738395,1,1,0.00046895092436738395,0.00037192239035821473,False,False,116.0,False,118.0,False,118.0,False,116.0,False
armB,8_144053248_G_A,Ast,GPT,1,1,1.083763716460285e-05,1,1,1.083763716460285e-05,1,1,1.083763716460285e-05,1.1717591174839614e-05,False,False,357.0,False,361.0,False,361.0,False,349.0,False
armB,8_144053248_G_A,Ast,GRINA,1,1,0.0003120867177606179,1,1,0.0003120867177606179,1,1,0.0003120867177606179,0.0011020987829815088,False,False,153.0,False,156.0,False,156.0,False,30.0,True
armB,8_144053248_G_A,Ast,GSDMD,1,1,0.00022706073140532634,1,1,0.00022706073140532634,1,1,0.00022706073140532634,0.00041170425047121206,True,True,197.0,False,200.0,False,200.0,False,99.0,False
armB,8_144053248_G_A,Ast,HSF1,1,1,0.000550866182299603,1,1,0.000550866182299603,1,1,0.000550866182299603,0.00045698114129144596,False,False,94.0,False,95.0,False,95.0,False,88.0,False
armB,8_144053248_G_A,Ast,KIFC2,1,1,0.00037860482428689335,1,1,0.00037860482428689335,1,1,0.00037860482428689335,0.00048593936077709343,False,False,133.0,False,135.0,False,135.0,False,81.0,False
armB,8_144053248_G_A,Ast,LRRC14,1,1,0.00028027742854552784,1,1,0.00028027742854552784,1,1,0.00028027742854552784,4.495682897004416e-05,False,False,174.0,False,177.0,False,177.0,False,304.0,False
armB,8_144053248_G_A,Ast,LRRC24,1,1,0.0001018642868133024,1,1,0.0001018642868133024,1,1,0.0001018642868133024,0.00017415202981635458,False,False,268.0,False,271.0,False,271.0,False,196.0,False
armB,8_144053248_G_A,Ast,MAF1,1,1,0.00014158113094153713,1,1,0.00014158113094153713,1,1,0.00014158113094153713,0.00046685957950431956,False,False,249.0,False,252.0,False,252.0,False,86.0,False
armB,8_144053248_G_A,Ast,MFSD3,1,1,3.417663291288564e-05,1,1,3.417663291288564e-05,1,1,3.417663291288564e-05,8.191192568884897e-05,False,False,323.0,False,326.0,False,326.0,False,263.0,False
armB,8_144053248_G_A,Ast,MROH1,1,1,3.6713248802999754e-05,1,1,3.6713248802999754e-05,1,1,3.6713248802999754e-05,8.277113716254059e-05,False,False,319.0,False,322.0,False,322.0,False,262.0,False
armB,8_144053248_G_A,Ast,NAPRT,1,1,0.0007074211359192617,1,1,0.0007074211359192617,1,1,0.0007074211359192617,0.0012983479528351216,True,True,69.0,True,70.0,True,70.0,True,21.0,True
armB,8_144053248_G_A,Ast,NRBP2,1,1,4.3114619199757787e-05,1,1,4.3114619199757787e-05,1,1,4.3114619199757787e-05,5.378522337734504e-05,False,False,313.0,False,316.0,False,316.0,False,293.0,False
armB,8_144053248_G_A,Ast,OPLAH,1,1,0.001308602497271688,1,1,0.001308602497271688,1,1,0.001308602497271688,0.0011502410980396283,False,False,39.0,True,40.0,True,40.0,True,27.0,True
armB,8_144053248_G_A,Ast,PARP10,1,1,0.0002670722528888003,1,1,0.0002670722528888003,1,1,0.0002670722528888003,9.411034076256541e-06,False,False,183.0,False,186.0,False,186.0,False,353.0,False
armB,8_144053248_G_A,Ast,PLEC,1,1,0.00572640512242617,1,1,0.00572640512242617,1,1,0.00572640512242617,0.00013565769884826828,True,True,8.0,True,9.0,True,9.0,True,218.0,False
armB,8_144053248_G_A,Ast,PPP1R16A,1,1,0.0004300950001264736,1,1,0.0004300950001264736,1,1,0.0004300950001264736,0.00018477649980674915,False,False,125.0,False,127.0,False,127.0,False,188.0,False
armB,8_144053248_G_A,Ast,PUF60,1,1,0.0002443593330618832,1,1,0.0002443593330618832,1,1,0.0002443593330618832,0.00019184051461995644,False,False,192.0,False,195.0,False,195.0,False,183.0,False
armB,8_144053248_G_A,Ast,PYCR3,1,1,0.00013589714876866,1,1,0.00013589714876866,1,1,0.00013589714876866,0.0002195178677582288,False,False,251.0,False,254.0,False,254.0,False,169.0,False
armB,8_144053248_G_A,Ast,SCRIB,1,1,0.0005766234499972045,1,1,0.0005766234499972045,1,1,0.0005766234499972045,0.00044269524779827485,False,False,90.0,False,91.0,False,91.0,False,91.0,False
armB,8_144053248_G_A,Ast,SCRT1,1,1,5.537919689090995e-08,1,1,5.537919689090995e-08,1,1,5.537919689090995e-08,8.298127535787548e-08,False,False,400.0,False,400.0,False,400.0,False,398.0,False
armB,8_144053248_G_A,Ast,SCX,1,1,0.00011535451960034346,1,1,0.00011535451960034346,1,1,0.00011535451960034346,0.000132464310941445,False,False,257.0,False,260.0,False,260.0,False,219.0,False
armB,8_144053248_G_A,Ast,SHARPIN,1,1,0.002526979699220999,1,1,0.002526979699220999,1,1,0.002526979699220999,0.0007365613532087645,False,False,19.0,True,20.0,True,20.0,True,54.0,True
armB,8_144053248_G_A,Ast,SLC52A2,1,1,0.00017195157950911089,1,1,0.00017195157950911089,1,1,0.00017195157950911089,0.0010516329189742546,False,False,232.0,False,235.0,False,235.0,False,33.0,True
armB,8_144053248_G_A,Ast,SPATC1,1,1,3.0889254909935698e-06,1,1,3.0889254909935698e-06,1,1,3.0889254909935698e-06,1.3446834420743296e-07,True,True,379.0,False,382.0,False,382.0,False,397.0,False
armB,8_144053248_G_A,Ast,TIGD5,1,1,0.0001889454690233161,1,1,0.0001889454690233161,1,1,0.0001889454690233161,0.00017377294171355695,False,False,225.0,False,228.0,False,228.0,False,197.0,False
armB,8_144053248_G_A,Ast,VPS28,1,1,0.00048139911093625365,1,1,0.00048139911093625365,1,1,0.00048139911093625365,0.0007302003842897253,True,True,112.0,False,114.0,False,114.0,False,55.0,True
armB,8_144053248_G_A,Ast,ZNF623,1,1,3.513564800117219e-05,1,1,3.513564800117219e-05,1,1,3.513564800117219e-05,0.0002450968504020268,False,False,322.0,False,325.0,False,325.0,False,158.0,False
armB,8_144053248_G_A,Exc,ADCK5,1,1,0.00012778833732632333,1,1,0.00012778833732632333,1,1,0.00012778833732632333,7.059320640406819e-05,False,False,216.0,False,219.0,False,219.0,False,236.0,False
armB,8_144053248_G_A,Exc,BOP1,1,1,0.00025291662308962737,1,1,0.00025291662308962737,1,1,0.00025291662308962737,0.0002914015256109681,False,False,124.0,True,128.0,True,128.0,True,77.0,True
armB,8_144053248_G_A,Exc,C8orf82,1,1,3.0450265307235824e-05,1,1,3.0450265307235824e-05,1,1,3.0450265307235824e-05,8.630624470840065e-05,False,False,325.0,False,327.0,False,327.0,False,212.0,False
armB,8_144053248_G_A,Exc,CPSF1,1,1,0.00016949645982677897,1,1,0.00016949645982677897,1,1,0.00016949645982677897,5.662306634168779e-05,True,True,180.0,False,183.0,False,183.0,False,257.0,False
armB,8_144053248_G_A,Exc,CYC1,1,1,0.0007128481959025601,1,1,0.0007128481959025601,1,1,0.0007128481959025601,4.860531912598276e-05,False,False,41.0,True,44.0,True,44.0,True,273.0,False
armB,8_144053248_G_A,Exc,CYHR1,1,1,9.566712190633986e-05,1,1,9.566712190633986e-05,1,1,9.566712190633986e-05,0.00015939833212186283,True,True,247.0,False,250.0,False,250.0,False,158.0,True
armB,8_144053248_G_A,Exc,DGAT1,1,1,0.00011514741788531957,1,1,0.00011514741788531957,1,1,0.00011514741788531957,1.8539664483840923e-05,False,False,231.0,False,234.0,False,234.0,False,331.0,False
armB,8_144053248_G_A,Exc,EEF1D,1,1,0.0005112609146604719,1,1,0.0005112609146604719,1,1,0.0005112609146604719,0.0012434834153920438,False,False,59.0,True,62.0,True,62.0,True,9.0,True
armB,8_144053248_G_A,Exc,FBXL6,1,1,1.0335548335571598e-05,1,1,1.0335548335571598e-05,1,1,1.0335548335571598e-05,0.00017086237951252636,False,False,352.0,False,353.0,False,353.0,False,148.0,True
armB,8_144053248_G_A,Exc,GPAA1,1,1,0.0001431222605557947,1,1,0.0001431222605557947,1,1,0.0001431222605557947,0.00020046136455514896,True,True,197.0,False,200.0,False,200.0,False,128.0,True
armB,8_144053248_G_A,Exc,GRINA,1,1,0.00015642932154058542,1,1,0.00015642932154058542,1,1,0.00015642932154058542,0.0014420965651238404,False,False,187.0,False,190.0,False,190.0,False,4.0,True
armB,8_144053248_G_A,Exc,HSF1,1,1,0.0004586919254288002,1,1,0.0004586919254288002,1,1,0.0004586919254288002,0.0003060078375067832,False,False,62.0,True,65.0,True,65.0,True,69.0,True
armB,8_144053248_G_A,Exc,IQANK1,1,1,2.0181978237578807e-05,1,1,2.0181978237578807e-05,1,1,2.0181978237578807e-05,4.289406882251184e-06,True,True,338.0,False,340.0,False,340.0,False,358.0,False
armB,8_144053248_G_A,Exc,KIFC2,1,1,0.0002105843899237736,1,1,0.0002105843899237736,1,1,0.0002105843899237736,0.000792607830167158,True,True,151.0,True,155.0,True,155.0,True,24.0,True
armB,8_144053248_G_A,Exc,LRRC14,1,1,0.0002717141177061566,1,1,0.0002717141177061566,1,1,0.0002717141177061566,0.00016849331591450856,False,False,115.0,True,119.0,True,119.0,True,151.0,True
armB,8_144053248_G_A,Exc,LRRC24,1,1,0.0001383625542607514,1,1,0.0001383625542607514,1,1,0.0001383625542607514,0.00013859408581506916,False,False,203.0,False,206.0,False,206.0,False,171.0,True
armB,8_144053248_G_A,Exc,MAF1,1,1,0.00010567380266268689,1,1,0.00010567380266268689,1,1,0.00010567380266268689,0.00033984623557758997,False,False,241.0,False,244.0,False,244.0,False,59.0,True
armB,8_144053248_G_A,Exc,MFSD3,1,1,0.00016023313211668833,1,1,0.00016023313211668833,1,1,0.00016023313211668833,4.229266816205279e-05,False,False,184.0,False,187.0,False,187.0,False,280.0,False
armB,8_144053248_G_A,Exc,MROH1,1,1,6.934441008166203e-05,1,1,6.934441008166203e-05,1,1,6.934441008166203e-05,0.00011672636895909694,False,False,279.0,False,282.0,False,282.0,False,183.0,False
armB,8_144053248_G_A,Exc,NAPRT,1,1,0.00011547510717377363,1,1,0.00011547510717377363,1,1,0.00011547510717377363,0.00028959093974889605,True,True,230.0,False,233.0,False,233.0,False,79.0,True
armB,8_144053248_G_A,Exc,NRBP2,1,1,0.00015490207385759902,1,1,0.00015490207385759902,1,1,0.00015490207385759902,0.00020137707254475057,False,False,190.0,False,193.0,False,193.0,False,127.0,True
armB,8_144053248_G_A,Exc,PLEC,1,1,0.004952253027877607,1,1,0.004952253027877607,1,1,0.004952253027877607,0.0002525253481889811,True,True,6.0,True,9.0,True,9.0,True,98.0,True
armB,8_144053248_G_A,Exc,PPP1R16A,1,1,4.081630293517602e-05,1,1,4.081630293517602e-05,1,1,4.081630293517602e-05,4.775460712885815e-05,True,True,311.0,False,314.0,False,314.0,False,274.0,False
armB,8_144053248_G_A,Exc,PUF60,1,1,0.0002311230105905837,1,1,0.0002311230105905837,1,1,0.0002311230105905837,0.0003246617123455753,False,False,141.0,True,145.0,True,145.0,True,64.0,True
armB,8_144053248_G_A,Exc,PYCR3,1,1,4.611106769644713e-05,1,1,4.611106769644713e-05,1,1,4.611106769644713e-05,1.3372167578365457e-05,True,True,305.0,False,308.0,False,308.0,False,343.0,False
armB,8_144053248_G_A,Exc,SCRIB,1,1,0.00011463971023406572,1,1,0.00011463971023406572,1,1,0.00011463971023406572,0.00018799537031111146,True,True,232.0,False,235.0,False,235.0,False,137.0,True
armB,8_144053248_G_A,Exc,SCRT1,1,1,0.00014096168541621878,1,1,0.00014096168541621878,1,1,0.00014096168541621878,0.00018741596899696233,False,False,199.0,False,202.0,False,202.0,False,138.0,True
armB,8_144053248_G_A,Exc,SCX,1,1,0.0006742389618308586,1,1,0.0006742389618308586,1,1,0.0006742389618308586,0.00021884951894593496,False,False,42.0,True,45.0,True,45.0,True,117.0,True
armB,8_144053248_G_A,Exc,SHARPIN,1,1,8.051558696009486e-05,1,1,8.051558696009486e-05,1,1,8.051558696009486e-05,0.0005525049782520441,False,False,264.0,False,267.0,False,267.0,False,33.0,True
armB,8_144053248_G_A,Exc,TIGD5,1,1,1.8326816543345892e-05,1,1,1.8326816543345892e-05,1,1,1.8326816543345892e-05,3.195380723214347e-06,True,True,341.0,False,343.0,False,343.0,False,361.0,False
armB,8_144053248_G_A,Exc,TONSL,1,1,0.00012339953651110958,1,1,0.00012339953651110958,1,1,0.00012339953651110958,0.00017149396022123065,True,True,222.0,False,225.0,False,225.0,False,147.0,True
armB,8_144053248_G_A,Exc,VPS28,1,1,0.00044882969844339815,1,1,0.00044882969844339815,1,1,0.00044882969844339815,0.0005677607508491889,True,True,63.0,True,66.0,True,66.0,True,32.0,True
armB,8_144053248_G_A,Exc,WDR97,1,1,2.074931303067823e-05,1,1,2.074931303067823e-05,1,1,2.074931303067823e-05,4.97036652802596e-05,True,True,336.0,False,339.0,False,339.0,False,271.0,False
armB,8_144053248_G_A,Exc,ZNF623,1,1,0.00017704824227904314,1,1,0.00017704824227904314,1,1,0.00017704824227904314,0.00023794663474213662,True,True,176.0,False,179.0,False,179.0,False,106.0,True
armB,8_144053248_G_A,Mic,CPSF1,1,1,0.00041391605064444725,1,1,0.00041391605064444725,1,1,0.00041391605064444725,0.0002734577436718233,True,True,132.0,False,135.0,False,135.0,False,140.0,False
armB,8_144053248_G_A,Mic,CYC1,1,1,0.0014484834574077787,1,1,0.0014484834574077787,1,1,0.0014484834574077787,0.0007986928345200539,False,False,61.0,False,63.0,False,63.0,False,69.0,False
armB,8_144053248_G_A,Mic,CYHR1,1,1,0.00044183821451462824,1,1,0.00044183821451462824,1,1,0.00044183821451462824,4.9307346239424454e-05,False,False,130.0,False,133.0,False,133.0,False,206.0,False
armB,8_144053248_G_A,Mic,EEF1D,1,1,0.00013693770765121904,1,1,0.00013693770765121904,1,1,0.00013693770765121904,0.0006923001785663629,False,False,176.0,False,178.0,False,178.0,False,81.0,False
armB,8_144053248_G_A,Mic,GRINA,1,1,0.0004698819656390185,1,1,0.0004698819656390185,1,1,0.0004698819656390185,9.531657192618503e-05,False,False,124.0,False,127.0,False,127.0,False,189.0,False
armB,8_144053248_G_A,Mic,GSDMD,1,1,0.0001218893464471904,1,1,0.0001218893464471904,1,1,0.0001218893464471904,0.0007254740179105656,True,True,182.0,False,184.0,False,184.0,False,77.0,False
armB,8_144053248_G_A,Mic,HSF1,1,1,0.00033260743486607236,1,1,0.00033260743486607236,1,1,0.00033260743486607236,0.00023748213565411014,False,False,142.0,False,145.0,False,145.0,False,147.0,False
armB,8_144053248_G_A,Mic,KIFC2,1,1,4.706205021023924e-05,1,1,4.706205021023924e-05,1,1,4.706205021023924e-05,0.0002277765310001456,False,False,212.0,False,215.0,False,215.0,False,152.0,False
armB,8_144053248_G_A,Mic,MROH1,1,1,7.675685863389736e-05,1,1,7.675685863389736e-05,1,1,7.675685863389736e-05,0.00015317403875930724,False,False,199.0,False,201.0,False,201.0,False,170.0,False
armB,8_144053248_G_A,Mic,NRBP2,1,1,0.00019882534448684153,1,1,0.00019882534448684153,1,1,0.00019882534448684153,2.951583692258064e-05,False,False,162.0,False,165.0,False,165.0,False,219.0,False
armB,8_144053248_G_A,Mic,PLEC,1,1,0.0020645393157741054,1,1,0.0020645393157741054,1,1,0.0020645393157741054,6.303064979085171e-05,True,True,47.0,False,49.0,False,49.0,False,202.0,False
armB,8_144053248_G_A,Mic,VPS28,1,1,0.0018524163869360066,1,1,0.0018524163869360066,1,1,0.0018524163869360066,0.0009380175284097181,False,False,54.0,False,56.0,False,56.0,False,57.0,False
armB,8_144053248_G_A,Mic,ZNF623,1,1,5.066648843560229e-06,1,1,5.066648843560229e-06,1,1,5.066648843560229e-06,0.00011987985255734745,False,False,240.0,False,241.0,False,241.0,False,178.0,False
armB,8_27608798_T_C,Ast,CCDC25,1,1,0.0002840375910910242,1,1,0.0002840375910910242,1,1,0.0002840375910910242,0.0006113379544120945,True,True,170.0,False,173.0,False,173.0,False,66.0,True
armB,8_27608798_T_C,Ast,CLU,1,1,0.03077755870193899,1,1,0.03077755870193899,1,1,0.03077755870193899,0.01665409051034783,True,True,1.0,True,1.0,True,1.0,True,1.0,True
armB,8_27608798_T_C,Ast,EPHX2,1,1,7.312477039549126e-06,1,1,7.312477039549126e-06,1,1,7.312477039549126e-06,0.00011747132781488728,True,True,370.0,False,374.0,False,374.0,False,232.0,False
armB,8_27608798_T_C,Ast,PTK2B,1,1,0.00010771637187781402,1,1,0.00010771637187781402,1,1,0.00010771637187781402,5.9516673308550316e-05,False,False,265.0,False,268.0,False,268.0,False,283.0,False
armB,8_27608798_T_C,Ast,SCARA3,1,1,0.004873012954987432,1,1,0.004873012954987432,1,1,0.004873012954987432,0.003574989504290471,False,False,10.0,True,11.0,True,11.0,True,4.0,True
armB,8_27608798_T_C,Ast,STMN4,1,1,1.7716807809847746e-05,1,1,1.7716807809847746e-05,1,1,1.7716807809847746e-05,2.1693274517007796e-05,False,False,346.0,False,349.0,False,349.0,False,326.0,False
armB,8_27608798_T_C,Ast,TRIM35,1,1,0.00021173661503565144,1,1,0.00021173661503565144,1,1,0.00021173661503565144,0.00015779488401873598,False,False,206.0,False,209.0,False,209.0,False,204.0,False
armB,8_27608798_T_C,Exc,CCDC25,1,1,0.00028646139964966233,1,1,0.00028646139964966233,1,1,0.00028646139964966233,0.00019738975029462424,True,True,109.0,True,113.0,True,113.0,True,130.0,True
armB,8_27608798_T_C,Exc,CLU,1,1,0.019669727476039678,1,1,0.019669727476039678,1,1,0.019669727476039678,0.015474565903261572,False,False,1.0,True,3.0,True,3.0,True,1.0,True
armB,8_27608798_T_C,Exc,PTK2B,1,1,8.55133743399572e-05,1,1,8.55133743399572e-05,1,1,8.55133743399572e-05,0.00010901915984215527,False,False,260.0,False,263.0,False,263.0,False,191.0,False
armB,8_27608798_T_C,Exc,SCARA3,1,1,0.0017663655319800492,1,1,0.0017663655319800492,1,1,0.0017663655319800492,0.0014922495482823234,True,True,17.0,True,21.0,True,21.0,True,3.0,True
armB,8_27608798_T_C,Exc,STMN4,1,1,0.0010877584724194866,1,1,0.0010877584724194866,1,1,0.0010877584724194866,0.0013794938064983775,False,False,26.0,True,30.0,True,30.0,True,6.0,True
armB,8_27608798_T_C,Exc,TRIM35,1,1,0.00012349216478491076,1,1,0.00012349216478491076,1,1,0.00012349216478491076,4.869421377523553e-05,True,True,221.0,False,224.0,False,224.0,False,272.0,False
armB,8_27608798_T_C,Mic,CCDC25,1,1,0.0006712982875491935,1,1,0.0006712982875491935,1,1,0.0006712982875491935,0.0012064833242579898,False,False,100.0,False,102.0,False,102.0,False,39.0,True
armB,8_27608798_T_C,Mic,CLU,1,1,0.01589680136352739,1,1,0.01589680136352739,1,1,0.01589680136352739,0.004859245665666895,False,False,8.0,True,9.0,True,9.0,True,6.0,True
armB,8_27608798_T_C,Mic,PTK2B,1,1,4.61613851614473e-05,1,1,4.61613851614473e-05,1,1,4.61613851614473e-05,4.420118310410892e-05,True,True,213.0,False,216.0,False,216.0,False,211.0,False
armB,8_27608798_T_C,Mic,STMN4,1,1,8.004242463257249e-07,1,1,8.004242463257249e-07,1,1,8.004242463257249e-07,2.2702428240270434e-06,False,False,248.0,False,248.0,False,248.0,False,246.0,False
