lead_frequency_class,scenario,n_haplotypes,n_partners,replicate,lead_alt_frequency,n_monomorphic_panel_variants,fit_available,mean_communality,minimum_observed_lead_partner_r2,median_observed_lead_partner_r2,available,error,kkt,quadrature_order,quadrature_refine_dev_per_haplotype,parameter_refit_discrepancy,pva,binary_correlation_residual_rmse
common,balanced_q1,1000,256,0,0.3444851959240517,0,True,0.5981573791239143,0.00045180923945873345,0.049726283687724866,True,,5.644555368000681e-06,128,7.275957614183426e-15,0.0,0.6064896811911525,0.03343277176467176
common,balanced_q1,1000,256,1,0.22772416271671997,0,True,0.5903021582219244,0.00013017918647374515,0.044089556210119556,True,,6.368049477956106e-06,128,0.0,0.0,0.582870386514654,0.03658128224841652
common,balanced_q1,1000,256,2,0.08267637039263676,0,True,0.593715553464984,0.000320938180367254,0.029244985578652984,True,,9.82852649333843e-06,128,7.275957614183426e-15,0.0,0.6011958105187611,0.04096883328188733
common,balanced_q1,1000,256,3,0.2947540637741865,0,True,0.6040849796621106,0.0011818184358088008,0.04474024299338181,True,,7.434968254282914e-06,128,7.275957614183426e-15,0.0,0.6116161018303193,0.03589881368495211
common,balanced_q1,1000,256,4,0.06067922768097732,0,True,0.5987902744160284,0.00014852476166081016,0.025497531142849417,True,,8.45309169306141e-06,128,2.1827872842550278e-14,0.0,0.6024771493325446,0.03431918500604155
common,balanced_q1,1000,256,5,0.09346369867789764,0,True,0.5970365213001793,0.0004363351410074845,0.033628800795943284,True,,8.319718675542376e-06,128,7.275957614183426e-15,0.0,0.6153220788987729,0.034028370396073704
common,balanced_q1,1000,256,6,0.3693873727726029,0,True,0.601397589478307,0.0003687640615963004,0.04419085370377135,True,,9.28256076138112e-06,128,0.0,0.0,0.618491555642673,0.033720490792438926
common,balanced_q1,1000,256,7,0.33231715417222485,1,True,0.592525875930496,0.0010095378727379822,0.037041909973079996,True,,9.104904450954465e-06,128,7.275957614183426e-15,0.0,0.5851376751589611,0.03771013171685979
common,balanced_q1,1000,256,8,0.05799944050560717,0,True,0.5978863857752676,0.00028684649462959287,0.024215300638168527,True,,9.20617319577488e-06,128,7.275957614183426e-15,0.0,0.6220452192172689,0.03561649799769675
common,balanced_q1,1000,256,9,0.0570447578207951,0,True,0.5955319920160962,0.00018188180660751914,0.026876465391957434,True,,5.401171934149573e-06,128,7.275957614183426e-15,0.0,0.6348955045297625,0.03383121782797909
common,balanced_q1,1000,256,10,0.19539274185516908,0,True,0.5875529124353204,0.00023327890158962914,0.039523848501260936,True,,8.919095752846218e-06,128,7.275957614183426e-15,0.0,0.5766032388931563,0.03663429467897987
common,balanced_q1,1000,256,11,0.17695621185815896,0,True,0.6030913663822799,0.0004192181218543383,0.047088442816444975,True,,7.3414986399011894e-06,128,0.0,0.0,0.6081531795825371,0.040099898109379264
common,balanced_q1,1000,256,12,0.3694364052704872,0,True,0.6030659345091264,0.002229758848769913,0.044989509697564406,True,,8.197595701919802e-06,128,7.275957614183426e-15,0.0,0.6226615359783533,0.03253457534976072
common,balanced_q1,1000,256,13,0.2235649169992518,0,True,0.5966300243976438,0.001240564351647438,0.043450002594450296,True,,9.707791725599435e-06,128,0.0,0.0,0.6247909159301306,0.03424496917605175
common,balanced_q1,1000,256,14,0.15500745338804828,0,True,0.5898864419801101,0.0004529987245290324,0.042803242320706744,True,,6.892108875167224e-06,128,7.275957614183426e-15,0.0,0.604406832634073,0.03826386995927599
common,balanced_q1,1000,256,15,0.31421156033326153,0,True,0.5997551474969184,6.133081758057076e-05,0.03817727246148016,True,,9.89994848987763e-06,128,0.0,0.0,0.5950962910613647,0.0363066517886319
common,balanced_q1,1000,256,16,0.3908995177824335,1,True,0.6093950753085774,0.0009524635488994799,0.04237749866558763,True,,6.553080175830672e-06,128,0.0,0.0,0.5872860177299953,0.03735139947424603
common,balanced_q1,1000,256,17,0.2878220092752293,0,True,0.5977324234340375,0.0012230785182551812,0.03417523283302197,True,,6.044021642725994e-06,128,7.275957614183426e-15,0.0,0.6060881018341182,0.03352702581956725
common,balanced_q1,1000,256,18,0.30526775755725827,0,True,0.6089562795365598,0.0008145686591185097,0.04509545521814811,True,,9.08529750842657e-06,128,0.0,0.0,0.6119772094365843,0.03829798977100876
common,balanced_q1,1000,256,19,0.16105722800943623,0,True,0.6014821360161892,0.0006032503272121244,0.05057202293425323,True,,8.386959817641149e-06,128,0.0,0.0,0.6177179311623778,0.03658686715531866
common,balanced_q1,1000,256,20,0.396581902659872,0,True,0.6045793160106976,0.0024824215957682102,0.049328427587207666,True,,5.711600153279761e-06,128,0.0,0.0,0.6251225302987061,0.03485088259915031
common,balanced_q1,1000,256,21,0.22739496475036625,0,True,0.600036344407832,0.0008886763918699137,0.0394290228940076,True,,7.610943240088375e-06,128,7.275957614183426e-15,0.0,0.6271045749866626,0.030760549293961235
common,balanced_q1,1000,256,22,0.19084186337841313,0,True,0.6061187814731287,0.0004947550962273598,0.031206480976006163,True,,5.145943039575052e-06,128,7.275957614183426e-15,0.0,0.6196042802369659,0.038696027683477144
common,balanced_q1,1000,256,23,0.23887880445661497,0,True,0.6066841634504858,0.00022356360384529858,0.052531138342882866,True,,7.851343465481442e-06,128,7.275957614183426e-15,0.0,0.6320124220521562,0.03491913636516025
common,balanced_q1,1000,256,24,0.2321569337563874,0,True,0.590944875304128,0.0008388336364592486,0.047933156264009666,True,,7.527543627872113e-06,128,0.0,0.0,0.5864744715920622,0.03513771678244103
common,balanced_q1,1000,256,25,0.21414359707467917,0,True,0.6020162177364464,0.0008241284362641972,0.052354143226698534,True,,5.613898043765886e-06,128,7.275957614183426e-15,0.0,0.6123007390969458,0.03616687343688565
common,balanced_q1,1000,256,26,0.3211565222545246,0,True,0.5934625468277592,0.00018679678014090623,0.047115432622787376,True,,6.564301046951826e-06,128,7.275957614183426e-15,0.0,0.6155133488721992,0.03761272268291448
common,balanced_q1,1000,256,27,0.15344373392053912,0,True,0.5912569517029271,0.0001714232569835469,0.031063197067678322,True,,6.4003652421318336e-06,128,0.0,0.0,0.6107671710003106,0.03600301497795723
common,balanced_q1,1000,256,28,0.2058529985248143,0,True,0.6029374083741799,0.000247129922940392,0.050380585827968435,True,,7.631040851663329e-06,256,7.275957614183426e-15,0.0,0.6055368247735905,0.03667870380659805
common,balanced_q1,1000,256,29,0.25918009889421173,1,True,0.6039900610057172,0.0006895511453013451,0.031939006241984334,True,,8.444652497274774e-06,128,1.4551915228366852e-14,0.0,0.6032899906207795,0.03949810286332973
common,balanced_q1,1000,32,0,0.37234798372033956,0,True,0.5911037960014354,0.0028512468297601174,0.038507386598834514,True,,2.423867952350278e-06,128,9.094947017729283e-16,0.0,0.611241465826783,0.036018191885564516
common,balanced_q1,1000,32,1,0.20163534599146404,0,True,0.6191034083538426,0.0030599510262297332,0.0485030887842674,True,,4.701242760529745e-06,128,0.0,0.0,0.6454972791736138,0.03451012360831432
common,balanced_q1,1000,32,2,0.06435498043955021,0,True,0.5800747494316578,0.0002472735954433418,0.014440055395151623,True,,9.752366004089907e-06,128,3.637978807091713e-15,0.0,0.5669545977348797,0.038557278168178104
common,balanced_q1,1000,32,3,0.37663661089355865,0,True,0.5970089225508898,0.0031458103525759365,0.04539041507032538,True,,7.446912237307757e-06,128,2.7284841053187848e-15,0.0,0.6316952161516786,0.03388187906559884
common,balanced_q1,1000,32,4,0.07570650187945616,0,True,0.605543615794212,0.0006070065903572611,0.040797487071303026,True,,5.16103968617454e-06,128,9.094947017729283e-16,0.0,0.6254386945669579,0.027937577043456566
common,balanced_q1,1000,32,5,0.3213124164117528,0,True,0.5955604380390891,0.004145830662050663,0.06036877812475892,True,,4.369689983851899e-06,128,1.8189894035458565e-15,0.0,0.6041095708587517,0.03074513687371923
common,balanced_q1,1000,32,6,0.2644265689486064,0,True,0.6209505929855439,0.0013857901863056903,0.045815524565141263,True,,7.216828373124429e-06,128,0.0,0.0,0.6079398282126558,0.028179830488285828
common,balanced_q1,1000,32,7,0.35389529389400115,0,True,0.5830691885772792,0.002913840904585956,0.0444548244729944,True,,8.63880657209215e-06,128,0.0,0.0,0.5940436166040222,0.03467241183179382
common,balanced_q1,1000,32,8,0.0714227176977569,0,True,0.5832890889806257,0.0002545597747689907,0.026400069745017567,True,,5.508700981371462e-06,128,2.7284841053187848e-15,0.0,0.619193019882828,0.03063622021222343
common,balanced_q1,1000,32,9,0.16508177278373817,0,True,0.6105683089327224,0.0009642970514072215,0.02847517786851432,True,,8.570196403989705e-06,128,1.8189894035458565e-15,0.0,0.6046926443621202,0.032891168740705114
common,balanced_q1,1000,32,10,0.3418984785593462,0,True,0.5978920906526948,0.0031934727631846467,0.04128077587521724,True,,6.345053574996484e-06,128,9.094947017729283e-16,0.0,0.5946686492982801,0.028805915289601535
common,balanced_q1,1000,32,11,0.32747973094076055,0,True,0.5827339520451812,0.0028405728488578347,0.048074251736548224,True,,7.400968522253137e-06,128,0.0,0.0,0.5944711263167638,0.028350642358380924
common,balanced_q1,1000,32,12,0.36395783425170486,0,True,0.6011677698777999,0.004069495935269369,0.0415174342165647,True,,4.543221027830668e-06,128,9.094947017729283e-16,0.0,0.5949954008900171,0.030066275509171698
common,balanced_q1,1000,32,13,0.08635839493518,0,True,0.5987633844151217,0.00015781292898634533,0.013270616151456428,True,,8.8486240206187e-06,128,0.0,0.0,0.5930639291861621,0.03657188444076641
common,balanced_q1,1000,32,14,0.1010597771903262,0,True,0.5894087458826132,0.0006632469623512475,0.07326057898026035,True,,5.504234447006873e-06,128,1.8189894035458565e-15,0.0,0.5936212526432817,0.03234568617486496
common,balanced_q1,1000,32,15,0.26872364545380595,0,True,0.5818553901695082,0.0020525161016349647,0.038792797004541385,True,,3.4777898486604286e-06,128,1.8189894035458565e-15,0.0,0.5957591787645545,0.033318291716470126
common,balanced_q1,1000,32,16,0.11883197086841447,0,True,0.6150840051489448,0.0007613247049866734,0.04711530236740354,True,,7.645909745113144e-06,128,1.8189894035458565e-15,0.0,0.6236202096709542,0.03741779875158428
common,balanced_q1,1000,32,17,0.24696151405599243,0,True,0.5800296253944313,0.0016483479816079337,0.03559251682028178,True,,7.632674423385666e-06,128,0.0,0.0,0.6007562852102302,0.03138763725641934
common,balanced_q1,1000,32,18,0.05655885497033773,0,True,0.5774773247323826,1.308993402595322e-05,0.009574984992941042,True,,8.832092940114222e-06,128,9.094947017729283e-16,0.0,0.6107335813316033,0.04404939584817196
common,balanced_q1,1000,32,19,0.20777773908803265,0,True,0.5898590701103547,0.0010675613847796206,0.034290993094407904,True,,3.3492925215483638e-06,128,0.0,0.0,0.6036752087360922,0.03816301949282112
common,balanced_q1,1000,32,20,0.06524027178723273,0,True,0.5815389907032928,0.0002976460083082075,0.020955080904052077,True,,8.565018354333986e-06,128,1.8189894035458565e-15,0.0,0.5646592569465063,0.03856864762664007
common,balanced_q1,1000,32,21,0.11193870011179785,0,True,0.5911792624358347,0.0005167396448094821,0.03163246235339934,True,,6.864163509145982e-06,128,0.0,0.0,0.5934518148705689,0.031771737777820615
common,balanced_q1,1000,32,22,0.24776803353160765,0,True,0.622449749074622,0.0016130852412657676,0.058258227675199066,True,,7.843960039166653e-06,128,2.7284841053187848e-15,0.0,0.642482047898433,0.04161201306311046
common,balanced_q1,1000,32,23,0.32529245454408934,0,True,0.592503267706877,0.001577904445042481,0.056211954190421104,True,,6.820340747060172e-06,128,9.094947017729283e-16,0.0,0.6304171857764971,0.03316138236580636
common,balanced_q1,1000,32,24,0.3502083359897389,0,True,0.5793620148816397,0.003631480972870641,0.033684669637366306,True,,5.374846213546114e-06,128,3.637978807091713e-15,0.0,0.5762887252945038,0.031747588612699246
common,balanced_q1,1000,32,25,0.1344221290790875,0,True,0.5684230775314685,0.00045759398009697125,0.045667515314451755,True,,6.979979448318296e-06,128,2.7284841053187848e-15,0.0,0.5692219204740434,0.032638723225259264
common,balanced_q1,1000,32,26,0.2980480078779048,0,True,0.5984362821471746,0.0004598070166613891,0.02191949805563167,True,,5.408895008107706e-06,128,5.192858225200325e-09,0.0,0.6016520545726829,0.02958768701623457
common,balanced_q1,1000,32,27,0.3003209642021142,0,True,0.5845989199602145,0.002459364258386295,0.05256882839583883,True,,8.379160235882921e-06,128,9.094947017729283e-16,0.0,0.5654857437940134,0.038407183873974925
common,balanced_q1,1000,32,28,0.2199881577759517,0,True,0.6299448998406805,0.0014925470413024822,0.04230779043686658,True,,6.569688260071871e-06,128,1.8189894035458565e-15,0.0,0.642066311191395,0.03653847649722322
common,balanced_q1,1000,32,29,0.3263500526145757,0,True,0.5804239536738298,0.0034563854582674667,0.03551991758630708,True,,2.3930355976808926e-06,128,0.0,0.0,0.5880118013868523,0.031120761172597402
common,balanced_q1,1000,4,0,0.206647525036613,0,True,0.5708632814967437,0.02757555941727412,0.0376616200717193,True,,4.275645353657431e-06,128,2.2737367544323206e-16,0.0,0.5899056750148354,0.012007566938512557
common,balanced_q1,1000,4,1,0.1163155425151076,0,True,0.603597781747552,0.0033646594732567557,0.06779982102518924,True,,6.24455536057944e-06,128,4.547473508864641e-16,0.0,0.5935982893556789,0.004351692326544972
common,balanced_q1,1000,4,2,0.3442349755561025,0,True,0.584787006254131,0.021784002728235607,0.04283802140953525,True,,4.126472711529772e-06,128,2.2737367544323206e-16,0.0,0.7105798532383145,0.00977742439789635
common,balanced_q1,1000,4,3,0.3745949178474934,0,True,0.5681516683773451,0.010113613385086533,0.05364699305375491,True,,2.5234211937785744e-06,256,2.519033841963392e-07,0.0,0.6108314167987199,0.015538290807096412
common,balanced_q1,1000,4,4,0.32825738883917327,0,True,0.527857552067897,0.004452892726039521,0.03779224654809091,True,,7.290842368168349e-06,128,0.0,0.0,0.5538466322269753,0.0038837568658766338
common,balanced_q1,1000,4,5,0.17166703092589802,0,True,0.5410851529166582,0.0005276939649130264,0.020717567769534925,True,,1.975994716962859e-06,128,4.547473508864641e-16,0.0,0.5104806632085962,0.013041271341722354
common,balanced_q1,1000,4,6,0.26916012805414674,0,True,0.6428771296849635,0.014105825568676901,0.02638784464197763,True,,4.515332788113113e-06,128,6.0507429277549815e-06,0.0,0.7284625050217506,0.00413676094312547
common,balanced_q1,1000,4,7,0.34025342763904765,0,True,0.6212448139557161,0.013324485269720623,0.10316181172626551,True,,2.106214627151104e-07,128,4.547473508864641e-16,0.0,0.682165956216247,0.01079520590693423
common,balanced_q1,1000,4,8,0.24386498856361816,0,True,0.6155321401722348,0.0012200038746904248,0.06517889960692066,True,,4.734941332351639e-06,128,6.829887686535585e-06,0.0,0.724232885364668,0.006009938204818358
common,balanced_q1,1000,4,9,0.13580159702186367,0,True,0.6008323306942801,0.0014231499051233331,0.04347180502263287,True,,9.46268258950056e-06,128,5.390868463109655e-06,0.0,0.6958381772690234,0.0034997550337514853
common,balanced_q1,1000,4,10,0.35506648286877923,0,True,0.6179482854582808,0.010520884459042808,0.045787252418647416,True,,6.944560400401478e-06,128,0.0,0.0,0.5810980188034236,0.00707336089508817
common,balanced_q1,1000,4,11,0.2783927671454526,0,True,0.5874346309227414,0.014670780695115739,0.0285493690808736,True,,6.2561621947399004e-06,512,7.123798968677875e-08,0.0,0.6323373035156551,0.009190211919476728
common,balanced_q1,1000,4,12,0.36604504366937346,0,True,0.6518297454932543,0.014530791557125125,0.07599948262456982,True,,9.960345499715473e-06,128,4.547473508864641e-16,0.0,0.6122959562449368,0.018797722821447784
common,balanced_q1,1000,4,13,0.15928388548110411,0,True,0.5484206584794925,0.0036070874491979303,0.04965970982736751,True,,3.471840197888376e-06,128,4.547473508864641e-16,0.0,0.5742575584582237,0.008394131848514647
common,balanced_q1,1000,4,14,0.3282556464386465,0,True,0.5554532366241447,0.003342385117719048,0.07633641109071275,True,,2.7520132724889734e-06,128,0.0,0.0,0.5646878263707128,0.009572888734348185
common,balanced_q1,1000,4,15,0.20889869416792672,0,True,0.5493202132954844,0.004270345733760366,0.037211125820589205,True,,4.9404393923646595e-06,128,4.547473508864641e-16,0.0,0.6213997570502744,0.007685096928309283
common,balanced_q1,1000,4,16,0.08460751278959638,0,True,0.6509585420019712,0.002478689317453596,0.02889336135039422,True,,3.914630173573741e-06,512,1.5137535347093943e-06,0.0,0.6440763030386932,0.008685826376974426
common,balanced_q1,1000,4,17,0.22093447989206255,0,True,0.5952114862374163,0.0012682308180088813,0.04059203085951516,True,,7.674274041580276e-06,128,0.0,0.0,0.5805604679411361,0.03701021168142143
common,balanced_q1,1000,4,18,0.2173904962268179,0,True,0.5372404768169015,0.009689813763021955,0.04855238486619394,True,,7.822293603743091e-06,128,0.0,0.0,0.5466394761725015,0.015060869568305515
common,balanced_q1,1000,4,19,0.20122579659392237,0,True,0.6375098448130208,0.008646240009811188,0.025385283920959546,True,,8.378662055941177e-06,128,4.547473508864641e-16,0.0,0.5785667003301129,0.008204458023780009
common,balanced_q1,1000,4,20,0.2947626517089779,0,True,0.622289901824261,0.006070072059919689,0.01896540316943416,True,,3.723406400424345e-06,128,0.0,0.0,0.6527794580021113,0.015845207061052042
common,balanced_q1,1000,4,21,0.3631361809684401,0,True,0.6575526140378809,0.006350146415293027,0.044087525040692854,True,,4.513020101626353e-06,128,4.547473508864641e-15,0.0,0.6782957051291425,0.005131545050839814
common,balanced_q1,1000,4,22,0.3729015264257664,0,True,0.6388023730239072,0.0017117388391100514,0.12785629558589323,True,,6.419080832653634e-06,128,2.2737367544323206e-16,0.0,0.6117856748611328,0.026217567460073858
common,balanced_q1,1000,4,23,0.39544067763569507,0,True,0.605361297528711,0.0020060180541625183,0.05078061472111297,True,,5.56441192733903e-06,128,0.0,0.0,0.5036536415557166,0.020516329356247892
common,balanced_q1,1000,4,24,0.06481033424246949,0,True,0.6530992088545108,0.0015293169959113024,0.08845164746876447,True,,7.500145529082403e-06,128,7.859116794861621e-08,0.0,0.7148171118211545,0.009371476046957705
common,balanced_q1,1000,4,25,0.17725351390504618,0,True,0.6419236912557015,0.008848121817889097,0.021940878976610984,True,,3.2326176309105392e-06,128,4.547473508864641e-16,0.0,0.6260721978640327,0.002941072491620777
common,balanced_q1,1000,4,26,0.13279035787723947,0,True,0.6358722872055548,0.01877000397662439,0.05387291314516736,True,,2.660869819037792e-06,128,2.7284841053187848e-15,0.0,0.5925024994749454,0.016074740610714983
common,balanced_q1,1000,4,27,0.11354498973103051,0,True,0.6065234554295067,0.00025530203586428534,0.026492186909996416,True,,4.407633279690515e-06,128,4.547473508864641e-16,0.0,0.4903335531835443,0.013213140749395013
common,balanced_q1,1000,4,28,0.38609447113686346,0,True,0.6576820203821898,0.016837388141607477,0.052934546259423065,True,,7.0085628869343e-06,256,7.609042238527763e-07,0.0,0.7179584118395537,0.006014718287060296
common,balanced_q1,1000,4,29,0.13276381727871128,0,True,0.6139910037705898,0.008082884594163418,0.05499945398690967,True,,5.919309187696342e-06,128,0.000871298447772915,0.0003225422671447875,0.6330567981868549,0.01537830605330395
common,balanced_q1,2000,256,0,0.3444851959240517,0,True,0.5981573791239143,0.0016852429362971735,0.047212819349998186,True,,9.401718672474857e-06,128,7.275957614183426e-15,0.0,0.6012752273875428,0.024444343829554398
common,balanced_q1,2000,256,1,0.22772416271671997,0,True,0.5903021582219244,0.0006207569034598363,0.044987056052125135,True,,8.37782532392417e-06,128,0.0,0.0,0.5820488693016183,0.027206743625236427
common,balanced_q1,2000,256,2,0.08267637039263676,0,True,0.593715553464984,0.000330325631530452,0.031010531616723618,True,,6.896158209590553e-06,128,7.275957614183426e-15,0.0,0.5999033595815032,0.028231605309557203
common,balanced_q1,2000,256,3,0.2947540637741865,0,True,0.6040849796621106,0.0018463366840924846,0.04467356139340559,True,,9.356024715412303e-06,128,7.275957614183426e-15,0.0,0.6025043042372754,0.02481046654108207
common,balanced_q1,2000,256,4,0.06067922768097732,0,True,0.5987902744160284,0.0002623367708527384,0.02323925206905643,True,,8.272349569793391e-06,128,7.275957614183426e-15,0.0,0.6044645490457222,0.02392727602522728
common,balanced_q1,2000,256,5,0.09346369867789764,0,True,0.5970365213001793,0.0003306256171399921,0.03632596116430589,True,,4.051885770683938e-06,128,2.1827872842550278e-14,0.0,0.6112572378129046,0.024658483980071245
common,balanced_q1,2000,256,6,0.3693873727726029,0,True,0.601397589478307,0.0014393446382710861,0.04399969159197609,True,,5.580761342605101e-06,128,7.275957614183426e-15,0.0,0.6031681896369543,0.02384875736961153
common,balanced_q1,2000,256,7,0.33231715417222485,0,True,0.592525875930496,0.001509026084114698,0.03839623921622233,True,,7.540098531988448e-06,128,2.9103830456733704e-14,0.0,0.5985474967300302,0.025661541714296354
common,balanced_q1,2000,256,8,0.05799944050560717,0,True,0.5978863857752676,0.0002885324385265591,0.028531899645687066,True,,9.513813452155517e-06,128,1.4551915228366852e-14,0.0,0.6166331983953846,0.02459809997865387
common,balanced_q1,2000,256,9,0.0570447578207951,0,True,0.5955319920160962,0.0003009216724853738,0.025485858557759422,True,,7.109428351359526e-06,128,7.275957614183426e-15,0.0,0.6160570741939714,0.024902232166117467
common,balanced_q1,2000,256,10,0.19539274185516908,0,True,0.5875529124353204,0.0007335439153280715,0.0405361087970558,True,,9.852518512487585e-06,128,1.4551915228366852e-14,0.0,0.5721351213869371,0.02538958683085041
common,balanced_q1,2000,256,11,0.17695621185815896,0,True,0.6030913663822799,0.0007321698452135383,0.04457459078768967,True,,9.790813704224632e-06,128,7.275957614183426e-15,0.0,0.6036680429394436,0.024804206153955625
common,balanced_q1,2000,256,12,0.3694364052704872,0,True,0.6030659345091264,0.002542692114515319,0.04257449200994701,True,,8.445269069623507e-06,128,2.1827872842550278e-14,0.0,0.616533051299237,0.023556688280717088
common,balanced_q1,2000,256,13,0.2235649169992518,0,True,0.5966300243976438,0.0006704056185938354,0.04367335785362521,True,,9.255466834279247e-06,128,7.275957614183426e-15,0.0,0.6122453603921177,0.024118854846108727
common,balanced_q1,2000,256,14,0.15500745338804828,0,True,0.5898864419801101,0.0006839949380777759,0.04394563301045079,True,,5.488736109615644e-06,128,7.275957614183426e-15,0.0,0.5963862554115593,0.02428801175326817
common,balanced_q1,2000,256,15,0.31421156033326153,0,True,0.5997551474969184,3.75464445783167e-05,0.038911837390959436,True,,9.288359970938131e-06,128,1.4551915228366852e-14,0.0,0.5926018509199478,0.02568464634661311
common,balanced_q1,2000,256,16,0.3908995177824335,0,True,0.6093950753085774,0.001265173086793471,0.043072095441233055,True,,4.719899376448566e-06,128,7.275957614183426e-15,0.0,0.5918988885180004,0.025563549455858627
common,balanced_q1,2000,256,17,0.2878220092752293,0,True,0.5977324234340375,0.0014909733926291638,0.035088894589341724,True,,7.2740446994679075e-06,128,7.275957614183426e-15,0.0,0.5979557161481662,0.023866635369898914
common,balanced_q1,2000,256,18,0.30526775755725827,0,True,0.6089562795365598,0.0019097317730641338,0.045544563246103384,True,,7.3837333862680765e-06,128,2.1827872842550278e-14,0.0,0.6082136603274465,0.02534446988609471
common,balanced_q1,2000,256,19,0.16105722800943623,0,True,0.6014821360161892,0.0006295619574170009,0.04805473966358011,True,,8.359819801739832e-06,128,0.0,0.0,0.6146197348641054,0.02566843137030497
common,balanced_q1,2000,256,20,0.396581902659872,0,True,0.6045793160106976,0.0024535398042262375,0.049196575100957624,True,,9.226604447354347e-06,128,1.4551915228366852e-14,0.0,0.6182204505975586,0.02379385365288488
common,balanced_q1,2000,256,21,0.22739496475036625,0,True,0.600036344407832,0.0012063860121891898,0.04028062360997821,True,,4.6213974946862635e-06,128,1.4551915228366852e-14,0.0,0.6155942349618098,0.022675923656165397
common,balanced_q1,2000,256,22,0.19084186337841313,0,True,0.6061187814731287,0.0010397341542476139,0.03355844390257741,True,,9.358215140586879e-06,128,0.0,0.0,0.6166884577697878,0.027198341070339863
common,balanced_q1,2000,256,23,0.23887880445661497,0,True,0.6066841634504858,0.0009764392515294156,0.05192707666068935,True,,6.600715065641083e-06,128,7.275957614183426e-15,0.0,0.616560553992156,0.025664707344366766
common,balanced_q1,2000,256,24,0.2321569337563874,0,True,0.590944875304128,2.146923448893676e-05,0.051760241611517814,True,,8.575325463944239e-06,128,7.275957614183426e-15,0.0,0.5839106103616395,0.024372952164511796
common,balanced_q1,2000,256,25,0.21414359707467917,0,True,0.6020162177364464,0.0008241284362642039,0.05277535907849983,True,,5.623420555878056e-06,128,1.4551915228366852e-14,0.0,0.6139303090761072,0.025589601724606538
common,balanced_q1,2000,256,26,0.3211565222545246,0,True,0.5934625468277592,0.002475769232853859,0.04602540318791633,True,,5.687199095549822e-06,128,2.1827872842550278e-14,0.0,0.6113187610527312,0.02534847657059821
common,balanced_q1,2000,256,27,0.15344373392053912,0,True,0.5912569517029271,0.0008694498887398868,0.04010454724547819,True,,8.874801452174452e-06,128,7.275957614183426e-15,0.0,0.600666133371544,0.025518045676596643
common,balanced_q1,2000,256,28,0.2058529985248143,0,True,0.6029374083741799,0.0009666457392846851,0.04729403887865777,True,,8.533321425918672e-06,128,1.4551915228366852e-14,0.0,0.6083506529495358,0.025027980170597156
common,balanced_q1,2000,256,29,0.25918009889421173,0,True,0.6039900610057172,0.0008045212105561066,0.036846099781338584,True,,9.321699032005526e-06,128,0.0,0.0,0.6037680797158455,0.026247276844459606
common,balanced_q1,2000,32,0,0.37234798372033956,0,True,0.5911037960014354,0.0023434990953521227,0.03726550022940471,True,,7.4330438375458385e-06,128,9.094947017729283e-16,0.0,0.6109378653292423,0.02691967546829263
common,balanced_q1,2000,32,1,0.20163534599146404,0,True,0.6191034083538426,0.004627038343555223,0.04944731297124161,True,,7.123474152548326e-06,128,9.094947017729283e-16,0.0,0.6327230016010527,0.022377774070793575
common,balanced_q1,2000,32,2,0.06435498043955021,0,True,0.5800747494316578,0.000355094530468188,0.021360654166249885,True,,3.8745524073569015e-06,128,0.0,0.0,0.5711891169693494,0.024874647244558422
common,balanced_q1,2000,32,3,0.37663661089355865,0,True,0.5970089225508898,0.0032603247067986246,0.040075456899248976,True,,6.586524860408005e-06,128,2.7284841053187848e-15,0.0,0.6070994048177563,0.023945865489527967
common,balanced_q1,2000,32,4,0.07570650187945616,0,True,0.605543615794212,0.0006551923860890695,0.03167768899142253,True,,7.358330587736717e-06,128,0.0,0.0,0.6085347658371973,0.021683814658008796
common,balanced_q1,2000,32,5,0.3213124164117528,0,True,0.5955604380390891,0.0035558241145300764,0.05925089998224896,True,,8.01079261392168e-06,128,9.094947017729283e-16,0.0,0.5935653591492022,0.021657681963080277
common,balanced_q1,2000,32,6,0.2644265689486064,0,True,0.6209505929855439,0.0013028532665994928,0.03935795907708439,True,,6.7849227063376816e-06,128,0.0,0.0,0.603569015580111,0.0199414723752469
common,balanced_q1,2000,32,7,0.35389529389400115,0,True,0.5830691885772792,0.0030058343690936547,0.04313443500709423,True,,4.802148448779242e-06,128,9.094947017729283e-16,0.0,0.579055993087155,0.02559009333345098
common,balanced_q1,2000,32,8,0.0714227176977569,0,True,0.5832890889806257,0.00023695682516806498,0.026544566538798397,True,,9.694727573172912e-06,128,9.094947017729283e-16,0.0,0.5995027799718147,0.021556138193068078
common,balanced_q1,2000,32,9,0.16508177278373817,0,True,0.6105683089327224,0.0014031071215535283,0.0283666937808384,True,,8.897148674469335e-06,128,1.8189894035458565e-15,0.0,0.5970198836835503,0.023207935425038337
common,balanced_q1,2000,32,10,0.3418984785593462,0,True,0.5978920906526948,0.0020873768630753874,0.04518491029300657,True,,9.354269499883827e-06,128,0.0,0.0,0.6082621538217389,0.022295855273911588
common,balanced_q1,2000,32,11,0.32747973094076055,0,True,0.5827339520451812,0.0022841480127911915,0.04126817315192241,True,,6.972746050770695e-06,128,0.0,0.0,0.5839590579253855,0.02189777908886915
common,balanced_q1,2000,32,12,0.36395783425170486,0,True,0.6011677698777999,0.005729624665024567,0.04104879181746267,True,,9.513141165928829e-06,128,0.0,0.0,0.6115355975322937,0.019121830234754774
common,balanced_q1,2000,32,13,0.08635839493518,0,True,0.5987633844151217,0.00027952710590788517,0.019244000036812058,True,,4.729290617788706e-06,128,0.0,0.0,0.5813668672434703,0.026205419881694156
common,balanced_q1,2000,32,14,0.1010597771903262,0,True,0.5894087458826132,0.0005552470849528034,0.06869941379754957,True,,8.27505893941094e-06,128,0.0,0.0,0.5969100356918753,0.022334330246552913
common,balanced_q1,2000,32,15,0.26872364545380595,0,True,0.5818553901695082,0.0019888448328485276,0.02745125613218645,True,,6.943931959213501e-06,128,1.8189894035458565e-15,0.0,0.5777226283054786,0.0229149088400357
common,balanced_q1,2000,32,16,0.11883197086841447,0,True,0.6150840051489448,0.0006934318620644104,0.051231925147576754,True,,3.407069683603048e-06,128,0.0,0.0,0.6224050412614488,0.022155211554149547
common,balanced_q1,2000,32,17,0.24696151405599243,0,True,0.5800296253944313,0.0016087035839262192,0.0352469735719715,True,,6.781385458065614e-06,128,0.0,0.0,0.6038143634071553,0.02452386244829402
common,balanced_q1,2000,32,18,0.05655885497033773,0,True,0.5774773247323826,0.0002512484534052977,0.009242150075206061,True,,4.5396113828033435e-06,128,0.0,0.0,0.5977248440546459,0.029019194765082225
common,balanced_q1,2000,32,19,0.20777773908803265,0,True,0.5898590701103547,0.0008143872532463954,0.026944013338739504,True,,4.592025881766659e-06,128,9.094947017729283e-16,0.0,0.6029712624937987,0.025882041871897004
common,balanced_q1,2000,32,20,0.06524027178723273,0,True,0.5815389907032928,0.0005062230900332361,0.02262430513150538,True,,4.376657540161588e-06,128,0.0,0.0,0.5601904313722937,0.026282672459313053
common,balanced_q1,2000,32,21,0.11193870011179785,0,True,0.5911792624358347,0.0005644070985350823,0.031930673743884475,True,,4.529565742705799e-06,128,9.094947017729283e-16,0.0,0.5878630586156631,0.02316703407785586
common,balanced_q1,2000,32,22,0.24776803353160765,0,True,0.622449749074622,0.0013315579227696432,0.06566104675991712,True,,7.353836876444753e-06,128,2.7284841053187848e-15,0.0,0.629315008547769,0.027385769518512345
common,balanced_q1,2000,32,23,0.32529245454408934,0,True,0.592503267706877,0.0013230172451755725,0.06417090021731055,True,,5.887489247013988e-06,128,0.0,0.0,0.611949478473878,0.0230861120566022
common,balanced_q1,2000,32,24,0.3502083359897389,0,True,0.5793620148816397,0.0037377171955794734,0.04380883186476575,True,,5.366401914397301e-06,128,9.094947017729283e-16,0.0,0.5840011077406415,0.023476163896026782
common,balanced_q1,2000,32,25,0.1344221290790875,0,True,0.5684230775314685,0.0003074199148007776,0.05246972563674111,True,,7.11864980340593e-06,128,9.094947017729283e-16,0.0,0.5641569566520249,0.02363374849468997
common,balanced_q1,2000,32,26,0.2980480078779048,0,True,0.5984362821471746,0.0026116584896196757,0.02950782807189581,True,,7.174793076769603e-06,128,9.094947017729283e-16,0.0,0.6084645000218613,0.023948325360204886
common,balanced_q1,2000,32,27,0.3003209642021142,0,True,0.5845989199602145,0.0031392556701802616,0.049870300275997176,True,,8.143067360855127e-06,128,1.8189894035458565e-15,0.0,0.5642428545520771,0.02626297702274517
common,balanced_q1,2000,32,28,0.2199881577759517,0,True,0.6299448998406805,0.0015137496199279007,0.038671426362038686,True,,6.534088152543305e-06,128,1.8189894035458565e-15,0.0,0.6267625134383592,0.030649081626513173
common,balanced_q1,2000,32,29,0.3263500526145757,0,True,0.5804239536738298,0.004212916426463074,0.04057773311477434,True,,8.74090030089647e-06,128,0.0,0.0,0.5845373721586057,0.022733383348904634
common,balanced_q1,2000,4,0,0.206647525036613,0,True,0.5708632814967437,0.03255014363833749,0.03764116079342633,True,,3.266389773548539e-06,128,0.0,0.0,0.5985699769299963,0.006177198838381924
common,balanced_q1,2000,4,1,0.1163155425151076,0,True,0.603597781747552,0.00305296883509905,0.05626223787370073,True,,1.249907368050529e-06,128,4.547473508864641e-16,0.0,0.5432194974976292,0.005709313269095473
common,balanced_q1,2000,4,2,0.3442349755561025,0,True,0.584787006254131,0.019940297842021427,0.042669204472142966,True,,4.929664957797897e-06,128,2.2737367544323206e-16,0.0,0.6583687705555568,0.006279125301458441
common,balanced_q1,2000,4,3,0.3745949178474934,0,True,0.5681516683773451,0.006944973403152785,0.0521458094176435,True,,9.262165438839176e-06,128,1.3960743672214448e-13,0.0,0.5897420134456459,0.009162166413128853
common,balanced_q1,2000,4,4,0.32825738883917327,0,True,0.527857552067897,0.005246080691878519,0.04088787967642002,True,,7.649468594106423e-07,128,0.0,0.0,0.561288068201425,0.005971852610487308
common,balanced_q1,2000,4,5,0.17166703092589802,0,True,0.5410851529166582,0.001938299580499892,0.022327886120576908,True,,7.702185012226082e-06,128,4.547473508864641e-16,0.0,0.45267801850422423,0.007344885163618266
common,balanced_q1,2000,4,6,0.26916012805414674,0,True,0.6428771296849635,0.012816831057256296,0.02134541884638969,True,,1.4812532138641643e-06,128,4.547473508864641e-16,0.0,0.6570406745837011,0.011695981942877302
common,balanced_q1,2000,4,7,0.34025342763904765,0,True,0.6212448139557161,0.011039362056355105,0.1066494488852681,True,,7.0617014320539795e-06,128,6.821210263296962e-16,0.0,0.669463224536528,0.010261265620539611
common,balanced_q1,2000,4,8,0.24386498856361816,0,True,0.6155321401722348,0.0022383297045059807,0.05940778512575259,True,,6.67725666847474e-06,128,9.094947017729283e-16,0.0,0.6584972345026798,0.0034488550155742743
common,balanced_q1,2000,4,9,0.13580159702186367,0,True,0.6008323306942801,0.0013621538055466498,0.03655697194778622,True,,6.9247943987882365e-06,128,4.547473508864641e-16,0.0,0.6035868480673524,0.0019432547595860314
common,balanced_q1,2000,4,10,0.35506648286877923,0,True,0.6179482854582808,0.010418010694606896,0.04623245676873173,True,,1.0251336723943183e-06,128,2.2737367544323206e-16,0.0,0.5796830920050073,0.012419390897889671
common,balanced_q1,2000,4,11,0.2783927671454526,0,True,0.5874346309227414,0.01318808816438851,0.026022741671606647,True,,7.711297306256526e-06,128,3.030213154261219e-06,0.0,0.6498469305429626,0.007326839811437491
common,balanced_q1,2000,4,12,0.36604504366937346,0,True,0.6518297454932543,0.014989333430129979,0.08059067852056362,True,,6.32265943800725e-06,128,4.547473508864641e-16,0.0,0.618147253713248,0.0036529782244154865
common,balanced_q1,2000,4,13,0.15928388548110411,0,True,0.5484206584794925,0.003220827616334138,0.045658727752910626,True,,1.0548624185258149e-06,128,2.2737367544323206e-16,0.0,0.5744040211655317,0.006356839931989377
common,balanced_q1,2000,4,14,0.3282556464386465,0,True,0.5554532366241447,0.005330462710087067,0.06378915845241562,True,,4.242732704273777e-06,128,2.2737367544323206e-16,0.0,0.5786475235214544,0.0046968948912312885
common,balanced_q1,2000,4,15,0.20889869416792672,0,True,0.5493202132954844,0.0037289733030097935,0.0314712159005116,True,,5.2928395691820285e-06,128,2.2737367544323206e-16,0.0,0.5852589939817381,0.004632608869865704
common,balanced_q1,2000,4,16,0.08460751278959638,0,True,0.6509585420019712,0.0031372686186822373,0.026614238584140706,True,,4.7342776541281495e-06,128,4.547473508864641e-16,0.0,0.6516039284078374,0.004601351407949567
common,balanced_q1,2000,4,17,0.22093447989206255,0,True,0.5952114862374163,0.0018025327896634548,0.03655822316640159,True,,1.890512514535203e-06,128,0.0,0.0,0.5692146073172177,0.0030079112675839527
common,balanced_q1,2000,4,18,0.2173904962268179,0,True,0.5372404768169015,0.02435197064765803,0.04970033351984949,True,,5.37850358139913e-06,128,4.547473508864641e-16,0.0,0.5773400744771985,0.014811933508883608
common,balanced_q1,2000,4,19,0.20122579659392237,0,True,0.6375098448130208,0.008371705668453414,0.027751735824518634,True,,9.226255108574222e-06,128,0.0,0.0,0.6047107382111235,0.003677847138492714
common,balanced_q1,2000,4,20,0.2947626517089779,0,True,0.622289901824261,0.005549176651140982,0.018551037703822496,True,,8.311525741877546e-06,128,0.0,0.0,0.6391869751540281,0.0270201159340294
common,balanced_q1,2000,4,21,0.3631361809684401,0,True,0.6575526140378809,0.006256900993743116,0.04655006980021904,True,,7.248494273026651e-06,128,0.0,0.0,0.6618215675035779,0.003956170977951412
common,balanced_q1,2000,4,22,0.3729015264257664,0,True,0.6388023730239072,0.005079755395217862,0.12080798914720725,True,,5.122530222001487e-06,128,0.0,0.0,0.6227132593279234,0.036906653554316764
common,balanced_q1,2000,4,23,0.39544067763569507,0,True,0.605361297528711,0.004516438696800475,0.05526274595869333,True,,3.065522471090709e-06,128,4.547473508864641e-16,0.0,0.6604300568464284,0.0036638565422983365
common,balanced_q1,2000,4,24,0.06481033424246949,0,True,0.6530992088545108,0.001636571628744522,0.09185613095632617,True,,5.886252237741196e-06,128,1.2368079046609636e-07,0.0,0.7116785295347122,0.012749539269980055
common,balanced_q1,2000,4,25,0.17725351390504618,0,True,0.6419236912557015,0.008178278537544765,0.0316310945326736,True,,4.065274009201758e-06,128,0.0,0.0,0.6653163824041041,0.0035179802940844404
common,balanced_q1,2000,4,26,0.13279035787723947,0,True,0.6358722872055548,0.023926794509588244,0.06273445298548753,True,,2.39475771723896e-06,128,2.2737367544323206e-16,0.0,0.6407344936412155,0.006583260606670715
common,balanced_q1,2000,4,27,0.11354498973103051,0,True,0.6065234554295067,0.00037761003889553085,0.024945889109655568,True,,2.7603740255788267e-06,128,2.2737367544323206e-16,0.0,0.5257196661909308,0.012642424357476131
common,balanced_q1,2000,4,28,0.38609447113686346,0,True,0.6576820203821898,0.016824206698510338,0.05298916970833923,True,,1.9543635181307195e-06,128,2.2737367544323206e-16,0.0,0.6791527903809083,0.013506042662989007
common,balanced_q1,2000,4,29,0.13276381727871128,0,True,0.6139910037705898,0.007245095983097559,0.046759805069542255,True,,5.539117043928954e-06,256,0.0001231396617520204,0.0,0.6157759352031699,0.015271847327954726
common,balanced_q1,500,256,0,0.3444851959240517,0,True,0.5981573791239143,0.0015609962502796959,0.051913743459564045,True,,8.183054355126451e-06,128,0.0,0.0,0.6242758974958575,0.04634033346560992
common,balanced_q1,500,256,1,0.22772416271671997,1,True,0.5903021582219244,0.00027449782685442506,0.04694889785396796,True,,6.08276255986695e-06,128,7.275957614183426e-15,0.0,0.594040329937432,0.050506133673668664
common,balanced_q1,500,256,2,0.08267637039263676,0,True,0.593715553464984,0.0001837736608588345,0.029800976063815432,True,,6.669433281203396e-06,128,7.275957614183426e-15,0.0,0.6156248873587261,0.05346247035899488
common,balanced_q1,500,256,3,0.2947540637741865,0,True,0.6040849796621106,4.0373279809899014e-05,0.04936724220180065,True,,5.191763263301397e-06,128,7.275957614183426e-15,0.0,0.6422214889078774,0.05210489111462225
common,balanced_q1,500,256,4,0.06067922768097732,1,True,0.5987902744160284,5.166703784734161e-05,0.01802120165310221,True,,5.042202627869585e-06,128,7.275957614183426e-15,0.0,0.6086371882840809,0.0508447637291747
common,balanced_q1,500,256,5,0.09346369867789764,1,True,0.5970365213001793,0.00023260807328943708,0.03752400820863497,True,,4.193004851993365e-06,128,7.275957614183426e-15,0.0,0.6389714243017427,0.047825534921643265
common,balanced_q1,500,256,6,0.3693873727726029,2,True,0.601397589478307,1.4773732172337434e-06,0.042355013606831055,True,,6.3029092829403055e-06,128,7.275957614183426e-15,0.0,0.6232530474419841,0.05311151607014819
common,balanced_q1,500,256,7,0.33231715417222485,6,True,0.592525875930496,0.00022259961222884108,0.037626145853002224,True,,8.372374866838506e-06,128,0.0,0.0,0.6020104328532501,0.0541261871565916
common,balanced_q1,500,256,8,0.05799944050560717,0,True,0.5978863857752676,0.00011439369224707549,0.023106726336009447,True,,9.459041349968444e-06,128,7.275957614183426e-15,0.0,0.6311889964313478,0.05250535432910016
common,balanced_q1,500,256,9,0.0570447578207951,0,True,0.5955319920160962,0.00014161084481597233,0.031010947944438465,True,,7.937889202613846e-06,128,0.0,0.0,0.6590715765169405,0.046414558696468745
common,balanced_q1,500,256,10,0.19539274185516908,1,True,0.5875529124353204,0.0004104594731631894,0.03937381404174591,True,,6.428061060437251e-06,128,0.0,0.0,0.5959541463222738,0.052658757132927725
common,balanced_q1,500,256,11,0.17695621185815896,2,True,0.6030913663822799,0.00032597334022996347,0.05142549903402473,True,,9.66707955551982e-06,128,7.275957614183426e-15,0.0,0.6259926037305794,0.054713467647910775
common,balanced_q1,500,256,12,0.3694364052704872,0,True,0.6030659345091264,0.0010722057619956908,0.04094261168935331,True,,7.80920546050723e-06,128,7.275957614183426e-15,0.0,0.6164165648065288,0.05021458330701619
common,balanced_q1,500,256,13,0.2235649169992518,0,True,0.5966300243976438,0.0013386880856760363,0.04878048780487813,True,,6.927491148167597e-06,128,1.4551915228366852e-14,0.0,0.6502450813196627,0.04774248559823764
common,balanced_q1,500,256,14,0.15500745338804828,2,True,0.5898864419801101,7.400007400007492e-05,0.04448376057495267,True,,5.941942643694631e-06,128,7.275957614183426e-15,0.0,0.60988856826458,0.050276515433128666
common,balanced_q1,500,256,15,0.31421156033326153,2,True,0.5997551474969184,1.5364118637333505e-05,0.03615971295668322,True,,5.175940982149463e-06,128,7.275957614183426e-15,0.0,0.5951403690091149,0.05145960130961123
common,balanced_q1,500,256,16,0.3908995177824335,5,True,0.6093950753085774,9.304569550398486e-05,0.045854148170798706,True,,9.75310217921077e-06,128,7.275957614183426e-15,0.0,0.6011244657917029,0.055363566053941764
common,balanced_q1,500,256,17,0.2878220092752293,0,True,0.5977324234340375,6.049614373715793e-05,0.03506000484996317,True,,8.82581990035991e-06,128,0.0,0.0,0.6109746829578143,0.046232324627344584
common,balanced_q1,500,256,18,0.30526775755725827,0,True,0.6089562795365598,0.0009087943328517362,0.050414803493468996,True,,9.518392497298578e-06,128,7.275957614183426e-15,0.0,0.6321899974630617,0.05324470559628826
common,balanced_q1,500,256,19,0.16105722800943623,2,True,0.6014821360161892,0.00041045947316318757,0.05929983329364162,True,,9.863572174806379e-06,128,0.0,0.0,0.6390068003695036,0.05234942175801791
common,balanced_q1,500,256,20,0.396581902659872,1,True,0.6045793160106976,0.00034164435519856533,0.054340863286037086,True,,8.841438988049788e-06,128,7.275957614183426e-15,0.0,0.637226783912035,0.050591928823466796
common,balanced_q1,500,256,21,0.22739496475036625,1,True,0.600036344407832,0.000340782598650523,0.04442130169072143,True,,7.89878300433422e-06,128,0.0,0.0,0.6386573775329207,0.04280855372141715
common,balanced_q1,500,256,22,0.19084186337841313,1,True,0.6061187814731287,0.0005110367004927464,0.03610301472253799,True,,9.711071801365989e-06,128,7.275957614183426e-15,0.0,0.640658465176956,0.05199419772826185
common,balanced_q1,500,256,23,0.23887880445661497,1,True,0.6066841634504858,0.000748750247748254,0.04817678014822986,True,,6.279884620652432e-06,128,0.0,0.0,0.6237427816153995,0.051251131010601386
common,balanced_q1,500,256,24,0.2321569337563874,1,True,0.590944875304128,0.0005391493647192823,0.057825409639001096,True,,9.762483895059404e-06,128,7.275957614183426e-15,0.0,0.6162701372686301,0.050595681262956514
common,balanced_q1,500,256,25,0.21414359707467917,0,True,0.6020162177364464,0.0004700759543778915,0.05323604898128104,True,,8.114306941919835e-06,256,0.0,0.0,0.6329411331971623,0.05165446747389209
common,balanced_q1,500,256,26,0.3211565222545246,1,True,0.5934625468277592,0.00043309938563100586,0.04689287075867355,True,,8.72635238913233e-06,128,7.275957614183426e-15,0.0,0.6253454294758944,0.05304052923479172
common,balanced_q1,500,256,27,0.15344373392053912,1,True,0.5912569517029271,0.0003647957854242733,0.03697771704878375,True,,8.85881926215859e-06,128,1.4551915228366852e-14,0.0,0.6408729268869892,0.05101361443083204
common,balanced_q1,500,256,28,0.2058529985248143,2,True,0.6029374083741799,0.0004823542867372475,0.04693070530532483,True,,9.5432682070129e-06,128,0.0,0.0,0.6297606922582935,0.05442860534694759
common,balanced_q1,500,256,29,0.25918009889421173,2,True,0.6039900610057172,0.0001401675230681127,0.03992995089904604,True,,9.162696871012344e-06,128,0.0,0.0,0.6237696011823629,0.0550394797917261
common,balanced_q1,500,32,0,0.37234798372033956,0,True,0.5911037960014354,0.0021624961383997212,0.041567762470961146,True,,5.85443165612709e-06,128,0.0,0.0,0.6419185558881022,0.05521982832404979
common,balanced_q1,500,32,1,0.20163534599146404,0,True,0.6191034083538426,0.0009914971607126847,0.05323116376921243,True,,6.2543410910276265e-06,128,9.094947017729283e-16,0.0,0.6397029878000673,0.05366454022327992
common,balanced_q1,500,32,2,0.06435498043955021,0,True,0.5800747494316578,0.00038529046620146637,0.019531072701299654,True,,8.930733787382295e-06,128,9.094947017729283e-16,0.0,0.5628612821995628,0.049325290082613514
common,balanced_q1,500,32,3,0.37663661089355865,0,True,0.5970089225508898,0.0035147594427323526,0.04508611121284214,True,,4.643587050212616e-06,128,9.094947017729283e-16,0.0,0.6331349341268482,0.04697782623722283
common,balanced_q1,500,32,4,0.07570650187945616,0,True,0.605543615794212,0.0003115911923556236,0.03472517456119163,True,,6.1750911510838336e-06,128,0.0,0.0,0.6322085428782525,0.041807758688030175
common,balanced_q1,500,32,5,0.3213124164117528,0,True,0.5955604380390891,0.0035122110593807953,0.05468071445490057,True,,7.720497629648548e-06,128,0.0,0.0,0.5999180587813041,0.043697670347209665
common,balanced_q1,500,32,6,0.2644265689486064,0,True,0.6209505929855439,4.58463522167427e-05,0.0491698599255338,True,,9.281083695800163e-06,128,0.0,0.0,0.6198614884997384,0.03949985392444531
common,balanced_q1,500,32,7,0.35389529389400115,0,True,0.5830691885772792,0.0010790812394019132,0.040961027501174196,True,,4.4118196433906576e-06,128,4.5947945181978864e-10,0.0,0.5893557305242842,0.04332284098130792
common,balanced_q1,500,32,8,0.0714227176977569,1,True,0.5832890889806257,0.000368285368548429,0.02564401197277697,True,,6.418016221476641e-06,128,3.608923179854173e-09,0.0,0.5923654512754067,0.04371594846910138
common,balanced_q1,500,32,9,0.16508177278373817,0,True,0.6105683089327224,0.0011669059704287818,0.02534904132893049,True,,9.492801051669275e-06,128,0.0,0.0,0.6242851521196794,0.050601279492506694
common,balanced_q1,500,32,10,0.3418984785593462,0,True,0.5978920906526948,0.0028405728488578325,0.04209034076155982,True,,5.507088709277852e-06,128,9.094947017729283e-16,0.0,0.6147907480407675,0.04505509549995472
common,balanced_q1,500,32,11,0.32747973094076055,0,True,0.5827339520451812,0.0018899125915426242,0.038682234085828285,True,,4.996633439446896e-06,128,0.0,0.0,0.5960772930447056,0.03931417713054312
common,balanced_q1,500,32,12,0.36395783425170486,0,True,0.6011677698777999,0.0045757912832439795,0.03596138615641326,True,,8.909648468780063e-06,128,0.0,0.0,0.5977358010782198,0.04767031444139043
common,balanced_q1,500,32,13,0.08635839493518,0,True,0.5987633844151217,0.0001648318281584822,0.007837834424267671,True,,7.833141416169198e-06,128,4.882167559117079e-12,0.0,0.5711706188048532,0.05309874801822098
common,balanced_q1,500,32,14,0.1010597771903262,0,True,0.5894087458826132,0.0008960573476702365,0.06423478533223707,True,,9.33064759278679e-06,128,1.174143108073622e-09,0.0,0.6324822468003857,0.04121885526444261
common,balanced_q1,500,32,15,0.26872364545380595,0,True,0.5818553901695082,0.0035894089129217873,0.03345810626491271,True,,8.958612496945406e-06,128,0.0,0.0,0.5963333614169702,0.05262464693850219
common,balanced_q1,500,32,16,0.11883197086841447,0,True,0.6150840051489448,0.0006856282460912424,0.04333538021992642,True,,6.392668548960145e-06,128,1.3435383152682335e-09,0.0,0.644926718313853,0.052573388503165064
common,balanced_q1,500,32,17,0.24696151405599243,0,True,0.5800296253944313,0.001353005605308924,0.033887150408508024,True,,6.742869556930486e-06,128,2.7284841053187848e-15,0.0,0.6135769898572851,0.05314116673062836
common,balanced_q1,500,32,18,0.05655885497033773,0,True,0.5774773247323826,0.00011439369224707286,0.00742416500010391,True,,4.8102278350503624e-06,128,9.094947017729283e-16,0.0,0.6002507300021787,0.06691066689754088
common,balanced_q1,500,32,19,0.20777773908803265,0,True,0.5898590701103547,0.0005586620811956389,0.03870324573889415,True,,9.846110078370884e-06,128,6.002665031701327e-14,0.0,0.6135089149297673,0.051717947548271546
common,balanced_q1,500,32,20,0.06524027178723273,0,True,0.5815389907032928,0.0001648318281584827,0.021297133351462796,True,,3.42511672823953e-06,128,7.088510756148025e-11,0.0,0.5876459253084998,0.04940027603003633
common,balanced_q1,500,32,21,0.11193870011179785,0,True,0.5911792624358347,0.00022762674569629538,0.03630675748707572,True,,5.801563685681188e-06,128,0.0,0.0,0.5963946670248159,0.04891812873190947
common,balanced_q1,500,32,22,0.24776803353160765,1,True,0.622449749074622,0.0014554129323834613,0.06068222366768537,True,,9.388804371512904e-06,128,1.54473127622623e-10,0.0,0.6259818891016171,0.04865576758457501
common,balanced_q1,500,32,23,0.32529245454408934,0,True,0.592503267706877,0.0010323677658346786,0.06262186123177362,True,,8.835998756895336e-06,128,6.730260793119669e-14,0.0,0.6372199205856762,0.05016136197558858
common,balanced_q1,500,32,24,0.3502083359897389,0,True,0.5793620148816397,0.004154447702834751,0.038502160042096556,True,,9.357590223024737e-06,128,0.0,0.0,0.5780008627115055,0.0508744309079109
common,balanced_q1,500,32,25,0.1344221290790875,0,True,0.5684230775314685,0.0006646633152657087,0.04238476223455104,True,,6.177052692679652e-06,128,1.935040927492082e-11,0.0,0.5799714380712689,0.043994065114739
common,balanced_q1,500,32,26,0.2980480078779048,0,True,0.5984362821471746,0.0007649646203862802,0.024191516511025066,True,,8.262993493435289e-06,128,0.0,0.0,0.6123707208705048,0.052948828729236785
common,balanced_q1,500,32,27,0.3003209642021142,0,True,0.5845989199602145,0.001082663263864911,0.05521189475491062,True,,8.977334253978952e-06,128,1.8189894035458565e-15,0.0,0.579971226514396,0.046716698667414555
common,balanced_q1,500,32,28,0.2199881577759517,1,True,0.6299448998406805,0.0017224167627875287,0.04886024234976765,True,,7.665165967507548e-06,128,1.7462298274040223e-13,0.0,0.66887139498224,0.05596338145118072
common,balanced_q1,500,32,29,0.3263500526145757,0,True,0.5804239536738298,0.003456221198156706,0.051094500229914304,True,,6.563371144130414e-06,128,0.0,0.0,0.615205664015599,0.03835891164616704
common,balanced_q1,500,4,0,0.206647525036613,0,True,0.5708632814967437,0.02899578966652173,0.03270712900173962,True,,7.208400258695846e-06,256,8.581278176507113e-06,0.0,0.671066355742062,0.018556351713160803
common,balanced_q1,500,4,1,0.1163155425151076,0,True,0.603597781747552,0.003640097069255167,0.049503626923482036,True,,3.2389526460896434e-06,128,2.2737367544323206e-16,0.0,0.5645292834535693,0.007408485745004003
common,balanced_q1,500,4,2,0.3442349755561025,0,True,0.584787006254131,0.03361763678986483,0.04517710943257426,True,,4.288266953755837e-06,128,4.547473508864641e-16,0.0,0.7222366484085919,0.008881663135915136
common,balanced_q1,500,4,3,0.3745949178474934,0,True,0.5681516683773451,0.01930032182727228,0.05959889712584162,True,,3.9461010644670225e-06,128,1.6334323254341142e-07,0.0,0.6236604735808529,0.013384442846982928
common,balanced_q1,500,4,4,0.32825738883917327,0,True,0.527857552067897,0.007373794668179258,0.034205501929895965,True,,4.28897999293909e-06,128,6.44627151318673e-05,0.00016078715699546775,0.6211095394343678,0.011660321446052412
common,balanced_q1,500,4,5,0.17166703092589802,0,True,0.5410851529166582,0.0001331016948282501,0.018028286904262895,True,,1.7045672014992519e-06,128,2.2737367544323206e-16,0.0,0.4654272150411307,0.030459747460272992
common,balanced_q1,500,4,6,0.26916012805414674,0,True,0.6428771296849635,0.016828580973317867,0.026384805560042607,True,,9.289328854578116e-06,256,7.264109558491328e-08,0.0,0.6655964512900207,0.009167893633670439
common,balanced_q1,500,4,7,0.34025342763904765,0,True,0.6212448139557161,0.018997618532150103,0.1338482350012053,True,,1.6608231758752368e-06,128,8.54254267323995e-11,0.0,0.7236226174510346,0.016181333327429923
common,balanced_q1,500,4,8,0.24386498856361816,0,True,0.6155321401722348,0.0005456205030926922,0.04182194780078702,True,,3.915940601117995e-06,128,9.688551231693054e-05,9.424443718863973e-05,0.691588065988541,0.006172756024027617
common,balanced_q1,500,4,9,0.13580159702186367,0,True,0.6008323306942801,0.0009501453163425121,0.05347178011740927,True,,2.8960248181775228e-06,512,1.892809079890867e-07,0.0,0.7444711422641828,0.005140332553392859
common,balanced_q1,500,4,10,0.35506648286877923,0,True,0.6179482854582808,0.009306130797156928,0.03758569141833496,True,,4.655561947508602e-06,128,2.2737367544323206e-16,0.0,0.552602549478147,0.007960771183674345
common,balanced_q1,500,4,11,0.2783927671454526,0,True,0.5874346309227414,0.019886531878856948,0.03902715092277448,True,,6.08165545157302e-06,128,9.544017802909366e-08,0.0,0.6513149631528151,0.013280573460183296
common,balanced_q1,500,4,12,0.36604504366937346,0,True,0.6518297454932543,0.009208207950586036,0.07727803811557332,True,,4.238534359268797e-06,128,0.0,0.0,0.6158464837974884,0.03012921735538827
common,balanced_q1,500,4,13,0.15928388548110411,0,True,0.5484206584794925,0.003915132580626015,0.06558958283096221,True,,7.030851259415272e-06,128,0.0,0.0,0.6025865207333685,0.013075058365386945
common,balanced_q1,500,4,14,0.3282556464386465,0,True,0.5554532366241447,0.005094722914983561,0.07227255286908628,True,,9.99938846035775e-06,512,3.797140379901975e-13,0.0,0.6431207717092386,0.00869215540914075
common,balanced_q1,500,4,15,0.20889869416792672,0,True,0.5493202132954844,0.003036437246963571,0.04796050328229213,True,,8.627515058701185e-06,512,6.135941268212264e-06,0.0,0.6933933319388865,0.01645474249297877
common,balanced_q1,500,4,16,0.08460751278959638,0,True,0.6509585420019712,0.0020092292066856594,0.024718114830750555,True,,9.31300320150541e-06,512,6.899944428369053e-07,0.0,0.569634352273966,0.018643638880847545
common,balanced_q1,500,4,17,0.22093447989206255,1,True,0.5952114862374163,0.0022099811986673766,0.08039394425343849,True,,6.12677607847445e-06,128,0.0,0.0,0.40857482582264504,0.016452918676041636
common,balanced_q1,500,4,18,0.2173904962268179,0,True,0.5372404768169015,0.0062205778431168495,0.04394549997917234,True,,5.393799941799671e-06,128,2.8342128643998878e-11,0.0,0.580136641957147,0.02082164797130653
common,balanced_q1,500,4,19,0.20122579659392237,0,True,0.6375098448130208,0.009885791477342566,0.035396874159813047,True,,2.4014520434434417e-06,128,1.9785147742368282e-11,0.0,0.6520150803732294,0.011590294322265047
common,balanced_q1,500,4,20,0.2947626517089779,0,True,0.622289901824261,0.006513174375441245,0.021448715404788134,True,,2.0577796195908604e-06,128,2.2737367544323206e-16,0.0,0.5881360761537658,0.042061953423108395
common,balanced_q1,500,4,21,0.3631361809684401,0,True,0.6575526140378809,0.005557977332170895,0.039052098206176,True,,8.081557392847216e-06,128,2.2737367544323206e-16,0.0,0.6157785038829239,0.014612289015160563
common,balanced_q1,500,4,22,0.3729015264257664,1,True,0.6388023730239072,0.026962327264681347,0.20248716927477514,True,,1.9416465834656838e-06,128,2.2737367544323206e-16,0.0,0.5134980768072107,0.01674623813044748
common,balanced_q1,500,4,23,0.39544067763569507,0,True,0.605361297528711,0.0013811406596977932,0.04788753817604971,True,,1.5722715782651164e-06,128,9.094947017729283e-16,0.0,0.5672291760865111,0.01958283611329048
common,balanced_q1,500,4,24,0.06481033424246949,0,True,0.6530992088545108,0.0012886597938144373,0.07355685500933876,True,,3.6105210354797634e-06,512,1.2585247185597837e-05,0.0,0.7715466503885514,0.024057035034521154
common,balanced_q1,500,4,25,0.17725351390504618,0,True,0.6419236912557015,0.0075177390500311796,0.0223957647373736,True,,4.849739387191576e-06,128,1.5539408650511178e-08,0.0,0.6106577902804123,0.004322489912208894
common,balanced_q1,500,4,26,0.13279035787723947,0,True,0.6358722872055548,0.021151524694274074,0.06714208767907383,True,,1.0755932647876776e-06,128,8.544479896954727e-10,0.0,0.6647656898468602,0.023064390705900394
common,balanced_q1,500,4,27,0.11354498973103051,0,True,0.6065234554295067,0.0002578520472095411,0.03157727755609113,True,,3.960876501230004e-06,128,2.2737367544323206e-16,0.0,0.45203368668956934,0.024454146147063135
common,balanced_q1,500,4,28,0.38609447113686346,0,True,0.6576820203821898,0.01579901579901578,0.056643662991402034,True,,7.734934764691559e-06,128,2.2737367544323206e-16,0.0,0.735655645030533,0.01692587417858171
common,balanced_q1,500,4,29,0.13276381727871128,0,True,0.6139910037705898,0.0072378716744914045,0.06888543842591982,True,,4.1745233652079605e-06,512,6.25005020538083e-07,0.0,0.6696431163936861,0.019910574464582595
common,lead_ld_q1,1000,256,0,0.11611364927773994,0,True,0.928911436082359,0.00024263774185142022,0.07572321123003158,True,,8.119187937083439e-06,128,7.826383807696403e-11,0.0,0.932918340411099,0.024442973336313404
common,lead_ld_q1,1000,256,1,0.1171563151268263,1,True,0.929238504052853,0.00025021922359905424,0.04641549435950123,True,,8.500687339818569e-06,128,3.637978807091713e-15,0.0,0.9181507721076021,0.03508862112763228
common,lead_ld_q1,1000,256,2,0.29649162235336946,0,True,0.9326757979999857,0.0011935247082028094,0.08392700710602424,True,,9.833408900927765e-06,128,1.0186340659856796e-13,0.0,0.9333549661620378,0.022099966839925704
common,lead_ld_q1,1000,256,3,0.18388842748275752,0,True,0.9306923072617854,0.0004978746506746258,0.07802725979247475,True,,7.944735024523197e-06,128,3.645254764705896e-12,0.0,0.932735918074181,0.02425125073414977
common,lead_ld_q1,1000,256,4,0.3327822018563443,0,True,0.9269160784982176,0.0018639712583863842,0.07237647002111189,True,,8.76357169943276e-06,128,1.9936487660743297e-10,0.0,0.9351078776679236,0.01970765365210626
common,lead_ld_q1,1000,256,5,0.3053929348374782,2,True,0.9299873479061641,0.0004539423144074367,0.08234918608362587,True,,5.527221075052324e-06,128,3.336026566103101e-11,0.0,0.914786899541225,0.02942757602756852
common,lead_ld_q1,1000,256,6,0.18641485701113736,0,True,0.9298877547516161,0.00040176391197761823,0.05547852727305781,True,,7.4296604997137194e-06,128,1.133957994170487e-11,0.0,0.9275439176943444,0.02758050650523738
common,lead_ld_q1,1000,256,7,0.24581990340823923,0,True,0.932027181634004,0.0019906674087075598,0.0658784560816521,True,,8.263633137772786e-06,128,1.4852994354441762e-09,0.0,0.9373053700826514,0.01974251938506696
common,lead_ld_q1,1000,256,8,0.3293697026476539,0,True,0.9296650199809595,0.0018127663046962437,0.061805891334788504,True,,9.691057456961971e-06,128,5.583206075243652e-11,0.0,0.932112341862226,0.021538900104104947
common,lead_ld_q1,1000,256,9,0.25918109626370717,0,True,0.9288391073810021,0.0003646211013195942,0.06077313607536314,True,,9.464767774858274e-06,128,3.758032107725739e-12,0.0,0.9268097894350391,0.03408459113359965
common,lead_ld_q1,1000,256,10,0.09758519767501367,0,True,0.9275002267397928,0.00010998790133085348,0.06415616385404974,True,,9.238367828068306e-06,128,1.0913936421275139e-14,0.0,0.9256406684430379,0.02943649133649072
common,lead_ld_q1,1000,256,11,0.18239291799514978,0,True,0.9301390078772819,0.0007104130686248921,0.05578807216325257,True,,7.58076052331802e-06,128,8.258211892098189e-13,0.0,0.9269907065035414,0.027878389895753378
common,lead_ld_q1,1000,256,12,0.22959176563980943,0,True,0.931642914890157,0.0003006908078429507,0.09408572628697286,True,,9.390232568406987e-06,128,2.7882560971193016e-10,0.0,0.9378336137578049,0.020749907733362053
common,lead_ld_q1,1000,256,13,0.3773575364110473,0,True,0.9302429421230909,0.0012812510266434435,0.06517094017094033,True,,7.0536558753886425e-06,128,1.0861440387088806e-09,0.0,0.9288689703990474,0.025573335271833583
common,lead_ld_q1,1000,256,14,0.18800076529500193,0,True,0.9315768407189471,0.001325023310595268,0.06937394247038828,True,,9.14568686383177e-06,128,7.905146048869937e-10,0.0,0.9395718295327143,0.020701518875189683
common,lead_ld_q1,1000,256,15,0.37066579438279396,0,True,0.9308503130000569,0.004157881001669884,0.06734936653384771,True,,6.598823511616558e-06,128,3.554669092409313e-11,0.0,0.9395917278174827,0.021719262947287002
common,lead_ld_q1,1000,256,16,0.3079011296541961,0,True,0.9283507651117913,0.0018639712583863703,0.06434876399821884,True,,7.140648024872576e-06,128,5.446163413580507e-10,0.0,0.9360504634232965,0.021163854660162157
common,lead_ld_q1,1000,256,17,0.11646717508752318,0,True,0.9307313162106307,0.0005167396448094755,0.06209358960102203,True,,6.2327801408912364e-06,128,4.8290530685335395e-11,0.0,0.9360049311866504,0.023122634489608607
common,lead_ld_q1,1000,256,18,0.3106103593587511,0,True,0.9309552372576083,0.0004885838219171547,0.06336434498365587,True,,6.923945345960192e-06,128,1.565775164635852e-09,0.0,0.9312803812471299,0.022268625041959915
common,lead_ld_q1,1000,256,19,0.2681153816815746,0,True,0.9305451857507232,0.0008185384854215203,0.07207953603976781,True,,9.075936524549633e-06,128,4.6537024900317193e-10,0.0,0.9240656846916341,0.027364370290419215
common,lead_ld_q1,1000,256,20,0.2138708290903953,0,True,0.9304293447165678,0.0005041371855099376,0.057863387197468114,True,,9.326184665869874e-06,128,4.48872015113011e-10,0.0,0.932162938094669,0.025416376548613357
common,lead_ld_q1,1000,256,21,0.316701425347649,0,True,0.9299050718534062,0.0012957326916371494,0.052730528530011055,True,,9.336759372313708e-06,128,3.4124241210520265e-12,0.0,0.9314660212381045,0.02464977741699308
common,lead_ld_q1,1000,256,22,0.3720071547857493,0,True,0.9298291963002693,0.0023284290400146855,0.07093169722728634,True,,9.655378145012605e-06,128,5.791298463009298e-11,0.0,0.9360390908658663,0.023868300047340096
common,lead_ld_q1,1000,256,23,0.386453992435444,0,True,0.928646346387535,0.0017900591727335346,0.06170766453364877,True,,9.717317529300828e-06,128,3.4924596548080445e-13,0.0,0.931715999794331,0.026089665088352535
common,lead_ld_q1,1000,256,24,0.19603042019137884,0,True,0.9302159450131131,0.0005010020040080134,0.08377896613190741,True,,5.6110993886804295e-06,128,3.707864379975945e-10,0.0,0.9304636541891678,0.024124965519306013
common,lead_ld_q1,1000,256,25,0.204848007293295,1,True,0.9313024391657474,0.00025496010439548004,0.06169876166057463,True,,9.713926424126385e-06,128,8.512870408594609e-13,0.0,0.9188614145007673,0.03398288960062227
common,lead_ld_q1,1000,256,26,0.24313684075527114,0,True,0.9304126907576776,0.0022999190620817712,0.07259144002226105,True,,9.405489143077261e-06,128,1.851731212809682e-11,0.0,0.9402819806075146,0.019351872421914242
common,lead_ld_q1,1000,256,27,0.3626375123073417,0,True,0.9284652561324992,0.0021247067781830537,0.08481341988969567,True,,4.838771524795504e-06,128,2.3945176508277654e-11,0.0,0.9342219755796151,0.019272028773375353
common,lead_ld_q1,1000,256,28,0.34376507071377654,0,True,0.9306034548099694,0.0017596370728667648,0.09048652565852836,True,,8.610553402732535e-06,128,2.735760062932968e-12,0.0,0.9371802301219454,0.01921869413645895
common,lead_ld_q1,1000,256,29,0.18547346178693558,0,True,0.9289141314864611,0.0006560485353746948,0.0701075091985531,True,,6.721925855490696e-06,128,2.8155409381724894e-10,0.0,0.9365330153597691,0.020871896201454968
common,lead_ld_q1,1000,32,0,0.29108469112880575,0,True,0.9264943165521091,0.002052516101634963,0.05859415668600023,True,,6.706976935610953e-06,128,9.025517101690639e-09,0.0,0.9255440213825005,0.02200668041446694
common,lead_ld_q1,1000,32,1,0.37977630825689307,0,True,0.924068649979035,0.0017977254447047255,0.050570434992613045,True,,7.431492196730005e-06,128,5.376205081120133e-09,0.0,0.9237681189565283,0.020681033710741283
common,lead_ld_q1,1000,32,2,0.33770818499485117,0,True,0.9323632410460396,0.004247722235902431,0.0649450875216378,True,,6.51557190423091e-06,128,1.1564815395104233e-08,0.0,0.946212405718796,0.01570785798933454
common,lead_ld_q1,1000,32,3,0.22493165102308266,0,True,0.928566652401734,0.006120825247944551,0.06879303589321731,True,,9.446981381167063e-06,128,1.1751035344786943e-10,0.0,0.930793055931346,0.016714206444563676
common,lead_ld_q1,1000,32,4,0.29325049893199145,0,True,0.9327448640643835,0.002406044659565791,0.07879019511589641,True,,7.508044029602701e-06,128,1.273577436222695e-07,0.0,0.9351053605682935,0.01583541425953623
common,lead_ld_q1,1000,32,5,0.3893065143436429,0,True,0.9277755386296341,0.0007159818480573142,0.055200479333466425,True,,6.462047869248977e-06,128,1.6551177395740524e-08,0.0,0.9244416062183406,0.034340697046348595
common,lead_ld_q1,1000,32,6,0.32377406858773294,0,True,0.9338639803049003,0.0009870487243143025,0.07474276657317025,True,,5.0321559430521745e-06,128,2.8775866667274386e-10,0.0,0.9218985417696596,0.03680915782889055
common,lead_ld_q1,1000,32,7,0.16797189654062916,0,True,0.9288439938407809,0.0011755118524768586,0.08308208618729201,True,,9.954736825523725e-06,128,3.587892933865078e-10,0.0,0.9367432263040303,0.017674276698582538
common,lead_ld_q1,1000,32,8,0.19747419802522242,0,True,0.9274850543410305,0.0013600403542490026,0.1019410612169224,True,,7.869156121387277e-06,128,6.047788701835088e-09,0.0,0.9368811522950076,0.015477077910186833
common,lead_ld_q1,1000,32,9,0.30238911159355003,0,True,0.9338222186389018,0.0033786803482364547,0.09571296250173242,True,,5.8647736698169695e-06,128,5.330230123945512e-10,0.0,0.9427943221072045,0.018030738828109783
common,lead_ld_q1,1000,32,10,0.054839106945294036,0,True,0.9313719928296297,0.000433393385227232,0.05489008391060059,True,,4.8266928822648936e-06,128,4.368714326119516e-08,0.0,0.9392084336758785,0.025337348811970934
common,lead_ld_q1,1000,32,11,0.10412623024150394,0,True,0.9300473300410543,0.0011598707250881299,0.04668944101395386,True,,8.044397111106605e-06,128,3.742025000974536e-10,0.0,0.9354535153860387,0.01628137591388226
common,lead_ld_q1,1000,32,12,0.2513269575650055,0,True,0.9271404151744536,0.0018853277143174104,0.08892605295744616,True,,7.86218076864742e-06,128,4.561806235869881e-09,0.0,0.9302053670492678,0.020253567168403725
common,lead_ld_q1,1000,32,13,0.13257936555664246,0,True,0.9324701069427432,0.001007210121874757,0.061755283246744425,True,,8.215884918172378e-06,128,4.873372745350934e-10,0.0,0.9306704708403442,0.02011323036778045
common,lead_ld_q1,1000,32,14,0.20660308237507474,0,True,0.9323393053192903,0.0022988854578424004,0.05406254232949903,True,,9.92227473339824e-06,128,1.36633389047347e-11,0.0,0.9246650488992163,0.024957984952426328
common,lead_ld_q1,1000,32,15,0.37964218490471346,0,True,0.9312088052580515,0.003948073330788184,0.06853472421708823,True,,8.998144719996048e-06,128,2.8816648409701884e-09,0.0,0.938542326696791,0.014747096289479912
common,lead_ld_q1,1000,32,16,0.39582809721579754,0,True,0.9239834460452926,0.0013527893307553236,0.05879319781606692,True,,8.363693978274966e-06,128,1.9460851035546512e-08,0.0,0.9283053209959569,0.017263681611306935
common,lead_ld_q1,1000,32,17,0.0703259114835747,0,True,0.9312509849905959,0.00041273280709900624,0.06877088190691252,True,,8.178474402598113e-06,128,4.033026925753802e-10,0.0,0.9346399299254484,0.01918671453337876
common,lead_ld_q1,1000,32,18,0.3952673392854237,0,True,0.9235556314042715,0.0030311880041490233,0.06908107995666203,True,,8.287994802902432e-06,128,8.814977900328813e-08,0.0,0.9244535857265367,0.022800501900920048
common,lead_ld_q1,1000,32,19,0.3728251655377179,0,True,0.9352237218983792,0.0016706417853872815,0.03955674264465643,True,,3.348576075090648e-06,128,4.384040266813827e-08,0.0,0.9349847746411627,0.02429722555161871
common,lead_ld_q1,1000,32,20,0.29511531599692653,0,True,0.9309656891128276,0.0016966871754443302,0.06121869490771608,True,,7.480348552579841e-06,128,5.475158104673028e-13,0.0,0.9200838250513118,0.020180096941874396
common,lead_ld_q1,1000,32,21,0.14463367112340264,0,True,0.9322029057201167,0.002453004118787451,0.05806181570233129,True,,9.350316322986885e-06,128,2.1434334485093132e-10,0.0,0.9382909129626253,0.01647550976007316
common,lead_ld_q1,1000,32,22,0.31977647910270907,0,True,0.92733376396702,0.004215095449085672,0.09003672393676676,True,,4.197370594649641e-06,128,2.3989905457710846e-09,0.0,0.9346102596191608,0.018364004638633663
common,lead_ld_q1,1000,32,23,0.10796237987118901,0,True,0.9244097693631684,0.0018455808220370967,0.028576419338981543,True,,7.897489262109758e-06,128,4.982030077371746e-11,0.0,0.921153228186118,0.032326555220476255
common,lead_ld_q1,1000,32,24,0.36213775614313537,0,True,0.9261425226774093,0.0016779309892293404,0.07114553967012294,True,,2.4456394291938466e-06,128,4.8495355258637576e-08,0.0,0.936450053810846,0.017146350001039045
common,lead_ld_q1,1000,32,25,0.13499163307623843,0,True,0.9247834928765342,0.001527768609070408,0.06756308097272457,True,,9.215480361035588e-06,128,2.829659206327051e-08,0.0,0.931696981440331,0.019200009585848724
common,lead_ld_q1,1000,32,26,0.2613627674496956,0,True,0.9337667860892519,0.0003721142267095536,0.06756767247579293,True,,9.14894380299458e-06,128,2.74855483439751e-09,0.0,0.9209720343294022,0.020999855783891224
common,lead_ld_q1,1000,32,27,0.35345903760277647,0,True,0.9286261351542618,0.0028266331658291424,0.10263080628304763,True,,9.796428744657248e-06,128,9.889057764667086e-09,0.0,0.9370105139941608,0.01829470486100276
common,lead_ld_q1,1000,32,28,0.15931622185096397,0,True,0.9310031330555646,0.0007763751904994661,0.060302920881650915,True,,7.648761872314225e-06,128,1.1800293577834963e-09,0.0,0.9395880962924512,0.01340835478808901
common,lead_ld_q1,1000,32,29,0.29320195398168647,0,True,0.9327400128006222,0.0033421544919468612,0.07139553215886411,True,,5.303066163531156e-06,128,2.7208210667595266e-08,0.0,0.9374082140702299,0.014187625642618173
common,lead_ld_q1,1000,4,0,0.37061504903454273,0,True,0.9176861245308547,0.029717222267064674,0.17376534170988875,True,,3.5022607143275764e-06,256,5.566102815919294e-06,0.0,0.9337523217797925,0.0011423796099424514
common,lead_ld_q1,1000,4,1,0.075965254840843,0,True,0.9221888011696379,0.0004133220213622206,0.14398260032105192,True,,6.4965465322863736e-06,128,1.1525332511155283e-06,0.0,0.9435546087998474,0.0031523044753814186
common,lead_ld_q1,1000,4,2,0.16751417180753858,0,True,0.9391138562783754,0.0035256155368069164,0.02947606311653362,True,,4.54493314361315e-06,256,1.3947886259302322e-06,0.0,0.9349264069289618,0.004081037881762207
common,lead_ld_q1,1000,4,3,0.2880642513599945,0,True,0.927802379323099,0.0023647650014779614,0.1367206299497074,True,,9.035925632616681e-06,128,8.183004138118121e-08,0.0,0.9253589573765841,0.0021683120780461285
common,lead_ld_q1,1000,4,4,0.3812242933792788,0,True,0.9265121379042286,0.016550731590309155,0.1266717138703739,True,,1.7205688944699205e-06,256,1.4551544950336392e-07,0.0,0.9399683423426632,0.001881921611657317
common,lead_ld_q1,1000,4,5,0.07106313453211384,0,True,0.9215996320375341,0.020873078217932918,0.2381959393525481,True,,9.107832994459386e-06,256,4.612466885077993e-06,0.0,0.9369310884714714,0.00645807532207573
common,lead_ld_q1,1000,4,6,0.3051078860679326,0,True,0.9201811722158262,0.005671729623880128,0.054221679558838665,True,,7.006346321780654e-06,256,8.06634114951521e-07,0.0,0.9278109389072619,0.0027920239390508707
common,lead_ld_q1,1000,4,7,0.25273111541208504,0,True,0.9367703277272452,0.006559708081391201,0.22829842715825144,True,,4.319076662540056e-06,128,3.4893986610313734e-06,0.000382516003407829,0.919467663745583,0.0014788984203604927
common,lead_ld_q1,1000,4,8,0.14905764022548634,0,True,0.9371090043682537,0.004089360454779212,0.04341569965464062,True,,3.6720296479053616e-06,128,1.2088635455711484e-06,0.0,0.9345405795659609,0.0034032587294207726
common,lead_ld_q1,1000,4,9,0.31659240616766077,0,True,0.9324455129133252,0.0019073343521578755,0.10914249691566329,True,,5.903791683969928e-06,128,3.4042496865822614e-06,0.0,0.9276394540700783,0.006478165392007481
common,lead_ld_q1,1000,4,10,0.23805764729509882,0,True,0.9263044843098729,0.0836934583142437,0.17684256130569775,True,,5.80712339903755e-06,128,5.1065077059320175e-08,0.0,0.9630505283150509,0.0014204554400760188
common,lead_ld_q1,1000,4,11,0.19019636248335192,0,True,0.9103424463395186,0.004396415326791906,0.0204041033340907,True,,2.7841130343375653e-06,512,6.787840210790818e-06,0.0,0.9425168267884605,0.003485820801702854
common,lead_ld_q1,1000,4,12,0.07253083674065641,0,True,0.9300026574547857,0.0005715685473993675,0.05664771704724748,True,,2.894571649481037e-06,512,0.00010260955093735901,0.0,0.9258994480002644,0.0033249780815410033
common,lead_ld_q1,1000,4,13,0.319738382061521,0,True,0.932731861256357,0.002289467717042228,0.13750488537645664,True,,4.427442375831703e-06,256,4.5086403792993226e-07,0.0,0.9126682624061415,0.0033309671046938298
common,lead_ld_q1,1000,4,14,0.3362600962916267,0,True,0.9275002313806187,0.004026212700101537,0.12326680043431251,True,,2.0126075011006606e-06,128,2.9912164336565184e-09,0.0,0.9210575249698989,0.0022092844579423045
common,lead_ld_q1,1000,4,15,0.06535025622818626,0,True,0.9417816492603286,0.0004900614461659391,0.1376263072974185,True,,2.6992157211580547e-06,256,7.906032783466799e-07,0.0,0.9156263144836412,0.005579597171510279
common,lead_ld_q1,1000,4,16,0.21190921305554156,0,True,0.924416710423577,0.0015374555993426023,0.0219311616483946,True,,1.169602733774866e-06,512,1.0111007558066376e-05,0.0,0.9527474180718514,0.0035812514793411836
common,lead_ld_q1,1000,4,17,0.09254692770811304,0,True,0.9366774220249191,0.03413507974275042,0.153468281866508,True,,8.098857930960435e-07,256,1.975042498088442e-05,0.0,0.9197795642668405,0.005833052567398649
common,lead_ld_q1,1000,4,18,0.33630129241031653,0,True,0.9357242156360064,0.008196745470568622,0.026725540343370574,True,,8.27694204819096e-06,256,7.395435834496311e-07,0.0,0.9535025115678606,0.002994062222469759
common,lead_ld_q1,1000,4,19,0.2879409710769057,0,True,0.9292186209656913,0.011595357239739286,0.04101680165630914,True,,4.1226487730305905e-06,128,7.413288967654807e-07,0.0,0.9485986896679084,0.001154714293766026
common,lead_ld_q1,1000,4,20,0.3361652961953995,0,True,0.9381058046013505,0.033892109248524614,0.04087273423958171,True,,9.377311170677416e-06,128,6.135650892247213e-09,0.0,0.9220812081572951,0.002078832628576334
common,lead_ld_q1,1000,4,21,0.2649361192908423,0,True,0.928236420064225,0.023103107942070676,0.05711841168531397,True,,8.901367621660938e-06,128,2.6097687832589146e-06,0.0,0.9066926719105097,0.004018362799506188
common,lead_ld_q1,1000,4,22,0.3412887706264125,0,True,0.9280540921306664,0.002554249376596388,0.045958459253782544,True,,3.711681415552448e-06,256,1.644169684368535e-06,0.0,0.9100337515591541,0.005848702604104338
common,lead_ld_q1,1000,4,23,0.3973126533626035,0,True,0.9279914553974139,0.03878366189923995,0.15263512006464922,True,,2.474943295194265e-06,128,2.266630453959806e-07,0.0,0.9292779456773295,0.0024853065426262556
common,lead_ld_q1,1000,4,24,0.3447248141957596,0,True,0.9319681113912222,0.004087201759141462,0.06469531605151571,True,,1.878442660085966e-06,128,7.890500903613429e-07,0.0,0.9517431426979372,0.011041658571693178
common,lead_ld_q1,1000,4,25,0.36631761226174775,0,True,0.9386616758952815,0.013415302346432689,0.1937922466139126,True,,3.1230482075983446e-06,128,8.745511900087876e-08,0.0,0.944366722169593,0.001967363076835777
common,lead_ld_q1,1000,4,26,0.16030213216988368,0,True,0.9265674250484792,0.019623366478771873,0.03218192988227958,True,,9.968581830221979e-06,128,3.4223398870381062e-09,0.0,0.9308086024779859,0.005346268138171285
common,lead_ld_q1,1000,4,27,0.12052011475270218,0,True,0.917739961316881,0.0026912243793813725,0.025919995523915624,True,,6.3082066064090725e-06,256,2.1266963665311776e-07,0.0,0.9402324809119028,0.003748470923166039
common,lead_ld_q1,1000,4,28,0.09715957170923836,0,True,0.9365927247646633,0.0013046928591604204,0.19428111388604674,True,,1.5695696000683768e-06,256,1.7232798177246879e-07,0.0,0.9244893710834324,0.0018339393828005913
common,lead_ld_q1,1000,4,29,0.1786096514428161,0,True,0.9386727687924683,0.0033777149365696825,0.03154606935713097,True,,6.74147990942231e-06,128,1.4069729518269014e-06,0.0,0.9257930952561308,0.003442621007193617
common,lead_ld_q1,2000,256,0,0.11611364927773994,0,True,0.928911436082359,0.00031928750851197647,0.07293171908447757,True,,6.605381793534093e-06,128,1.78661139216274e-11,0.0,0.9296970272852,0.017258639208155145
common,lead_ld_q1,2000,256,1,0.1171563151268263,0,True,0.929238504052853,0.0005065306270125534,0.05156967219392013,True,,5.971156829431834e-06,128,6.83103280607611e-11,0.0,0.9225705421200647,0.01902549891272649
common,lead_ld_q1,2000,256,2,0.29649162235336946,0,True,0.9326757979999857,0.001700753190698705,0.08065684875248819,True,,9.919575872263664e-06,128,7.285052561201155e-11,0.0,0.9335560823722941,0.015290139228217056
common,lead_ld_q1,2000,256,3,0.18388842748275752,0,True,0.9306923072617854,0.0012678830061960324,0.0749990429757262,True,,4.6719799167149745e-06,128,9.38598532229662e-12,0.0,0.9335271060616313,0.015404629135102045
common,lead_ld_q1,2000,256,4,0.3327822018563443,0,True,0.9269160784982176,0.0020095385292106245,0.07333940223589339,True,,9.752901347415133e-06,128,3.061250026803464e-10,0.0,0.9316146638905441,0.014868179675669923
common,lead_ld_q1,2000,256,5,0.3053929348374782,0,True,0.9299873479061641,0.0011445219019872918,0.07707344778283096,True,,7.710076306732816e-06,128,1.1920928955078125e-10,0.0,0.9310401378546246,0.01564532161067709
common,lead_ld_q1,2000,256,6,0.18641485701113736,0,True,0.9298877547516161,0.0009721755188750317,0.05171576608227202,True,,8.884408736253846e-06,128,7.039488991722465e-12,0.0,0.9285433771491612,0.021892837250718594
common,lead_ld_q1,2000,256,7,0.24581990340823923,0,True,0.932027181634004,0.0017704636225311552,0.06815360710572,True,,7.464857931793745e-06,128,2.6665293262340127e-10,0.0,0.93675569541825,0.01372850653106096
common,lead_ld_q1,2000,256,8,0.3293697026476539,0,True,0.9296650199809595,0.0018001041094138038,0.05947304651309232,True,,8.30560998643648e-06,128,1.867483661044389e-10,0.0,0.9317615544315769,0.015248936149400004
common,lead_ld_q1,2000,256,9,0.25918109626370717,0,True,0.9288391073810021,0.001403725563522624,0.05764347089576807,True,,9.9057566651517e-06,128,2.8325302992016076e-11,0.0,0.9313132689408948,0.01820497732366429
common,lead_ld_q1,2000,256,10,0.09758519767501367,0,True,0.9275002267397928,0.00017343360271863609,0.06902206320057892,True,,8.153103614461088e-06,128,9.225550456903876e-11,0.0,0.9242249787466299,0.018812509448237997
common,lead_ld_q1,2000,256,11,0.18239291799514978,0,True,0.9301390078772819,0.0007683809848791187,0.053078194234798266,True,,5.231668747107676e-06,128,7.716153049841523e-12,0.0,0.926466777841732,0.01831233550339803
common,lead_ld_q1,2000,256,12,0.22959176563980943,0,True,0.931642914890157,0.0013236682069961104,0.08489279597491653,True,,9.353084596597228e-06,128,5.048786988481879e-11,0.0,0.935788347655735,0.013567984298218597
common,lead_ld_q1,2000,256,13,0.3773575364110473,0,True,0.9302429421230909,0.0013556030753879868,0.056416995421218794,True,,9.735609117544897e-06,128,1.5032128430902957e-11,0.0,0.9269865320914342,0.017956592519220663
common,lead_ld_q1,2000,256,14,0.18800076529500193,0,True,0.9315768407189471,0.0009666457392846847,0.06977978665089175,True,,6.342885075394378e-06,128,2.7004716685041785e-11,0.0,0.9352125043457769,0.014718738051832611
common,lead_ld_q1,2000,256,15,0.37066579438279396,0,True,0.9308503130000569,0.004995429019198099,0.05725442122825245,True,,9.240200128601828e-06,128,4.156063369009644e-10,0.0,0.9364070656182246,0.0162224922729723
common,lead_ld_q1,2000,256,16,0.3079011296541961,0,True,0.9283507651117913,0.0032117105033633866,0.06439000976652468,True,,9.695425101874378e-06,128,3.499590093269944e-10,0.0,0.9363407673488322,0.013523226981221517
common,lead_ld_q1,2000,256,17,0.11646717508752318,0,True,0.9307313162106307,0.00043854277372377417,0.056342871081649315,True,,7.99461615663688e-06,128,5.909896572120488e-11,0.0,0.9286043770740166,0.018610010420671282
common,lead_ld_q1,2000,256,18,0.3106103593587511,0,True,0.9309552372576083,0.0013709250020804422,0.06439000976652454,True,,9.068415300017563e-06,128,2.351225703023374e-11,0.0,0.9300983029196326,0.01610443885134254
common,lead_ld_q1,2000,256,19,0.2681153816815746,0,True,0.9305451857507232,0.00135237875500539,0.07550180286186019,True,,6.9605010990514415e-06,128,5.204856279306114e-11,0.0,0.9311531791336067,0.01629214944236481
common,lead_ld_q1,2000,256,20,0.2138708290903953,0,True,0.9304293447165678,0.00041510894292938873,0.05993892520952582,True,,6.079275965298336e-06,128,4.61328454548493e-10,0.0,0.9293112622061712,0.01792023830609906
common,lead_ld_q1,2000,256,21,0.316701425347649,0,True,0.9299050718534062,0.00137092500208044,0.056856702638843556,True,,9.502084395762722e-06,128,1.4268516679294406e-10,0.0,0.9309986595352242,0.016907548365139156
common,lead_ld_q1,2000,256,22,0.3720071547857493,0,True,0.9298291963002693,0.0022985021848399676,0.06666244247749872,True,,9.175234010783129e-06,128,3.611421561799943e-11,0.0,0.9344803792725146,0.017250009696151827
common,lead_ld_q1,2000,256,23,0.386453992435444,0,True,0.928646346387535,0.0024096385542168655,0.0630606454177858,True,,9.488619320041636e-06,128,4.7533831093460324e-11,0.0,0.9305431044993203,0.016508139825974825
common,lead_ld_q1,2000,256,24,0.19603042019137884,0,True,0.9302159450131131,0.000605175259688644,0.0730465441027006,True,,9.594897457443352e-06,128,2.7761416276916862e-11,0.0,0.9280842109655315,0.01790979875277418
common,lead_ld_q1,2000,256,25,0.204848007293295,0,True,0.9313024391657474,0.001183559456037967,0.06699908834499999,True,,9.55891949061538e-06,128,6.099799065850675e-11,0.0,0.9338181906171344,0.01707735028275238
common,lead_ld_q1,2000,256,26,0.24313684075527114,0,True,0.9304126907576776,0.0018287540889395876,0.07277767990431014,True,,9.628570424080607e-06,128,9.905488695949317e-11,0.0,0.9390195648171448,0.0140337892298275
common,lead_ld_q1,2000,256,27,0.3626375123073417,0,True,0.9284652561324992,0.002172016262275615,0.07403755558722305,True,,7.380466739537184e-06,128,2.2377207642421126e-11,0.0,0.9333971300112421,0.01399781918312213
common,lead_ld_q1,2000,256,28,0.34376507071377654,0,True,0.9306034548099694,0.0027657668185890184,0.08238801958409435,True,,8.81983230716088e-06,128,8.983261068351567e-11,0.0,0.9339079781763804,0.01381553077657617
common,lead_ld_q1,2000,256,29,0.18547346178693558,0,True,0.9289141314864611,0.0008265495013895204,0.06580631359408418,True,,8.174574835262405e-06,128,2.032174961641431e-11,0.0,0.9326831156321002,0.016813150796478833
common,lead_ld_q1,2000,32,0,0.29108469112880575,0,True,0.9264943165521091,0.0020030221035246005,0.06381251566147315,True,,4.68286216559477e-06,128,1.3244971341919154e-11,0.0,0.9214808333869466,0.015911185732086205
common,lead_ld_q1,2000,32,1,0.37977630825689307,0,True,0.924068649979035,0.0021344803274483052,0.04893018478447575,True,,7.65322849138883e-06,128,8.257302397396416e-12,0.0,0.9167983390888796,0.01739936906964442
common,lead_ld_q1,2000,32,2,0.33770818499485117,0,True,0.9323632410460396,0.004008451316075238,0.06365577834714119,True,,9.289440423998485e-06,128,1.976746898435522e-08,0.0,0.9464194221468615,0.009246408037532655
common,lead_ld_q1,2000,32,3,0.22493165102308266,0,True,0.928566652401734,0.005064111879981674,0.07230858460647864,True,,8.510847895770723e-06,128,3.924087650375441e-10,0.0,0.9367553497358444,0.010533463680600012
common,lead_ld_q1,2000,32,4,0.29325049893199145,0,True,0.9327448640643835,0.0022919551166493595,0.07953777395402203,True,,5.726402982020318e-06,128,3.505580025375821e-08,0.0,0.9280030785776062,0.012451242127178965
common,lead_ld_q1,2000,32,5,0.3893065143436429,0,True,0.9277755386296341,0.002065217575153756,0.05590474235859082,True,,6.382835665785791e-06,128,2.2725544113200156e-11,0.0,0.9268752493422581,0.013752482259770372
common,lead_ld_q1,2000,32,6,0.32377406858773294,0,True,0.9338639803049003,0.0028930982343766923,0.07291801504406706,True,,8.914128253767473e-06,128,5.527908797375858e-12,0.0,0.9261783891589822,0.02104540896870465
common,lead_ld_q1,2000,32,7,0.16797189654062916,0,True,0.9288439938407809,0.0015149636680868862,0.08179699302768986,True,,9.162679205587665e-06,128,4.402409103931859e-10,0.0,0.94100290956166,0.014289883972463084
common,lead_ld_q1,2000,32,8,0.19747419802522242,0,True,0.9274850543410305,0.0011871604036345436,0.10301825142345336,True,,8.979619156690433e-06,128,1.0989970178343356e-10,0.0,0.9298732314667785,0.013035376722361382
common,lead_ld_q1,2000,32,9,0.30238911159355003,0,True,0.9338222186389018,0.0029395705085531612,0.08222514101290584,True,,8.05322509567219e-06,128,2.4917063456086906e-08,0.0,0.9397967136144185,0.011514542099283554
common,lead_ld_q1,2000,32,10,0.054839106945294036,0,True,0.9313719928296297,0.0004693633725891821,0.05732473426217535,True,,8.41908434612293e-06,128,1.973872713278979e-09,0.0,0.9357303993813433,0.013963378022016009
common,lead_ld_q1,2000,32,11,0.10412623024150394,0,True,0.9300473300410543,0.0007675589656791629,0.046042394156624714,True,,6.059791430867989e-06,128,2.104297891492024e-11,0.0,0.928884690565824,0.011555826037163885
common,lead_ld_q1,2000,32,12,0.2513269575650055,0,True,0.9271404151744536,0.0014392386040411587,0.0897568094744624,True,,6.576637008759434e-06,128,1.90500941243954e-09,0.0,0.9286777698482938,0.014366764935498953
common,lead_ld_q1,2000,32,13,0.13257936555664246,0,True,0.9324701069427432,0.0006784411392381339,0.06040627624483264,True,,3.6282250484021006e-06,128,7.170910976128653e-12,0.0,0.9303799425523308,0.016125285963325176
common,lead_ld_q1,2000,32,14,0.20660308237507474,0,True,0.9323393053192903,0.003999384710044564,0.07375642839093925,True,,8.116306736472012e-06,128,1.5084879123605786e-11,0.0,0.930466279890712,0.014456644105043404
common,lead_ld_q1,2000,32,15,0.37964218490471346,0,True,0.9312088052580515,0.004334237703309865,0.06323996596461487,True,,9.491444640463698e-06,128,2.8803697205148636e-10,0.0,0.9360581538291557,0.011531248242418688
common,lead_ld_q1,2000,32,16,0.39582809721579754,0,True,0.9239834460452926,0.0029574773827134803,0.06048505060783675,True,,4.015961527770173e-06,128,1.3574208423960955e-11,0.0,0.925599266316857,0.014341470685161709
common,lead_ld_q1,2000,32,17,0.0703259114835747,0,True,0.9312509849905959,0.00031424834213855186,0.057523688082394296,True,,5.053554660960913e-06,128,1.503849489381537e-11,0.0,0.9275261239613302,0.015197891832273153
common,lead_ld_q1,2000,32,18,0.3952673392854237,0,True,0.9235556314042715,0.0023105724576712606,0.07243996577590879,True,,6.724211697672899e-06,128,1.1712896593962796e-08,0.0,0.9246367773740563,0.016394685673071237
common,lead_ld_q1,2000,32,19,0.3728251655377179,0,True,0.9352237218983792,0.001992868456525706,0.03509629951112182,True,,8.099219764634569e-06,128,4.091493792657275e-10,0.0,0.9335199648150065,0.018683127003188547
common,lead_ld_q1,2000,32,20,0.29511531599692653,0,True,0.9309656891128276,0.001523252530811238,0.061842108890162714,True,,9.902839892994564e-06,128,3.637978807091713e-15,0.0,0.9115891484550352,0.014184848934757622
common,lead_ld_q1,2000,32,21,0.14463367112340264,0,True,0.9322029057201167,0.0018359934739989874,0.059353298554884665,True,,9.427162735331507e-06,128,6.284699338721111e-11,0.0,0.9314903950828857,0.012455775934901967
common,lead_ld_q1,2000,32,22,0.31977647910270907,0,True,0.92733376396702,0.002795117449392764,0.10186402301199544,True,,4.335045773906643e-06,128,5.917636372032575e-10,0.0,0.9377309180991606,0.012813008911927841
common,lead_ld_q1,2000,32,23,0.10796237987118901,0,True,0.9244097693631684,0.0018371697761010554,0.03873689924254714,True,,3.796094297126018e-06,128,1.5066962077980862e-10,0.0,0.9221156905409087,0.01586464351967668
common,lead_ld_q1,2000,32,24,0.36213775614313537,0,True,0.9261425226774093,0.002450115728952979,0.06440971820794539,True,,7.8371012395273e-06,128,1.8029769307759124e-08,0.0,0.9303099177458626,0.011391806026042289
common,lead_ld_q1,2000,32,25,0.13499163307623843,0,True,0.9247834928765342,0.0017268705793295818,0.06987476770891676,True,,3.1529628703452772e-06,128,3.041795935132541e-10,0.0,0.9292794880419912,0.013480698126446044
common,lead_ld_q1,2000,32,26,0.2613627674496956,0,True,0.9337667860892519,0.002092487315659979,0.059460058053918324,True,,9.063036483070164e-06,128,1.1966221791226417e-11,0.0,0.9388011440308556,0.010797052072611469
common,lead_ld_q1,2000,32,27,0.35345903760277647,0,True,0.9286261351542618,0.002205568983914002,0.11122361009624818,True,,5.322994438561324e-06,128,2.5887857191264628e-11,0.0,0.9353073679206215,0.01489238532185358
common,lead_ld_q1,2000,32,28,0.15931622185096397,0,True,0.9310031330555646,0.0011583206029982121,0.060696009363716025,True,,6.783751287819939e-06,128,2.0614803361240775e-08,0.0,0.9395552180797857,0.010666988686881235
common,lead_ld_q1,2000,32,29,0.29320195398168647,0,True,0.9327400128006222,0.002477488343317965,0.07994161788813872,True,,8.646108384802176e-06,128,6.576529904123162e-08,0.0,0.9346333649471703,0.008717582587921874
common,lead_ld_q1,2000,4,0,0.37061504903454273,0,True,0.9176861245308547,0.024517108964512997,0.16544557958583853,True,,7.49029184143879e-06,128,3.109948920609895e-11,0.0,0.9195536621129342,0.0006108350196086792
common,lead_ld_q1,2000,4,1,0.075965254840843,0,True,0.9221888011696379,0.0006900905127402541,0.14843089297528883,True,,3.4663050749728086e-06,512,4.773344614704911e-06,0.0,0.9547673401756797,0.0014615759572892504
common,lead_ld_q1,2000,4,2,0.16751417180753858,0,True,0.9391138562783754,0.0043166589888147255,0.032824375193657794,True,,1.656544248440639e-06,256,2.5669618123629334e-06,0.0,0.9440560089319444,0.0017894735326366585
common,lead_ld_q1,2000,4,3,0.2880642513599945,0,True,0.927802379323099,0.002421297004119364,0.13605185624661367,True,,6.954635411560162e-06,128,3.648552766435387e-06,0.0,0.9383198591306057,0.0010439380666329935
common,lead_ld_q1,2000,4,4,0.3812242933792788,0,True,0.9265121379042286,0.01637608059626381,0.13012431177049566,True,,8.451859574876153e-06,128,0.0001047958154679236,0.00016750762335308866,0.9357376064861418,0.0012064276571303544
common,lead_ld_q1,2000,4,5,0.07106313453211384,0,True,0.9215996320375341,0.025035115260679183,0.22264320291732992,True,,5.698345151294859e-06,128,1.2366310137394976e-06,0.0,0.9168014394141035,0.012473355943847346
common,lead_ld_q1,2000,4,6,0.3051078860679326,0,True,0.9201811722158262,0.0045063797775294415,0.059769171429880696,True,,5.16792005544886e-06,256,5.241798162387567e-07,0.0,0.9280891107013488,0.00144493092020143
common,lead_ld_q1,2000,4,7,0.25273111541208504,0,True,0.9367703277272452,0.007889058492182677,0.2548169213919113,True,,5.741117706126175e-06,128,2.5968081126166e-05,0.0003999224200297649,0.934953476816778,0.0006117481035089862
common,lead_ld_q1,2000,4,8,0.14905764022548634,0,True,0.9371090043682537,0.0033111555144943417,0.04170116195821162,True,,4.386040934001301e-06,128,8.03217622660668e-07,0.0,0.9302635571224442,0.0019335100910089402
common,lead_ld_q1,2000,4,9,0.31659240616766077,0,True,0.9324455129133252,0.0014620384183754718,0.12014656113982336,True,,5.925855673716285e-06,128,2.258164709473931e-06,0.0,0.9082534716207483,0.004040163632205704
common,lead_ld_q1,2000,4,10,0.23805764729509882,0,True,0.9263044843098729,0.0741040499854321,0.1757384326196086,True,,5.4574578474131386e-06,128,2.5070064282317617e-06,0.0,0.9542329616638353,0.0008495383838386414
common,lead_ld_q1,2000,4,11,0.19019636248335192,0,True,0.9103424463395186,0.005015252441934485,0.01955670577381749,True,,5.744309645727697e-07,512,1.1059018493142502e-06,0.0,0.9428732440227959,0.0018200792939646441
common,lead_ld_q1,2000,4,12,0.07253083674065641,0,True,0.9300026574547857,0.0004322967696996528,0.07423189578612319,True,,8.168153665000233e-06,512,9.161036236946529e-07,0.0,0.9363360508124252,0.001865979870797151
common,lead_ld_q1,2000,4,13,0.319738382061521,0,True,0.932731861256357,0.003747251732797733,0.14569101901462864,True,,6.305242695958668e-06,128,5.389870239014272e-11,0.0,0.9043201461813011,0.0010496600065917686
common,lead_ld_q1,2000,4,14,0.3362600962916267,0,True,0.9275002313806187,0.005273939236231851,0.12067912338077219,True,,9.479230322462229e-06,128,5.152594212631811e-09,0.0,0.9130978779886154,0.0010172204527238104
common,lead_ld_q1,2000,4,15,0.06535025622818626,0,True,0.9417816492603286,0.00047358770345044853,0.1552677154929323,True,,3.449377925957009e-06,512,3.7216507280390943e-09,0.0,0.9217789480384478,0.003697859699608676
common,lead_ld_q1,2000,4,16,0.21190921305554156,0,True,0.924416710423577,0.002185926439694203,0.02180719687062572,True,,3.365430107482581e-06,512,1.694172492329926e-05,0.0,0.9514495607139363,0.0019511583420542395
common,lead_ld_q1,2000,4,17,0.09254692770811304,0,True,0.9366774220249191,0.031681623295884614,0.1591000034810322,True,,4.444230758515744e-06,512,1.3279627728479682e-07,0.0,0.9305974914865873,0.0025772094745205977
common,lead_ld_q1,2000,4,18,0.33630129241031653,0,True,0.9357242156360064,0.009358790556297411,0.02785254874879329,True,,2.51771408610324e-07,256,3.084573261298829e-05,0.0,0.9627649523273469,0.0014815166888231697
common,lead_ld_q1,2000,4,19,0.2879409710769057,0,True,0.9292186209656913,0.009503530007243246,0.0371592294392924,True,,1.1768422445435078e-06,256,9.779528866147303e-07,0.0,0.9455190021082485,0.0021138147113993018
common,lead_ld_q1,2000,4,20,0.3361652961953995,0,True,0.9381058046013505,0.03317514036384363,0.04091822994561951,True,,9.06997528771214e-06,128,1.371068469779857e-08,0.0,0.9257075319593355,0.0007739082584570504
common,lead_ld_q1,2000,4,21,0.2649361192908423,0,True,0.928236420064225,0.025897795711547662,0.0528969662930052,True,,3.1602897676563657e-06,128,2.989201379932638e-08,0.0,0.9339217020291158,0.0014935998264639806
common,lead_ld_q1,2000,4,22,0.3412887706264125,0,True,0.9280540921306664,0.002899707646322037,0.04514872880960477,True,,7.94906950041252e-06,256,7.353122523454658e-07,0.0,0.9268650762476056,0.002411438230309928
common,lead_ld_q1,2000,4,23,0.3973126533626035,0,True,0.9279914553974139,0.03444242201168721,0.14760114246148376,True,,8.545481968269542e-06,128,1.5095741559889575e-07,0.0,0.9313780918643287,0.001807324168050649
common,lead_ld_q1,2000,4,24,0.3447248141957596,0,True,0.9319681113912222,0.007972187256488567,0.06076259060235309,True,,1.9873752838961423e-06,256,1.5249219086399535e-07,0.0,0.9353072265750498,0.0034848613737239274
common,lead_ld_q1,2000,4,25,0.36631761226174775,0,True,0.9386616758952815,0.011497333804435697,0.18448780721533753,True,,6.634115949921693e-07,128,8.254005479102488e-11,0.0,0.9426883080145597,0.0009093964000467461
common,lead_ld_q1,2000,4,26,0.16030213216988368,0,True,0.9265674250484792,0.018757209980081412,0.02969517057190333,True,,5.436482374054918e-06,128,1.2009877536911517e-12,0.0,0.9058860104137206,0.003222786354316964
common,lead_ld_q1,2000,4,27,0.12052011475270218,0,True,0.917739961316881,0.003585168236885377,0.030137157333772386,True,,3.4006300140276835e-06,512,5.957141149792733e-08,0.0,0.9527497575543433,0.0017120782639726325
common,lead_ld_q1,2000,4,28,0.09715957170923836,0,True,0.9365927247646633,0.0012601549722497836,0.18516879475374928,True,,6.15113402080425e-06,128,6.595112899958622e-07,0.0,0.928088576270856,0.0020410877793756426
common,lead_ld_q1,2000,4,29,0.1786096514428161,0,True,0.9386727687924683,0.002476324916650623,0.03866719307621304,True,,8.159425015641375e-06,128,9.74735070258248e-07,0.0,0.926136480255011,0.0014445772686810922
common,lead_ld_q1,500,256,0,0.11611364927773994,0,True,0.928911436082359,0.00025785204720954057,0.08653450951706461,True,,7.382046237403017e-06,128,4.921130312141031e-10,0.0,0.9363823235786772,0.03527599891667847
common,lead_ld_q1,500,256,1,0.1171563151268263,11,True,0.929238504052853,0.00029944947365996176,0.05397022332506236,True,,4.2574458722910435e-06,128,3.637978807091713e-15,0.0,0.9173126666685061,0.055888458510575875
common,lead_ld_q1,500,256,2,0.29649162235336946,2,True,0.9326757979999857,0.0007870894993329186,0.09574689227954855,True,,7.793951933621202e-06,128,4.5092747313901783e-10,0.0,0.9324785647426325,0.03951916619817792
common,lead_ld_q1,500,256,3,0.18388842748275752,0,True,0.9306923072617854,0.0005391493647192833,0.07196109273920888,True,,7.982618703383793e-06,128,9.503892215434461e-09,0.0,0.9335652993032257,0.0373452664731582
common,lead_ld_q1,500,256,4,0.3327822018563443,2,True,0.9269160784982176,0.0010140763454620065,0.07818045930542147,True,,8.728409274016968e-06,128,2.799887515720911e-07,0.0,0.9286663838320115,0.030105057418502543
common,lead_ld_q1,500,256,5,0.3053929348374782,3,True,0.9299873479061641,0.0008670636401743356,0.08631254980627144,True,,6.469889633820003e-06,128,1.6858393792063e-11,0.0,0.9294802899018983,0.041329678575659896
common,lead_ld_q1,500,256,6,0.18641485701113736,5,True,0.9298877547516161,0.0003931307591259064,0.0619136960600374,True,,9.313624854012659e-06,128,0.0,0.0,0.927178703199523,0.050429480576729954
common,lead_ld_q1,500,256,7,0.24581990340823923,0,True,0.932027181634004,0.0019481971192232537,0.0696972744644465,True,,7.0079689011848245e-06,128,4.819685273105279e-09,0.0,0.9441184868238467,0.026804100011329414
common,lead_ld_q1,500,256,8,0.3293697026476539,0,True,0.9296650199809595,0.0015463516114318768,0.06268360420592892,True,,4.85624075530211e-06,128,7.75449734646827e-10,0.0,0.9380177884956464,0.02607753137982748
common,lead_ld_q1,500,256,9,0.25918109626370717,1,True,0.9288391073810021,0.0007337078528642044,0.06562532219816467,True,,8.436274726353332e-06,128,6.770605978090316e-10,0.0,0.9327151031016252,0.0389458052520193
common,lead_ld_q1,500,256,10,0.09758519767501367,3,True,0.9275002267397928,0.0002226675573368915,0.054325955734406295,True,,7.89131730538628e-06,128,3.3796823117882015e-12,0.0,0.9227164634401427,0.05071158573530954
common,lead_ld_q1,500,256,11,0.18239291799514978,1,True,0.9301390078772819,0.0010165977191975884,0.060150375939849475,True,,7.043274630191831e-06,128,1.1223164619877934e-11,0.0,0.9341232411457973,0.03334704103441515
common,lead_ld_q1,500,256,12,0.22959176563980943,1,True,0.931642914890157,0.0005851496274202124,0.09142119896058552,True,,7.424210367368289e-06,128,3.2074389309855175e-08,0.0,0.941974706685034,0.026616885493345434
common,lead_ld_q1,500,256,13,0.3773575364110473,0,True,0.9302429421230909,0.0012075432917116676,0.06555491661874636,True,,5.530220272831343e-06,128,7.495249883504584e-08,0.0,0.9386774446381064,0.029128659707057043
common,lead_ld_q1,500,256,14,0.18800076529500193,0,True,0.9315768407189471,0.0009176756164708023,0.08021811970304124,True,,6.58861502200736e-06,128,9.412360668648035e-10,0.0,0.9430076184954767,0.029331694229573463
common,lead_ld_q1,500,256,15,0.37066579438279396,0,True,0.9308503130000569,0.0034714237217603862,0.0684366025585163,True,,6.955120050999852e-06,128,2.917509846156463e-09,0.0,0.9425127903284186,0.028050159540825244
common,lead_ld_q1,500,256,16,0.3079011296541961,0,True,0.9283507651117913,0.002032225286688922,0.07228991197541504,True,,7.805695828366765e-06,128,3.845343599095941e-11,0.0,0.9389979430309819,0.031223493093843625
common,lead_ld_q1,500,256,17,0.11646717508752318,0,True,0.9307313162106307,0.0008860502464327259,0.06626147909902211,True,,6.872168343274865e-06,128,2.6628804334905e-09,0.0,0.938378750102609,0.030818077658787236
common,lead_ld_q1,500,256,18,0.3106103593587511,3,True,0.9309552372576083,0.0009605008834236607,0.060450983527906725,True,,9.317905114158975e-06,128,6.7638284235727045e-09,0.0,0.9207872405114497,0.03317879155669709
common,lead_ld_q1,500,256,19,0.2681153816815746,2,True,0.9305451857507232,0.0007639588569404075,0.07024256844529372,True,,7.119091338214645e-06,128,1.864464138634503e-11,0.0,0.9246353612366676,0.04486520842032442
common,lead_ld_q1,500,256,20,0.2138708290903953,0,True,0.9304293447165678,0.00045188416047781127,0.06296851574212882,True,,6.7005805064468404e-06,128,2.9056482162559404e-08,0.0,0.9371061255904819,0.033683712241057685
common,lead_ld_q1,500,256,21,0.316701425347649,0,True,0.9299050718534062,0.0017048249979976335,0.06288328762592484,True,,7.0409973877971765e-06,128,3.300784737803042e-08,0.0,0.9388642805566285,0.031346241980204886
common,lead_ld_q1,500,256,22,0.3720071547857493,0,True,0.9298291963002693,0.002567647639739274,0.07028016517800839,True,,9.555733280652845e-06,128,1.1089308827649802e-08,0.0,0.9399660602129571,0.030163499834882285
common,lead_ld_q1,500,256,23,0.386453992435444,1,True,0.928646346387535,0.0010602244243839247,0.05845897145581353,True,,6.402797529947435e-06,128,2.8194335754960775e-11,0.0,0.9295116280172742,0.039186846920685574
common,lead_ld_q1,500,256,24,0.19603042019137884,0,True,0.9302159450131131,0.0004885392675899024,0.08379839281734322,True,,9.563616774954653e-06,128,5.126094038132578e-10,0.0,0.9318824114724344,0.0331694777579231
common,lead_ld_q1,500,256,25,0.204848007293295,5,True,0.9313024391657474,0.0006121904383178906,0.07828962042588936,True,,8.985489450274997e-06,128,0.0,0.0,0.9319298354053099,0.03979303563619509
common,lead_ld_q1,500,256,26,0.24313684075527114,0,True,0.9304126907576776,0.002745827207472088,0.07147488460309673,True,,8.328629048648395e-06,128,3.6555684346240015e-09,0.0,0.9462667199434368,0.02387853820111841
common,lead_ld_q1,500,256,27,0.3626375123073417,0,True,0.9284652561324992,0.00110780567345872,0.08921769541680019,True,,7.221289410885845e-06,128,3.3932519727386533e-10,0.0,0.9364335659292282,0.026079816778553578
common,lead_ld_q1,500,256,28,0.34376507071377654,1,True,0.9306034548099694,0.0011469479840183433,0.0842490842490839,True,,6.954262621317042e-06,128,1.0425610525999218e-09,0.0,0.9350252875546647,0.030117022279964295
common,lead_ld_q1,500,256,29,0.18547346178693558,1,True,0.9289141314864611,0.0009055831167808363,0.07211028632025457,True,,9.001617749859747e-06,128,1.4265606296248734e-10,0.0,0.9352011511884143,0.033313161105335366
common,lead_ld_q1,500,32,0,0.29108469112880575,0,True,0.9264943165521091,0.0007639588569404075,0.06175648053810144,True,,5.772298080408689e-06,128,1.1676995200105012e-08,0.0,0.9258077810655949,0.03668121559363426
common,lead_ld_q1,500,32,1,0.37977630825689307,0,True,0.924068649979035,0.0023184219527953623,0.05225246785079577,True,,4.0535062684199374e-06,128,4.218829417368397e-08,0.0,0.9294325201181259,0.027513917147652046
common,lead_ld_q1,500,32,2,0.33770818499485117,0,True,0.9323632410460396,0.003193472763184573,0.06063431280736681,True,,9.609540081889634e-06,128,1.499845711805392e-08,0.0,0.9510091621766907,0.01649869111306683
common,lead_ld_q1,500,32,3,0.22493165102308266,0,True,0.928566652401734,0.005191239247484825,0.06393640171638545,True,,9.103575247415563e-06,128,7.028847903711721e-11,0.0,0.934946820212838,0.024499050840809007
common,lead_ld_q1,500,32,4,0.29325049893199145,0,True,0.9327448640643835,0.00142575722945986,0.07328005406487559,True,,8.671675978177973e-06,128,1.5113473637029528e-09,0.0,0.9235113606276162,0.032588718883923444
common,lead_ld_q1,500,32,5,0.3893065143436429,1,True,0.9277755386296341,0.001561842546302573,0.06961598399739485,True,,8.620746221765785e-06,128,3.370278136571869e-09,0.0,0.9290975769998846,0.057082531095889545
common,lead_ld_q1,500,32,6,0.32377406858773294,0,True,0.9338639803049003,0.0020140622550261014,0.0893550103473873,True,,9.397977397185286e-06,128,1.9344318388903048e-08,0.0,0.9303290183180767,0.050211434321875546
common,lead_ld_q1,500,32,7,0.16797189654062916,0,True,0.9288439938407809,0.0003481140685126174,0.08767558756444742,True,,9.609101175200863e-06,128,3.960038156947121e-09,0.0,0.9363573854643678,0.034647570140734774
common,lead_ld_q1,500,32,8,0.19747419802522242,0,True,0.9274850543410305,0.0011726492533441352,0.09754074310472668,True,,7.951792465377139e-06,128,3.6801116038986945e-08,0.0,0.9385767043809927,0.024465573091842895
common,lead_ld_q1,500,32,9,0.30238911159355003,2,True,0.9338222186389018,0.001838256817356871,0.10056166355154889,True,,7.400792433998049e-06,128,5.665110074914992e-08,0.0,0.942473458358606,0.02004674438024576
common,lead_ld_q1,500,32,10,0.054839106945294036,0,True,0.9313719928296297,0.00022924679691280902,0.06009267230235388,True,,9.204040722465834e-06,128,5.098477231513243e-09,0.0,0.9421456129841363,0.032874568605959546
common,lead_ld_q1,500,32,11,0.10412623024150394,0,True,0.9300473300410543,0.0013774104683195712,0.04969938848808883,True,,8.460208380078882e-06,128,1.6730982679291627e-09,0.0,0.9352954057955887,0.023084830173261066
common,lead_ld_q1,500,32,12,0.2513269575650055,0,True,0.9271404151744536,0.001186091516324364,0.09181679583714722,True,,4.7682280124305976e-06,128,9.099394446820952e-10,0.0,0.9280686369033313,0.032531816480369735
common,lead_ld_q1,500,32,13,0.13257936555664246,0,True,0.9324701069427432,0.0012363336646384266,0.06415805310293035,True,,9.8296975341583e-06,128,1.2985272041987628e-07,0.0,0.9374239811105876,0.02680757731462532
common,lead_ld_q1,500,32,14,0.20660308237507474,0,True,0.9323393053192903,0.0020161290322580623,0.052689063898629776,True,,9.39979087455356e-06,128,9.913492249324918e-14,0.0,0.9198989426841069,0.053606152480928614
common,lead_ld_q1,500,32,15,0.37964218490471346,0,True,0.9312088052580515,0.004859387923904042,0.07455969955969968,True,,4.528055524311014e-06,128,1.406481987942243e-08,0.0,0.9460374250516518,0.018990821364397063
common,lead_ld_q1,500,32,16,0.39582809721579754,0,True,0.9239834460452926,0.0012812510266434485,0.06701352873601674,True,,9.224824945697208e-06,128,8.545426680939272e-09,0.0,0.9295065677930652,0.02736140813854737
common,lead_ld_q1,500,32,17,0.0703259114835747,0,True,0.9312509849905959,0.000358080687514918,0.06408719968042037,True,,6.438533868724505e-06,128,1.9307381080579945e-09,0.0,0.9362671035052728,0.028738735648969067
common,lead_ld_q1,500,32,18,0.3952673392854237,1,True,0.9235556314042715,0.002931972319022286,0.06925347453981777,True,,9.106457106611288e-06,128,2.2478732716990635e-07,0.0,0.9181477166960387,0.048748652834400275
common,lead_ld_q1,500,32,19,0.3728251655377179,0,True,0.9352237218983792,0.0021435434991499682,0.04143508703647755,True,,2.8354303469591002e-06,128,8.634864934720099e-08,0.0,0.9321941436731501,0.0389036917853458
common,lead_ld_q1,500,32,20,0.29511531599692653,0,True,0.9309656891128276,0.0018382568173568477,0.06641618194384427,True,,7.072462936186241e-06,128,9.768944437382742e-09,0.0,0.9197006883408442,0.027355222939969386
common,lead_ld_q1,500,32,21,0.14463367112340264,0,True,0.9322029057201167,0.001810558414331994,0.056285907554004616,True,,5.7867223492991116e-06,128,1.2390382835292257e-09,0.0,0.9321658273110623,0.02603542521014391
common,lead_ld_q1,500,32,22,0.31977647910270907,1,True,0.92733376396702,0.0032939572921399734,0.11268215264752567,True,,9.474104556872476e-06,128,2.9525426725740545e-09,0.0,0.9189480905052342,0.022709731627954765
common,lead_ld_q1,500,32,23,0.10796237987118901,1,True,0.9244097693631684,0.0016870367379170578,0.03870802358369722,True,,9.690212204649384e-06,128,4.025869202450849e-10,0.0,0.9345351323651389,0.03880191550750756
common,lead_ld_q1,500,32,24,0.36213775614313537,0,True,0.9261425226774093,0.00117695708878072,0.06625866567244187,True,,7.177683572834326e-06,128,1.7999636838794687e-08,0.0,0.9376582791201529,0.021202993302816463
common,lead_ld_q1,500,32,25,0.13499163307623843,0,True,0.9247834928765342,0.001065214818321675,0.06899160444194352,True,,7.569331613499486e-06,128,2.612896150822053e-08,0.0,0.9195231369371162,0.0432581389394209
common,lead_ld_q1,500,32,26,0.2613627674496956,0,True,0.9337667860892519,0.0008106099840129447,0.0770322624633338,True,,9.885993683234062e-06,128,1.5370005712611601e-09,0.0,0.9252859022321521,0.048931587458933765
common,lead_ld_q1,500,32,27,0.35345903760277647,0,True,0.9286261351542618,0.0036372078625599826,0.10641874987771899,True,,7.611061215495596e-06,128,1.3287459387356648e-07,0.0,0.9419345744957591,0.022639110658293056
common,lead_ld_q1,500,32,28,0.15931622185096397,0,True,0.9310031330555646,0.0008459990081390895,0.05601194935491802,True,,9.907085455118647e-06,128,3.2834623198141346e-10,0.0,0.9382233371802986,0.019531840081323002
common,lead_ld_q1,500,32,29,0.29320195398168647,0,True,0.9327400128006222,0.0027886617953333964,0.07233135965687926,True,,7.545009545584236e-06,128,9.461121953791007e-08,0.0,0.9307474917352666,0.023967283246333515
common,lead_ld_q1,500,4,0,0.37061504903454273,0,True,0.9176861245308547,0.03711301362694377,0.18058085247197964,True,,5.259863709028423e-06,256,1.3789277438718273e-06,0.0,0.9610548231417712,0.0015735462155894062
common,lead_ld_q1,500,4,1,0.075965254840843,0,True,0.9221888011696379,0.0006115991100789766,0.1588715136738883,True,,2.84400249750405e-06,512,0.00011152017952190363,0.0,0.9520524534019682,0.005888430904276106
common,lead_ld_q1,500,4,2,0.16751417180753858,0,True,0.9391138562783754,0.005467455035748698,0.028602743186288564,True,,1.3291856797437163e-06,256,8.874345655840443e-07,0.0,0.9380882173112379,0.0088000212559341
common,lead_ld_q1,500,4,3,0.2880642513599945,0,True,0.927802379323099,0.0019780614997302838,0.13492320570503152,True,,7.951581748599779e-06,128,1.5540649258127815e-06,0.00031362267068507643,0.9255852415069628,0.004724922349849592
common,lead_ld_q1,500,4,4,0.3812242933792788,0,True,0.9265121379042286,0.012508229098090937,0.12886426780712573,True,,6.444105327574334e-06,256,4.946503108840261e-07,0.0,0.9465062403422626,0.003797456366589262
common,lead_ld_q1,500,4,5,0.07106313453211384,0,True,0.9215996320375341,0.026259580349290254,0.2102714064979656,True,,7.937828976345429e-06,256,3.7165150160944906e-08,0.0,0.9256543248856193,0.010172185578339085
common,lead_ld_q1,500,4,6,0.3051078860679326,0,True,0.9201811722158262,0.0015929640349105598,0.05646896938745054,True,,5.4532861462064375e-06,128,9.757233442542201e-08,0.0,0.9500901259129716,0.007442695266891345
common,lead_ld_q1,500,4,7,0.25273111541208504,0,True,0.9367703277272452,0.008152098204086642,0.24342897804703878,True,,2.914560559563739e-06,256,4.992989738639153e-08,0.0,0.9347876165228884,0.0025091365263463002
common,lead_ld_q1,500,4,8,0.14905764022548634,0,True,0.9371090043682537,0.0033222591362126086,0.0394668374494655,True,,8.032940092661534e-06,128,9.694968889562006e-07,0.0,0.9288713030860503,0.007505783936472279
common,lead_ld_q1,500,4,9,0.31659240616766077,0,True,0.9324455129133252,0.0018212384421405956,0.11041347853184812,True,,4.128520441959438e-06,128,2.9208868668320064e-06,0.0,0.9189201218890333,0.011930363356865493
common,lead_ld_q1,500,4,10,0.23805764729509882,0,True,0.9263044843098729,0.08277744087325725,0.18251670553655108,True,,3.0056513500298365e-06,128,1.5897937512363568e-06,0.0,0.959353197243735,0.002615678189057437
common,lead_ld_q1,500,4,11,0.19019636248335192,0,True,0.9103424463395186,0.004412872672478707,0.028622371239136694,True,,8.001133043222808e-06,256,0.0003058886341932521,0.0,0.9438572454836107,0.005767146913340629
common,lead_ld_q1,500,4,12,0.07253083674065641,0,True,0.9300026574547857,0.0006822475683996898,0.044427010367526984,True,,8.631785757717836e-06,512,7.963947687130713e-07,0.0,0.8964842404926785,0.0069645634752709285
common,lead_ld_q1,500,4,13,0.319738382061521,0,True,0.932731861256357,0.0026615021541352207,0.12449569813457999,True,,2.320324556048803e-06,256,4.718820946436608e-07,0.0,0.9216183119110164,0.005210604453049048
common,lead_ld_q1,500,4,14,0.3362600962916267,0,True,0.9275002313806187,0.0028667580705471415,0.12064008888274794,True,,4.099321628814323e-06,128,0.00010688417673691219,0.00020140789652789426,0.9363236751258315,0.0049953149454566035
common,lead_ld_q1,500,4,15,0.06535025622818626,0,True,0.9417816492603286,0.00030228440644297487,0.15748221939420387,True,,5.00586975160644e-06,128,3.665757110184131e-06,0.0003699208003338991,0.9326602559232512,0.00678735375496565
common,lead_ld_q1,500,4,16,0.21190921305554156,0,True,0.924416710423577,0.0009666457392846847,0.022749605198899077,True,,9.836111956040838e-06,256,1.2134069379499125e-08,0.0,0.9502618759555455,0.012053318179714135
common,lead_ld_q1,500,4,17,0.09254692770811304,0,True,0.9366774220249191,0.033201282776834276,0.16832765013020348,True,,4.376346382173324e-06,256,2.4755967021064864e-05,0.0,0.9150181597468151,0.007923083544651897
common,lead_ld_q1,500,4,18,0.33630129241031653,0,True,0.9357242156360064,0.007651841224294579,0.03061516823001882,True,,2.732158029150611e-06,256,5.2109064092746845e-06,0.0,0.9556176715805427,0.005071514961563983
common,lead_ld_q1,500,4,19,0.2879409710769057,0,True,0.9292186209656913,0.01263249600696978,0.03988296892711675,True,,7.457585502912423e-06,256,4.926924006372247e-05,0.00029820712668802984,0.9556698586147367,0.004407767186472835
common,lead_ld_q1,500,4,20,0.3361652961953995,0,True,0.9381058046013505,0.026838162013859045,0.0381442570429065,True,,7.39943276650834e-06,128,7.458315849362407e-10,0.0,0.9246448270648008,0.004462722947191465
common,lead_ld_q1,500,4,21,0.2649361192908423,0,True,0.928236420064225,0.020331667423898418,0.04897150550767708,True,,6.270337443936569e-06,128,4.4268226247368146e-08,0.0,0.9189482314482948,0.006723153760609719
common,lead_ld_q1,500,4,22,0.3412887706264125,0,True,0.9280540921306664,0.0030000361450138054,0.04332504462433303,True,,5.370008757665801e-06,512,1.4504656080589485e-06,0.0,0.8926343031728651,0.01395887580473543
common,lead_ld_q1,500,4,23,0.3973126533626035,0,True,0.9279914553974139,0.03395784543325527,0.12682445371481033,True,,7.026724524017425e-06,128,1.1776480952903512e-05,0.0,0.935277563251589,0.004697984633018273
common,lead_ld_q1,500,4,24,0.3447248141957596,0,True,0.9319681113912222,0.0039250097828793995,0.0639849519845431,True,,4.862021109275361e-06,256,1.7935845335159684e-08,0.0,0.9664664382454184,0.022227854479671117
common,lead_ld_q1,500,4,25,0.36631761226174775,0,True,0.9386616758952815,0.015015400410677487,0.19766154247003664,True,,5.0467772600981675e-06,128,4.4769340775019375e-08,0.0,0.9499979974066483,0.005884004424155006
common,lead_ld_q1,500,4,26,0.16030213216988368,0,True,0.9265674250484792,0.016317257048435264,0.04299856162933337,True,,6.189614697671431e-06,128,3.0937326323510204e-07,0.0,0.9154332498163456,0.010622596714382797
common,lead_ld_q1,500,4,27,0.12052011475270218,0,True,0.917739961316881,0.0031639714317433297,0.034867300615418616,True,,2.164255237246948e-06,1024,2.3076572540503548e-07,0.0,0.9629272835460758,0.006998195540526632
common,lead_ld_q1,500,4,28,0.09715957170923836,0,True,0.9365927247646633,0.0016480730223123639,0.21549144091583827,True,,7.392216016643971e-06,256,5.634663113369243e-06,0.0,0.9189483882557447,0.005022462423898387
common,lead_ld_q1,500,4,29,0.1786096514428161,0,True,0.9386727687924683,0.002098277460596302,0.02609710048603835,True,,7.0041621551553135e-06,128,7.220168607091182e-06,0.0,0.9330262312514279,0.00911392540263836
common,lead_ld_q2,1000,256,0,0.2339128582109105,0,True,0.931014681086618,0.001118582083699632,0.08407027346257967,True,,9.253780034246262e-06,128,7.275957614183426e-15,0.0,0.8563516663339614,0.05907679680973214
common,lead_ld_q2,1000,256,1,0.20830000406547983,0,True,0.9311693635066971,0.0007522567703109409,0.06131720191906054,True,,8.547646873857673e-06,128,0.0,0.0,0.8511577732785005,0.05884779001216606
common,lead_ld_q2,1000,256,2,0.28032333702264545,0,True,0.928575311810819,0.002804103990957322,0.06469459900762457,True,,9.22473247300104e-06,128,0.0,0.0,0.8504134908022782,0.0681627045102337
common,lead_ld_q2,1000,256,3,0.37554499682021875,0,True,0.9306456573715761,0.004570386221637256,0.05835994838576483,True,,7.177243661615762e-06,128,4.874891601502896e-13,0.0,0.8577749325397652,0.0576076759600152
common,lead_ld_q2,1000,256,4,0.1268131571973758,0,True,0.9288903801725827,0.0005684839815884559,0.05289692393796869,True,,7.185994318703592e-06,128,3.637978807091713e-14,0.0,0.8658590895768944,0.049668305725572605
common,lead_ld_q2,1000,256,5,0.08773089161431158,0,True,0.931423578001443,0.0004117904916247181,0.05886934510287563,True,,7.53567843680969e-06,128,5.093170329928398e-14,0.0,0.866835912940414,0.05041537322890833
common,lead_ld_q2,1000,256,6,0.08621044668200441,0,True,0.9297011941969286,0.0003971931682775023,0.0608556044011518,True,,8.923805734584178e-06,128,7.275957614183426e-15,0.0,0.8595873557324669,0.06467854467436059
common,lead_ld_q2,1000,256,7,0.32467657785190457,0,True,0.9303827753002436,0.003236005897133947,0.05929025405165528,True,,8.571832112780342e-06,128,2.8740032576024533e-13,0.0,0.861060008376504,0.05470761742925762
common,lead_ld_q2,1000,256,8,0.23104093483009547,0,True,0.9306730842150666,0.0012268394727736115,0.07189651362528965,True,,6.1390452192888745e-06,128,2.23008100874722e-12,0.0,0.8592477823209055,0.05550455297370299
common,lead_ld_q2,1000,256,9,0.20556843492495258,0,True,0.9304326454413792,0.0006121904383178974,0.06234842853858352,True,,8.705175920775687e-06,128,5.093170329928398e-14,0.0,0.8475751086156321,0.061273041031771766
common,lead_ld_q2,1000,256,10,0.38647402658750685,0,True,0.9300173892369727,0.0013029359048129304,0.0607554059330713,True,,9.93511112690193e-06,128,1.0186340659856796e-13,0.0,0.8745361230742391,0.050364337974912986
common,lead_ld_q2,1000,256,11,0.2687172723804046,0,True,0.9313034442747196,0.0013964212645731122,0.06169085683065254,True,,9.236542533708203e-06,128,3.386958269402385e-12,0.0,0.8601180573541161,0.05833280227303713
common,lead_ld_q2,1000,256,12,0.12106556925837744,0,True,0.930326355021985,0.0004064406613711746,0.06723537043475282,True,,6.8706674156704395e-06,128,5.988113116472959e-12,0.0,0.863224823988414,0.059277717283518445
common,lead_ld_q2,1000,256,13,0.0976261894908556,0,True,0.9318488909382323,0.0005958202646341278,0.06793781541286661,True,,7.92770796209652e-06,128,1.8189894035458566e-13,0.0,0.8589038359829075,0.060535867968699655
common,lead_ld_q2,1000,256,14,0.0724322098245426,0,True,0.9312615180798826,8.233341566674561e-05,0.11041478570290457,True,,8.223693301889767e-06,128,6.912159733474254e-14,0.0,0.8626991343509375,0.056596724406989284
common,lead_ld_q2,1000,256,15,0.2655081437814908,0,True,0.9310925755679847,0.00035905470688080165,0.07446570975982186,True,,8.537529446517311e-06,128,3.637978807091713e-15,0.0,0.8489784687908035,0.06393342178745456
common,lead_ld_q2,1000,256,16,0.34063827201496716,0,True,0.9285205973123261,0.0010050130290611236,0.07437018560346971,True,,5.499121127350293e-06,128,7.275957614183426e-15,0.0,0.8528973710760147,0.06749449388118753
common,lead_ld_q2,1000,256,17,0.1608466590825007,0,True,0.9298830830983428,0.000935877489463914,0.06864161410236352,True,,8.197914742602563e-06,128,3.747118171304464e-13,0.0,0.8629265527312958,0.05338541553726239
common,lead_ld_q2,1000,256,18,0.3368824573678366,0,True,0.9304182441429005,0.001462038418375465,0.07014127861377148,True,,6.556710565153168e-06,128,7.275957614183426e-15,0.0,0.8584773611151478,0.060029022403236036
common,lead_ld_q2,1000,256,19,0.16837730753462682,0,True,0.9306867771521874,0.0006032503272121318,0.06091329157084184,True,,7.166827199034387e-06,128,4.0745362639427186e-13,0.0,0.8662446030793278,0.052067281607516704
common,lead_ld_q2,1000,256,20,0.2675643815598437,0,True,0.9274649803629283,0.0009976667686147653,0.07115482360880869,True,,9.217300360520042e-06,128,2.7575879357755184e-12,0.0,0.8456135170294977,0.05920309323522822
common,lead_ld_q2,1000,256,21,0.35146888940443427,0,True,0.9286247158825084,0.0005557657190627659,0.07420986513668032,True,,5.290557421488984e-06,128,7.275957614183426e-15,0.0,0.8580341509644459,0.05897625667812381
common,lead_ld_q2,1000,256,22,0.17748151363062992,0,True,0.929965171289879,0.00045791829358963446,0.06764217228471629,True,,8.018000633214228e-06,128,2.764863893389702e-13,0.0,0.8583446087164246,0.05510223581772277
common,lead_ld_q2,1000,256,23,0.10837113099604039,0,True,0.9297972782167302,0.00023260807328943808,0.05318776575640509,True,,8.553828770185845e-06,128,9.604264050722123e-13,0.0,0.843589750962128,0.056721757571396844
common,lead_ld_q2,1000,256,24,0.15617781584174997,0,True,0.9279573259699847,0.000535174427877269,0.05463718498307485,True,,9.385594133881625e-06,128,0.0,0.0,0.8435981823287912,0.061327340205726805
common,lead_ld_q2,1000,256,25,0.3886293792040714,0,True,0.9296485722743787,0.0019400306181702914,0.05966297270973257,True,,7.100350472466488e-06,128,4.474713932722807e-13,0.0,0.8476401853742899,0.06545668731298411
common,lead_ld_q2,1000,256,26,0.1319831763171575,0,True,0.9283277603829477,0.0009501453163424904,0.06729992678637456,True,,7.761658650906611e-06,128,3.055902197957039e-13,0.0,0.8525785296876361,0.053187041973801
common,lead_ld_q2,1000,256,27,0.25043971770296186,0,True,0.9311551888096411,0.0009976667686147614,0.08433279463765378,True,,6.207577623040805e-06,128,7.275957614183426e-15,0.0,0.8695533652091495,0.05354298999217752
common,lead_ld_q2,1000,256,28,0.12315632913071067,0,True,0.9312089603031793,0.00037951692916587384,0.04832251482899665,True,,9.105246417506763e-06,128,0.0,0.0,0.831666194167879,0.06497671660005092
common,lead_ld_q2,1000,256,29,0.315230057967585,1,True,0.9293535856038105,0.00046889767888298105,0.06602462592508827,True,,7.131786031289167e-06,128,0.0,0.0,0.8405374919248814,0.06827990372814007
common,lead_ld_q2,1000,32,0,0.1694290803311315,0,True,0.9283914476680811,0.0009914971607126882,0.07426261955878721,True,,8.301484412331916e-06,128,1.199660800921265e-09,0.0,0.8627515479718687,0.03963778837472208
common,lead_ld_q2,1000,32,1,0.10919877898358696,0,True,0.9314754182146128,0.0006917408430091228,0.09880136314897242,True,,7.807119445146782e-06,128,8.318111213156954e-10,0.0,0.8539699058513239,0.04521776875260497
common,lead_ld_q2,1000,32,2,0.1199515440952607,0,True,0.9327131981325311,0.0005948017097091024,0.08142407820017891,True,,6.900817347776922e-06,128,1.1793217709055171e-09,0.0,0.8262620570522068,0.054865133061785885
common,lead_ld_q2,1000,32,3,0.1844207091626024,0,True,0.9308801702092447,0.0022087528251489453,0.14392376563744202,True,,7.648418502537169e-06,128,1.0368239600211382e-13,0.0,0.8468460531871783,0.04973403657979327
common,lead_ld_q2,1000,32,4,0.3644744269684608,0,True,0.9345670233508536,0.006365619296538666,0.0633738056484889,True,,7.530480749640134e-06,128,2.6955603971146047e-10,0.0,0.8660399710150719,0.059915154926623394
common,lead_ld_q2,1000,32,5,0.10639104022181309,0,True,0.9341355919620942,0.0006147460083808505,0.0268574549778939,True,,7.837687177048025e-06,128,2.9376678867265583e-13,0.0,0.8607463388912605,0.0563045530346703
common,lead_ld_q2,1000,32,6,0.22977344480947764,0,True,0.928377836144752,0.004774976598407654,0.084350014156865,True,,4.102766747671183e-06,128,4.46641024609562e-10,0.0,0.8621229058996176,0.04659233628488449
common,lead_ld_q2,1000,32,7,0.2888545046109176,0,True,0.9290654122423594,0.002453539804226168,0.06049955470361848,True,,6.781201047356689e-06,128,1.9813705876003952e-10,0.0,0.8666105853094845,0.04499511017864553
common,lead_ld_q2,1000,32,8,0.06598859394634109,0,True,0.9298251427986436,0.00033215116092187434,0.10977489508344809,True,,9.553571798992522e-06,128,6.869413482490927e-12,0.0,0.8470457461275646,0.0524912310442731
common,lead_ld_q2,1000,32,9,0.26319395294641384,0,True,0.9273112314508041,0.0032248607446496796,0.06365389822564554,True,,7.903788754370922e-06,128,1.8189894035458565e-15,0.0,0.8386583398115525,0.054598682471123296
common,lead_ld_q2,1000,32,10,0.32398467636100914,0,True,0.927924072761171,0.0024084921649669203,0.0976363908973546,True,,6.523714768835731e-06,128,9.094947017729283e-16,0.0,0.8535397698734524,0.04873946978950776
common,lead_ld_q2,1000,32,11,0.11911755063451215,0,True,0.9289129132039571,0.0012501592833797535,0.17136044124209526,True,,9.471589973664152e-06,128,9.366249287268147e-11,0.0,0.8323824079901775,0.062131254865687435
common,lead_ld_q2,1000,32,12,0.16266635009179134,0,True,0.9281292828181072,0.002541469679993442,0.06085789238954123,True,,8.765241868768925e-06,128,1.3725909029744799e-06,0.0,0.8566211947307962,0.051661511651193794
common,lead_ld_q2,1000,32,13,0.16734292646008636,0,True,0.9258569697148596,0.0014455264759586268,0.04583284852275604,True,,7.353574598134571e-06,128,3.474997356534004e-11,0.0,0.8552519184899932,0.046313709193339436
common,lead_ld_q2,1000,32,14,0.052012245778419924,0,True,0.9279417826219779,0.0007665792873493048,0.11556533197034222,True,,7.5813253985757e-06,128,1.917088320624316e-08,0.0,0.846989016024501,0.051832768432030066
common,lead_ld_q2,1000,32,15,0.2884974924288351,0,True,0.9275651234012751,0.0019639225333901774,0.06893884105239845,True,,8.509426183245239e-06,128,4.297632585803512e-09,0.0,0.8542729162751732,0.052305014393005764
common,lead_ld_q2,1000,32,16,0.17365996140103035,0,True,0.9305293954558581,0.001029242598534839,0.061636129213623686,True,,8.251847160245518e-06,128,3.0914543458493426e-10,0.0,0.8438632322300247,0.04689621715588616
common,lead_ld_q2,1000,32,17,0.15542609840547436,0,True,0.9332076254652114,0.0013527349371704619,0.07935807295772035,True,,9.064105177536419e-06,128,5.657057045027614e-13,0.0,0.8450239966957246,0.05745192035797693
common,lead_ld_q2,1000,32,18,0.24610681562091447,0,True,0.9269772938325144,0.0028630125010926833,0.04596661548622687,True,,9.481285604628908e-06,128,9.45146894082427e-12,0.0,0.8521411017849359,0.054478643455607295
common,lead_ld_q2,1000,32,19,0.20205812442365412,0,True,0.9307964344887627,0.002003543957150321,0.10673235783068591,True,,7.128414533763561e-06,128,5.150141078047454e-10,0.0,0.8508293904091043,0.05073106037672569
common,lead_ld_q2,1000,32,20,0.18338492650891458,0,True,0.9259564923168635,0.001210142004487916,0.07286427832597937,True,,7.681052534458388e-06,128,1.548869477119297e-11,0.0,0.8465647937533256,0.04461016496754045
common,lead_ld_q2,1000,32,21,0.07571997665893591,0,True,0.9301027521242502,0.0005880819037705891,0.04177702967662372,True,,3.6938348917381347e-06,128,0.0,0.0,0.8508153282603903,0.053303685422296535
common,lead_ld_q2,1000,32,22,0.30231776928713494,0,True,0.9336567917463344,0.0014030360877353282,0.07548471945518637,True,,8.116536317048784e-06,128,1.6706389033060985e-08,0.0,0.8327435907329175,0.056276259088438724
common,lead_ld_q2,1000,32,23,0.3298118158474966,0,True,0.9283029456391766,0.003109566489848124,0.05181995321648295,True,,7.962150597062845e-06,128,2.2646418074145913e-13,0.0,0.8680645991867955,0.04436964669239575
common,lead_ld_q2,1000,32,24,0.23430610922606387,0,True,0.9308490657963584,0.002176323245596072,0.09405403002038758,True,,6.840343419689532e-06,128,4.6438799472525715e-12,0.0,0.8521241677224811,0.049435836973352444
common,lead_ld_q2,1000,32,25,0.38074466374969523,0,True,0.932555053949273,0.006403908364692524,0.06909914721817692,True,,8.081020503425407e-06,128,6.449954526033253e-11,0.0,0.8731131591278314,0.04520197302972242
common,lead_ld_q2,1000,32,26,0.2618907699916979,0,True,0.9333831182529291,0.0010245212850347304,0.05357143549110298,True,,9.291204489780824e-06,128,1.0260835551889613e-08,0.0,0.8554231123161,0.039065446422919384
common,lead_ld_q2,1000,32,27,0.18891096227894089,0,True,0.9322294848046677,0.0025079799361604808,0.0827691892510812,True,,9.031658769309558e-06,128,2.419255906715989e-13,0.0,0.8629908827724374,0.040855683711000255
common,lead_ld_q2,1000,32,28,0.06807952013774154,0,True,0.9232484584889719,0.00024046220735640832,0.07554702830173826,True,,8.59324571300668e-06,128,3.895311238011345e-10,0.0,0.8602453698460223,0.04514543236368245
common,lead_ld_q2,1000,32,29,0.21522488977401683,0,True,0.9294824322826054,0.002023171207461242,0.060261230643322235,True,,5.785792788870481e-06,128,6.311893230304122e-13,0.0,0.8566588843531273,0.0488459937767456
common,lead_ld_q2,1000,4,0,0.13739605571730812,0,True,0.9318617550587444,0.001016267188396575,0.14303782621521266,True,,6.326423949598592e-06,128,0.00019401212153957202,0.0,0.8492115051193865,0.008089195639147026
common,lead_ld_q2,1000,4,1,0.22205368009411447,0,True,0.9240605157406365,0.0013763082930576584,0.18315386776264422,True,,9.246790364514368e-06,1024,3.89892584394147e-07,0.0,0.8177406858644325,0.036518726635658444
common,lead_ld_q2,1000,4,2,0.08185551462022922,0,True,0.9299401323498578,0.0013826148773839046,0.023211253713739693,True,,5.7324834477068265e-06,256,5.065580839982431e-07,0.0,0.8734784759646326,0.0035763403735988896
common,lead_ld_q2,1000,4,3,0.21678100707302683,0,True,0.9237282889055927,0.008172342932006372,0.0670123290372196,True,,1.6663649933246205e-06,256,5.134163832281047e-07,0.0,0.8641491215779888,0.006378079657297315
common,lead_ld_q2,1000,4,4,0.09840442667458495,0,True,0.9339855852996756,0.0006380541654174644,0.02487211689968748,True,,9.24762322340733e-06,512,1.3826655390403175e-07,0.0,0.8699545011187855,0.04796917366761109
common,lead_ld_q2,1000,4,5,0.2612147682163616,0,True,0.932293568818328,0.0785696565899991,0.1349891175529229,True,,1.5120353702435807e-06,128,1.0508458672120468e-09,0.0,0.8338643738863327,0.027275445668302572
common,lead_ld_q2,1000,4,6,0.18498992002359466,0,True,0.9244978093244661,0.0020250524452205226,0.05212950225997043,True,,7.211608229251709e-06,128,1.780889719384504e-06,0.0,0.9110739263003229,0.0029210342197243167
common,lead_ld_q2,1000,4,7,0.08447343172659545,0,True,0.9303791396554875,0.00037307700748347795,0.016073462416372038,True,,8.974432392783172e-06,256,6.347585074308881e-07,0.0,0.7990153847880519,0.023592087018990432
common,lead_ld_q2,1000,4,8,0.28870261149023074,0,True,0.9318450428823952,0.002879908698869719,0.04915532722395415,True,,5.3409419495942245e-06,256,9.020221114042215e-09,0.0,0.9208709043458938,0.002856643238378755
common,lead_ld_q2,1000,4,9,0.11276169479902112,0,True,0.9252573185119195,0.0007006323656223035,0.0518137245726309,True,,4.854338756521415e-06,512,2.776301324695396e-05,0.0,0.8378163857958887,0.0039214251429038555
common,lead_ld_q2,1000,4,10,0.07302757981409795,0,True,0.933365956988994,0.00024749573395510766,0.008576560882631647,True,,7.227239330109825e-06,256,2.3314737345572213e-06,0.0,0.8595709252091002,0.011519983846654844
common,lead_ld_q2,1000,4,11,0.10169241809262494,0,True,0.9386698465513943,0.03244067561634991,0.2277279853869726,True,,4.52152587193666e-06,128,0.0001923085078215081,0.0002007699104120686,0.8824109235090614,0.021472877661696997
common,lead_ld_q2,1000,4,12,0.11382358737813761,0,True,0.9251892623317598,0.0033318846878169074,0.013162619821096361,True,,4.570722645702574e-06,128,5.180312427910394e-08,0.0,0.8658121919292683,0.06356937698706346
common,lead_ld_q2,1000,4,13,0.33116869952502515,0,True,0.9179224993455926,0.016850613286696643,0.1941819474029572,True,,8.013308692600418e-06,256,7.992846239812935e-05,0.00015323513175219405,0.81042510522381,0.012568047624587146
common,lead_ld_q2,1000,4,14,0.10310472512550775,0,True,0.9382733263319818,0.02678332025780345,0.10813164243656945,True,,1.0360664137731845e-06,128,4.583146370123359e-06,0.0002955205506249281,0.8143137548989634,0.01027285505297609
common,lead_ld_q2,1000,4,15,0.06401153089978048,0,True,0.926634872427685,0.0012238832065740004,0.024267685920458783,True,,8.56232800572343e-06,256,7.565406122012064e-09,0.0,0.8852834894169733,0.0020955396321150122
common,lead_ld_q2,1000,4,16,0.29668265520865295,0,True,0.9338313685511783,0.0026615021541351994,0.08976192812546066,True,,3.0357974685202294e-06,256,1.6707192512512846e-05,0.00033287218409279104,0.9019038559835713,0.002712557984189183
common,lead_ld_q2,1000,4,17,0.39304136032826237,0,True,0.9286024189929275,0.011166017419091116,0.07032909174475337,True,,3.777852355391076e-06,128,5.061178853793535e-11,0.0,0.9381683610548791,0.0033877759277150562
common,lead_ld_q2,1000,4,18,0.2568670242784376,0,True,0.9210470839271426,0.0016394972208522787,0.2268739984604428,True,,3.8973522409335715e-06,128,8.624639915524312e-07,0.0,0.8321823794033548,0.008532439786466344
common,lead_ld_q2,1000,4,19,0.26227275061956773,0,True,0.934572998933574,0.005558286384088996,0.09332583739343674,True,,2.6640952430767584e-06,256,7.224795661841199e-06,0.0,0.8884539550658384,0.005470716510439904
common,lead_ld_q2,1000,4,20,0.27325833572873415,0,True,0.9351938842683799,0.02170380885597475,0.22110238491918546,True,,3.53337333280912e-06,512,2.8904965233778056e-07,0.0,0.8323600803035491,0.020651875424650672
common,lead_ld_q2,1000,4,21,0.20171648441814366,0,True,0.9366700417724978,0.0014996345111869874,0.02412567689920594,True,,4.9180696717332495e-06,256,3.2923116391430086e-06,0.0,0.857119982638185,0.0038066502217704735
common,lead_ld_q2,1000,4,22,0.21570334349302767,0,True,0.9325825955199889,0.002408881441139499,0.13420085206805635,True,,6.7602128153154695e-06,128,1.6691748787707184e-06,0.0,0.8669088807803987,0.0040413228188662335
common,lead_ld_q2,1000,4,23,0.37310277940441117,0,True,0.9252335261200445,0.0036372078625599583,0.0850110065179771,True,,5.28340640926217e-06,128,9.171775178174357e-06,0.00014966036595728816,0.87448166774477,0.004429765349539318
common,lead_ld_q2,1000,4,24,0.3785163395346366,0,True,0.9434048140821737,0.0025035205758097575,0.025796794541677274,True,,6.54686137080418e-06,512,8.770883368924842e-09,0.0,0.9046252800386965,0.04830184111106762
common,lead_ld_q2,1000,4,25,0.23406515208633366,0,True,0.9239383081473183,0.016088847599341222,0.05260920955492872,True,,8.372598700567835e-06,128,1.3884126951779764e-06,0.0,0.83009565032539,0.03238824962832858
common,lead_ld_q2,1000,4,26,0.24372056346839394,0,True,0.9340675505232847,0.0014422175226195373,0.04551665233605412,True,,5.385896606036056e-06,512,1.3446616685541812e-07,0.0,0.8784682563043089,0.004867796864656443
common,lead_ld_q2,1000,4,27,0.13016979950295135,0,True,0.9033931312617917,0.0506085645263047,0.07100940068600015,True,,3.30067872633677e-06,128,0.00015975838386589203,0.0006731852927505111,0.8977269298184352,0.007588859816546805
common,lead_ld_q2,1000,4,28,0.12788601382712,0,True,0.9388521861651462,0.0025232339100393956,0.08734720025830071,True,,3.942255805577943e-06,256,2.900090156799706e-06,0.0,0.892786276339365,0.0015241107770711658
common,lead_ld_q2,1000,4,29,0.28192092217198705,0,True,0.9274816834681443,0.009232739449842793,0.04822310996361161,True,,1.6153805590946035e-06,512,3.2858883969311134e-10,0.0,0.8442703292811482,0.09499907102879525
common,lead_ld_q2,2000,256,0,0.2339128582109105,0,True,0.931014681086618,0.0013964212645731252,0.08175501038903335,True,,7.968419760473466e-06,128,6.548361852765083e-14,0.0,0.8501657200793024,0.058608289318909476
common,lead_ld_q2,2000,256,1,0.20830000406547983,0,True,0.9311693635066971,0.0012786854507889766,0.06062855378968305,True,,5.936500500958175e-06,128,3.637978807091713e-15,0.0,0.8517429599097786,0.05438631019501938
common,lead_ld_q2,2000,256,2,0.28032333702264545,0,True,0.928575311810819,0.002614263531710488,0.06222595781761196,True,,8.072681323190167e-06,128,3.637978807091713e-15,0.0,0.8516408845025651,0.05658708825257142
common,lead_ld_q2,2000,256,3,0.37554499682021875,0,True,0.9306456573715761,0.004872066816916282,0.06318221288484283,True,,8.343960739676248e-06,128,1.4915713109076022e-12,0.0,0.8592348086206515,0.05041047415759307
common,lead_ld_q2,2000,256,4,0.1268131571973758,0,True,0.9288903801725827,0.0006076692820471391,0.05518293479183571,True,,7.2117464804399845e-06,128,3.637978807091713e-15,0.0,0.853458571473687,0.0525014309999154
common,lead_ld_q2,2000,256,5,0.08773089161431158,0,True,0.931423578001443,0.0003730770074834817,0.05835586831368625,True,,5.704073178236513e-06,128,8.658389560878276e-13,0.0,0.8579262229850446,0.052816555250784145
common,lead_ld_q2,2000,256,6,0.08621044668200441,0,True,0.9297011941969286,0.00027952710590788555,0.059084454462997704,True,,7.613189371813434e-06,128,1.0913936421275139e-14,0.0,0.8472018053900501,0.057971930810422914
common,lead_ld_q2,2000,256,7,0.32467657785190457,0,True,0.9303827753002436,0.002674949611587773,0.06055018633916677,True,,8.594323188226838e-06,128,1.0186340659856796e-13,0.0,0.8555582748141896,0.05194642482338851
common,lead_ld_q2,2000,256,8,0.23104093483009547,0,True,0.9306730842150666,0.001488323014945131,0.07074844613210289,True,,8.615989243843103e-06,128,4.765752237290144e-13,0.0,0.8533532695650456,0.057934664865580306
common,lead_ld_q2,2000,256,9,0.20556843492495258,0,True,0.9304326454413792,0.0013559862806094096,0.06145568722255858,True,,7.786927360475815e-06,128,9.458744898438453e-14,0.0,0.8561291448455726,0.05170930244316876
common,lead_ld_q2,2000,256,10,0.38647402658750685,0,True,0.9300173892369727,0.0021299447665221708,0.061581620360870656,True,,9.578289192457845e-06,128,3.637978807091713e-15,0.0,0.8556721216145644,0.04889421716471905
common,lead_ld_q2,2000,256,11,0.2687172723804046,0,True,0.9313034442747196,0.0021263483538145876,0.0579341141446979,True,,9.88926768119569e-06,128,5.798938218504191e-12,0.0,0.8635080129594281,0.05062423823319582
common,lead_ld_q2,2000,256,12,0.12106556925837744,0,True,0.930326355021985,0.00040063533376333206,0.07933907595860341,True,,4.862617395406943e-06,128,1.2358214007690548e-11,0.0,0.8664556841078298,0.0507920079174212
common,lead_ld_q2,2000,256,13,0.0976261894908556,0,True,0.9318488909382323,0.0005022601707684486,0.05514326518825596,True,,6.054974581282124e-06,128,1.8189894035458565e-14,0.0,0.8435150093130357,0.05576442959425625
common,lead_ld_q2,2000,256,14,0.0724322098245426,0,True,0.9312615180798826,0.00014736934954181097,0.1027632265035846,True,,7.494029943266867e-06,128,5.347828846424818e-13,0.0,0.8518713055014032,0.05662366758117324
common,lead_ld_q2,2000,256,15,0.2655081437814908,0,True,0.9310925755679847,0.0007114500002715422,0.06894786402151046,True,,7.779410832853273e-06,128,1.4551915228366852e-13,0.0,0.8499656452022311,0.05712086332104192
common,lead_ld_q2,2000,256,16,0.34063827201496716,0,True,0.9285205973123261,0.0022365217469644937,0.0734550667316049,True,,8.408846258411984e-06,128,1.2732925824820997e-13,0.0,0.8552012094283492,0.05965048733968533
common,lead_ld_q2,2000,256,17,0.1608466590825007,0,True,0.9298830830983428,0.0007507775910764699,0.06568289357606885,True,,8.18933011093037e-06,128,0.0,0.0,0.8526885371277919,0.05311351705783009
common,lead_ld_q2,2000,256,18,0.3368824573678366,0,True,0.9304182441429005,0.003027172041256559,0.07095690634335801,True,,8.803698090531498e-06,128,4.4383341446518897e-13,0.0,0.858198304119198,0.05267649599808164
common,lead_ld_q2,2000,256,19,0.16837730753462682,0,True,0.9306867771521874,0.0006316590424631513,0.05813501135545435,True,,6.375030372485213e-06,128,1.4551915228366852e-13,0.0,0.8523391457199688,0.05371751991705928
common,lead_ld_q2,2000,256,20,0.2675643815598437,0,True,0.9274649803629283,0.0012630883824180027,0.07446607417426221,True,,5.968265980094145e-06,128,5.456968210637569e-14,0.0,0.8431006792003289,0.05623071313403688
common,lead_ld_q2,2000,256,21,0.35146888940443427,0,True,0.9286247158825084,0.0016706417853872679,0.07311454983661952,True,,6.838188275626322e-06,128,7.275957614183426e-15,0.0,0.8473532147696646,0.0576178755440563
common,lead_ld_q2,2000,256,22,0.17748151363062992,0,True,0.929965171289879,0.0007762210471693609,0.06890652606781232,True,,6.70357212184669e-06,128,2.582964953035116e-13,0.0,0.8512003673814821,0.05355478216856851
common,lead_ld_q2,2000,256,23,0.10837113099604039,0,True,0.9297972782167302,0.00044870979191919595,0.06561857699275375,True,,9.381919797935012e-06,128,2.9140210244804622e-12,0.0,0.8475502805648377,0.057280707137037895
common,lead_ld_q2,2000,256,24,0.15617781584174997,0,True,0.9279573259699847,0.0005881361957959945,0.06088112292332022,True,,4.320254968881443e-06,128,7.275957614183426e-14,0.0,0.844046281437353,0.05734404250851385
common,lead_ld_q2,2000,256,25,0.3886293792040714,0,True,0.9296485722743787,0.0023317885477707667,0.0626662244316448,True,,9.22340889442097e-06,128,1.597072696313262e-12,0.0,0.8516282407619779,0.05531562716094195
common,lead_ld_q2,2000,256,26,0.1319831763171575,0,True,0.9283277603829477,0.0007206341580590879,0.06569719565614451,True,,7.160976215780934e-06,128,1.0695657692849635e-12,0.0,0.8446210539902806,0.05278921874632525
common,lead_ld_q2,2000,256,27,0.25043971770296186,0,True,0.9311551888096411,0.0017109677071685597,0.07842665982089375,True,,9.84057767849933e-06,128,4.220055416226387e-13,0.0,0.8684720545428626,0.04985650446052509
common,lead_ld_q2,2000,256,28,0.12315632913071067,0,True,0.9312089603031793,0.0007505790650394373,0.05528820316939735,True,,4.975327673406582e-06,128,1.7498678062111139e-12,0.0,0.8537292703457474,0.05595633103513459
common,lead_ld_q2,2000,256,29,0.315230057967585,0,True,0.9293535856038105,0.0009892825232241812,0.07323746840848797,True,,7.613286844065925e-06,128,3.637978807091713e-14,0.0,0.8399608338692447,0.058528378502296335
common,lead_ld_q2,2000,32,0,0.1694290803311315,0,True,0.9283914476680811,0.0017513355033298176,0.07482434807627114,True,,4.724724129712143e-06,128,6.617483450099826e-11,0.0,0.8619939650015206,0.039923119528500965
common,lead_ld_q2,2000,32,1,0.10919877898358696,0,True,0.9314754182146128,0.0006047622464354857,0.10576042467088348,True,,3.9748259750282955e-06,128,5.093170329928398e-14,0.0,0.8464488208451666,0.046102575755200166
common,lead_ld_q2,2000,32,2,0.1199515440952607,0,True,0.9327131981325311,0.0007442493754651469,0.08335911931117254,True,,5.972688245758917e-06,128,6.384652806445956e-13,0.0,0.8415433466440574,0.05213512727169416
common,lead_ld_q2,2000,32,3,0.1844207091626024,0,True,0.9308801702092447,0.0024652899618498618,0.14864197736833273,True,,9.498743267499776e-06,128,0.0,0.0,0.8438079120855051,0.04737605120321851
common,lead_ld_q2,2000,32,4,0.3644744269684608,0,True,0.9345670233508536,0.006687138311049462,0.07674705455247893,True,,6.576431353266798e-06,128,9.094947017729283e-16,0.0,0.846200096938491,0.05298035802480955
common,lead_ld_q2,2000,32,5,0.10639104022181309,0,True,0.9341355919620942,0.0005218687663924452,0.02674855826492261,True,,7.692596311725808e-06,128,2.000888343900442e-14,0.0,0.8602717267356185,0.04712642550740746
common,lead_ld_q2,2000,32,6,0.22977344480947764,0,True,0.928377836144752,0.005957297913603708,0.08143401101993311,True,,8.474996574081572e-06,128,2.8931026463396848e-12,0.0,0.8661010412274823,0.04367028613262996
common,lead_ld_q2,2000,32,7,0.2888545046109176,0,True,0.9290654122423594,0.0021667536097107576,0.05931512850162349,True,,2.9744695564382084e-06,128,1.9281287677586078e-13,0.0,0.8615054900948937,0.04755499185155844
common,lead_ld_q2,2000,32,8,0.06598859394634109,0,True,0.9298251427986436,0.00037184235815662745,0.10446176278395275,True,,4.698866710839411e-06,128,3.5288394428789617e-13,0.0,0.8539318591744818,0.04577665127807133
common,lead_ld_q2,2000,32,9,0.26319395294641384,0,True,0.9273112314508041,0.003197038532727565,0.06450769072275489,True,,7.368330065649076e-06,128,1.3369572116062044e-13,0.0,0.85649378306831,0.04154776545484137
common,lead_ld_q2,2000,32,10,0.32398467636100914,0,True,0.927924072761171,0.0027672830726535327,0.09840629897451628,True,,5.115299623881242e-06,128,3.545055733411573e-10,0.0,0.8502753663232281,0.045834028420035346
common,lead_ld_q2,2000,32,11,0.11911755063451215,0,True,0.9289129132039571,0.0012208572558585818,0.17219989447964046,True,,6.141919997482148e-06,128,1.3642420526593923e-14,0.0,0.8341470241756622,0.05437277637377448
common,lead_ld_q2,2000,32,12,0.16266635009179134,0,True,0.9281292828181072,0.0025407673215221195,0.06662596656627637,True,,5.345083843089071e-06,128,1.8807440937962382e-11,0.0,0.8454216868156333,0.052452742690755984
common,lead_ld_q2,2000,32,13,0.16734292646008636,0,True,0.9258569697148596,0.001490597767925371,0.043482997831337425,True,,8.632451882206738e-06,128,3.910827217623591e-14,0.0,0.8438301761934492,0.045361937454267656
common,lead_ld_q2,2000,32,14,0.052012245778419924,0,True,0.9279417826219779,0.0007887379602022851,0.1233744125181992,True,,7.494247765027495e-06,128,3.1942072382662447e-09,0.0,0.8466990394779254,0.04928506250972143
common,lead_ld_q2,2000,32,15,0.2884974924288351,0,True,0.9275651234012751,0.00354055155187513,0.07254256927441169,True,,7.6274282854171815e-06,128,1.3974868124932983e-09,0.0,0.8497285354760944,0.054400619199258454
common,lead_ld_q2,2000,32,16,0.17365996140103035,0,True,0.9305293954558581,0.0006163067515800297,0.06239450536033266,True,,8.959890976711904e-06,128,5.872061592526733e-11,0.0,0.8417104715331761,0.04651255001730586
common,lead_ld_q2,2000,32,17,0.15542609840547436,0,True,0.9332076254652114,0.0009217686063453238,0.09005527660158487,True,,9.506544997428534e-06,128,4.743014869745821e-12,0.0,0.854071896858436,0.051102485355091154
common,lead_ld_q2,2000,32,18,0.24610681562091447,0,True,0.9269772938325144,0.0022751855581663798,0.03957986668231532,True,,8.1507838953776e-06,128,9.094947017729283e-16,0.0,0.8459166493550022,0.05025895310451905
common,lead_ld_q2,2000,32,19,0.20205812442365412,0,True,0.9307964344887627,0.0016305234492659667,0.10732779841511006,True,,7.3904542547964525e-06,128,4.638422979041934e-14,0.0,0.8477313874263245,0.045826160238492175
common,lead_ld_q2,2000,32,20,0.18338492650891458,0,True,0.9259564923168635,0.0017523020438615464,0.07755234129777348,True,,9.700506108822893e-06,128,6.002665031701327e-14,0.0,0.8418756661571146,0.04247524780287109
common,lead_ld_q2,2000,32,21,0.07571997665893591,0,True,0.9301027521242502,0.0009383452006402811,0.04532631146696557,True,,9.657735355439456e-06,128,9.094947017729283e-16,0.0,0.8472934293495579,0.051416060100012755
common,lead_ld_q2,2000,32,22,0.30231776928713494,0,True,0.9336567917463344,0.0020308780818029002,0.08431960091735338,True,,6.5797346386897715e-06,128,5.547917680814862e-14,0.0,0.8430764539525365,0.049225072322736256
common,lead_ld_q2,2000,32,23,0.3298118158474966,0,True,0.9283029456391766,0.002873328532078033,0.05056136615560204,True,,9.941449009343017e-06,128,8.36735125631094e-14,0.0,0.8538109312090337,0.04299758014391323
common,lead_ld_q2,2000,32,24,0.23430610922606387,0,True,0.9308490657963584,0.0030030755844517283,0.09187914689383081,True,,8.79814975851545e-06,128,2.7284841053187848e-15,0.0,0.844969348496601,0.04756672894534702
common,lead_ld_q2,2000,32,25,0.38074466374969523,0,True,0.932555053949273,0.007571375992428686,0.07023364472777059,True,,5.91235507663157e-06,128,1.0031726560555398e-12,0.0,0.8673157678244077,0.04402532540775906
common,lead_ld_q2,2000,32,26,0.2618907699916979,0,True,0.9333831182529291,0.002066087801979666,0.05506046841533568,True,,5.822693734724993e-06,128,2.000888343900442e-14,0.0,0.8416795525328894,0.04609855934551139
common,lead_ld_q2,2000,32,27,0.18891096227894089,0,True,0.9322294848046677,0.00216990904704444,0.08485554636066728,True,,6.4305609095427485e-06,128,6.366462912410498e-15,0.0,0.8582508504075642,0.04294495293833132
common,lead_ld_q2,2000,32,28,0.06807952013774154,0,True,0.9232484584889719,0.0003638740621288494,0.0844310193655642,True,,8.665650557793114e-06,128,2.279375621583313e-11,0.0,0.8663061042256311,0.04011176129115273
common,lead_ld_q2,2000,32,29,0.21522488977401683,0,True,0.9294824322826054,0.0018401191696224095,0.05441934928328473,True,,8.999383143581952e-06,128,4.547473508864641e-15,0.0,0.840618099046742,0.05088612309080164
common,lead_ld_q2,2000,4,0,0.13739605571730812,0,True,0.9318617550587444,0.0011784822996580052,0.15057405591102635,True,,9.690538139928151e-06,128,2.7445744280612418e-05,0.00036533851589504174,0.8374296968258571,0.005691556358114534
common,lead_ld_q2,2000,4,1,0.22205368009411447,0,True,0.9240605157406365,0.0014672847441341095,0.16134702452105232,True,,4.022932543090718e-06,256,9.567366635110375e-08,0.0,0.7969400792616789,0.031393971387059336
common,lead_ld_q2,2000,4,2,0.08185551462022922,0,True,0.9299401323498578,0.0008654008751269655,0.021768994453104876,True,,6.369200138411912e-07,512,2.5420643942197784e-06,0.0,0.8589688372625618,0.002852582349090894
common,lead_ld_q2,2000,4,3,0.21678100707302683,0,True,0.9237282889055927,0.007821715601416916,0.06585953081834657,True,,8.109235903885903e-06,512,6.005246405038633e-09,0.0,0.8541674617263715,0.0070463163231358735
common,lead_ld_q2,2000,4,4,0.09840442667458495,0,True,0.9339855852996756,0.0008071047521602808,0.027261175442105684,True,,4.599641681313216e-06,512,1.1487045139801921e-07,0.0,0.8899328314832609,0.02845839405301689
common,lead_ld_q2,2000,4,5,0.2612147682163616,0,True,0.932293568818328,0.08990728074175496,0.1394938724786497,True,,2.2874607166212257e-06,256,8.200809375239259e-06,0.0,0.8431053640356237,0.01755944414295698
common,lead_ld_q2,2000,4,6,0.18498992002359466,0,True,0.9244978093244661,0.0028028993826293533,0.05748478214844206,True,,4.0021982270488365e-06,128,1.4071667319512925e-06,0.0,0.9204550989654766,0.0013817302342059375
common,lead_ld_q2,2000,4,7,0.08447343172659545,0,True,0.9303791396554875,0.0005005721215869398,0.014420805543930187,True,,3.347469512915424e-06,256,5.528511678676296e-08,0.0,0.8173509268555007,0.015593131736593005
common,lead_ld_q2,2000,4,8,0.28870261149023074,0,True,0.9318450428823952,0.0032117105033633324,0.04969281054790316,True,,1.930088545876174e-06,256,1.3627835187435267e-08,0.0,0.9022097377853564,0.0016503858163682637
common,lead_ld_q2,2000,4,9,0.11276169479902112,0,True,0.9252573185119195,0.0008138396550533021,0.05016884579535657,True,,8.772327778405753e-06,256,0.000711102842818832,0.0,0.8277833909894948,0.00545817153660504
common,lead_ld_q2,2000,4,10,0.07302757981409795,0,True,0.933365956988994,0.0004516457607158433,0.008470593341704328,True,,5.9610840044133084e-06,512,8.806420582914143e-07,0.0,0.8267922189702217,0.02212439574723617
common,lead_ld_q2,2000,4,11,0.10169241809262494,0,True,0.9386698465513943,0.03340884003311592,0.21464717491407492,True,,7.139812332468409e-07,256,1.8901099742834048e-06,0.0,0.8684537849629546,0.023897048748757678
common,lead_ld_q2,2000,4,12,0.11382358737813761,0,True,0.9251892623317598,0.002686321984717912,0.012946740149584728,True,,7.844266031842295e-06,512,1.0071405085909646e-08,0.0,0.8361993754849211,0.0865049439099073
common,lead_ld_q2,2000,4,13,0.33116869952502515,0,True,0.9179224993455926,0.019748876484427812,0.19058583113836092,True,,6.6909688225536e-06,512,5.616853920855646e-07,0.0,0.8156451999362598,0.009471821348516898
common,lead_ld_q2,2000,4,14,0.10310472512550775,0,True,0.9382733263319818,0.023265293317016093,0.1431959671949772,True,,5.203010056353818e-06,256,1.1629348728092737e-06,0.0,0.7695180002995291,0.015692103457005613
common,lead_ld_q2,2000,4,15,0.06401153089978048,0,True,0.926634872427685,0.0010470887039897504,0.02055941139276261,True,,2.759503913374317e-06,256,6.09238273682422e-07,0.0,0.8660725841372402,0.0011406789052909685
common,lead_ld_q2,2000,4,16,0.29668265520865295,0,True,0.9338313685511783,0.0030355550369035337,0.09295925534420672,True,,5.781729283782511e-06,256,2.6486701913199795e-06,0.0,0.8959770074375776,0.001491049409553433
common,lead_ld_q2,2000,4,17,0.39304136032826237,0,True,0.9286024189929275,0.007648583396173885,0.06065276664938193,True,,6.727287660934778e-06,256,1.515598482455971e-06,0.0,0.8463142618592183,0.0023844684164663387
common,lead_ld_q2,2000,4,18,0.2568670242784376,0,True,0.9210470839271426,0.0022158757492644694,0.2611823202276897,True,,7.304729695789547e-06,512,7.900376274392329e-07,0.0,0.8454926609636884,0.010441040516069524
common,lead_ld_q2,2000,4,19,0.26227275061956773,0,True,0.934572998933574,0.008087371258726824,0.09871083249057132,True,,2.3644260820354646e-06,256,7.334585718581366e-07,0.0,0.8933080841896761,0.003997758867335608
common,lead_ld_q2,2000,4,20,0.27325833572873415,0,True,0.9351938842683799,0.02215426103962558,0.24951349275059365,True,,6.395508662215832e-06,256,4.523443827611118e-05,0.0001725928677052957,0.8328706696288448,0.016421889004769177
common,lead_ld_q2,2000,4,21,0.20171648441814366,0,True,0.9366700417724978,0.0015043414767178995,0.025105549291580584,True,,7.098753449508166e-06,256,2.886093479901319e-07,0.0,0.8444917788356594,0.001916471744150909
common,lead_ld_q2,2000,4,22,0.21570334349302767,0,True,0.9325825955199889,0.0029073738024156786,0.1279740874980735,True,,3.1147849890444945e-06,128,1.517895470442454e-06,0.0,0.8677744651532191,0.002532538625913178
common,lead_ld_q2,2000,4,23,0.37310277940441117,0,True,0.9252335261200445,0.0023637042211738244,0.07842124117065083,True,,1.3022206779567114e-06,128,1.5753923633837985e-05,0.00022491398417209818,0.8775381118020686,0.0031947604252015567
common,lead_ld_q2,2000,4,24,0.3785163395346366,0,True,0.9434048140821737,0.0030799157075700892,0.02407558370871857,True,,3.835086790360265e-06,256,1.330789891767381e-05,0.0,0.9135813127201295,0.041759064239714434
common,lead_ld_q2,2000,4,25,0.23406515208633366,0,True,0.9239383081473183,0.01947149513587842,0.05633586244374103,True,,7.895363337784289e-06,256,1.126880105402961e-06,0.0,0.8375597279731302,0.03056716683205475
common,lead_ld_q2,2000,4,26,0.24372056346839394,0,True,0.9340675505232847,0.0012268394727736082,0.041707446637925145,True,,1.4322585073500704e-06,1024,8.780614280112786e-10,0.0,0.8852219450513467,0.002702316971249444
common,lead_ld_q2,2000,4,27,0.13016979950295135,0,True,0.9033931312617917,0.04526470280512037,0.0705144917585171,True,,2.2015887353177277e-06,256,1.5784607530804351e-06,0.0,0.8782405347938038,0.0037482079433920337
common,lead_ld_q2,2000,4,28,0.12788601382712,0,True,0.9388521861651462,0.0031271605902551364,0.06894005973865427,True,,9.206818052831522e-06,256,4.277422470522652e-06,0.0,0.8663226147211874,0.003882531929764597
common,lead_ld_q2,2000,4,29,0.28192092217198705,0,True,0.9274816834681443,0.009997503251389955,0.049961849208856726,True,,9.20593602993236e-06,128,1.1197890687526523e-06,0.0,0.8528305188829808,0.0756866162764694
common,lead_ld_q2,500,256,0,0.2339128582109105,1,True,0.931014681086618,0.0008027258999792314,0.09395857108275424,True,,7.681766372336085e-06,128,7.275957614183426e-15,0.0,0.8590981557192289,0.07224267242851015
common,lead_ld_q2,500,256,1,0.20830000406547983,1,True,0.9311693635066971,0.0004761999246016814,0.06240624062406198,True,,8.440133801190797e-06,128,3.637978807091713e-15,0.0,0.8607194290423564,0.06212676937622906
common,lead_ld_q2,500,256,2,0.28032333702264545,2,True,0.928575311810819,0.0020769779970143246,0.05371653674950365,True,,9.096827256582785e-06,128,0.0,0.0,0.86129694088922,0.06658461869269673
common,lead_ld_q2,500,256,3,0.37554499682021875,1,True,0.9306456573715761,0.0013360053440213447,0.05925155925155975,True,,8.357277462955892e-06,128,3.637978807091713e-15,0.0,0.8362461350071339,0.06947254146694762
common,lead_ld_q2,500,256,4,0.1268131571973758,0,True,0.9288903801725827,0.0006865870978057534,0.05487929175928518,True,,8.503252281855112e-06,128,2.0372681319713593e-13,0.0,0.8668062903266495,0.053990886301414256
common,lead_ld_q2,500,256,5,0.08773089161431158,0,True,0.931423578001443,0.0004963674924416779,0.0652492668621698,True,,5.55739200569505e-06,128,3.3141986932605506e-12,0.0,0.8696063627559395,0.05735185401858839
common,lead_ld_q2,500,256,6,0.08621044668200441,1,True,0.9297011941969286,0.00020304927034685963,0.04301115754860249,True,,7.793116012289047e-06,128,1.0913936421275139e-14,0.0,0.84307757915498,0.08248289680686957
common,lead_ld_q2,500,256,7,0.32467657785190457,0,True,0.9303827753002436,0.0028667580705471645,0.05631116654458128,True,,7.5571283548736545e-06,128,1.709850039333105e-13,0.0,0.8621277046565977,0.061798345609234015
common,lead_ld_q2,500,256,8,0.23104093483009547,0,True,0.9306730842150666,0.0010675613847796169,0.06895548443409916,True,,8.68688222444014e-06,128,1.7924321582540868e-11,0.0,0.8692801785942087,0.06136885654900496
common,lead_ld_q2,500,256,9,0.20556843492495258,1,True,0.9304326454413792,0.0006121904383178947,0.053908769774228114,True,,6.4360346434533255e-06,128,0.0,0.0,0.8384302880199963,0.0823190379145823
common,lead_ld_q2,500,256,10,0.38647402658750685,0,True,0.9300173892369727,0.0027678280690328462,0.051472079171939314,True,,5.903923187666749e-06,128,2.142769517377019e-12,0.0,0.8790021148487293,0.05422210372830581
common,lead_ld_q2,500,256,11,0.2687172723804046,0,True,0.9313034442747196,0.0021208331067485925,0.06547398878687231,True,,6.44360503754271e-06,128,8.914139471016824e-10,0.0,0.8716522387783313,0.057072804461461075
common,lead_ld_q2,500,256,12,0.12106556925837744,2,True,0.930326355021985,0.0002681099159770797,0.07204102070528492,True,,7.78526367706256e-06,128,0.0,0.0,0.8552383962045318,0.07420770869622109
common,lead_ld_q2,500,256,13,0.0976261894908556,0,True,0.9318488909382323,0.0007460493296859837,0.06626337363718382,True,,7.31715226098828e-06,128,1.7207639757543801e-12,0.0,0.8666723124654666,0.06253031137306427
common,lead_ld_q2,500,256,14,0.0724322098245426,7,True,0.9312615180798826,0.0001742615666114873,0.09917373630257985,True,,9.60622803169997e-06,128,7.275957614183426e-14,0.0,0.8541169524303963,0.06786143072419927
common,lead_ld_q2,500,256,15,0.2655081437814908,0,True,0.9310925755679847,0.0006053774215096952,0.07446583456737967,True,,9.511929024430543e-06,128,0.0,0.0,0.8595620071524492,0.06856826214138476
common,lead_ld_q2,500,256,16,0.34063827201496716,0,True,0.9285205973123261,0.0009960039840159359,0.06714376683256015,True,,9.260840441616125e-06,128,7.275957614183426e-15,0.0,0.8635166016987319,0.06756911958211655
common,lead_ld_q2,500,256,17,0.1608466590825007,0,True,0.9298830830983428,0.0003704090645746386,0.0629345788432806,True,,8.25276083693538e-06,128,9.962168405763806e-10,0.0,0.8697934071824454,0.059673636836266065
common,lead_ld_q2,500,256,18,0.3368824573678366,0,True,0.9304182441429005,0.0009605008834236627,0.06897255382103858,True,,8.288746437656869e-06,128,0.0,0.0,0.8698039157121813,0.07068959910527979
common,lead_ld_q2,500,256,19,0.16837730753462682,0,True,0.9306867771521874,0.0003817158125775405,0.05303030303030269,True,,8.8114578653542e-06,128,1.8968421500176193e-11,0.0,0.8653400370362038,0.056433026944245686
common,lead_ld_q2,500,256,20,0.2675643815598437,1,True,0.9274649803629283,0.0005784765407102846,0.07673235025446874,True,,6.945624531518035e-06,128,3.7115387385711075e-09,0.0,0.8442887686128544,0.06738356532355622
common,lead_ld_q2,500,256,21,0.35146888940443427,1,True,0.9286247158825084,0.001137070379002513,0.0696178541482409,True,,9.928879382670175e-06,128,3.637978807091713e-15,0.0,0.8661443497935635,0.06213891255071327
common,lead_ld_q2,500,256,22,0.17748151363062992,0,True,0.929965171289879,0.000845999008139101,0.06471486482621894,True,,9.53122420832564e-06,128,0.0,0.0,0.8693280988506406,0.060470319739788746
common,lead_ld_q2,500,256,23,0.10837113099604039,3,True,0.9297972782167302,0.0002681099159770797,0.06067077993988353,True,,9.590678637039218e-06,128,3.637978807091713e-15,0.0,0.8462950025544811,0.06434427903726282
common,lead_ld_q2,500,256,24,0.15617781584174997,0,True,0.9279573259699847,0.0003426055858790202,0.05458095691237279,True,,8.194971348629565e-06,128,1.195803633891046e-11,0.0,0.8549139050426708,0.06734879034676058
common,lead_ld_q2,500,256,25,0.3886293792040714,0,True,0.9296485722743787,0.0013471759572656924,0.061981757877280275,True,,8.169859518236677e-06,128,1.1132215149700642e-11,0.0,0.8522742924727346,0.06774988785969736
common,lead_ld_q2,500,256,26,0.1319831763171575,0,True,0.9283277603829477,0.0005789749386562205,0.05593958013312908,True,,8.980197200525453e-06,128,5.915353540331125e-12,0.0,0.8504977537091603,0.06791063963730655
common,lead_ld_q2,500,256,27,0.25043971770296186,2,True,0.9311551888096411,0.0006259237635375709,0.09329048585021679,True,,9.17290990853914e-06,128,3.138811734970659e-10,0.0,0.8756795234413699,0.05446433886962312
common,lead_ld_q2,500,256,28,0.12315632913071067,1,True,0.9312089603031793,0.0002527577677878268,0.04785858005173914,True,,5.825270396941917e-06,128,8.02501745056361e-11,0.0,0.83481356642927,0.07155069029592083
common,lead_ld_q2,500,256,29,0.315230057967585,4,True,0.9293535856038105,0.0009517560194134628,0.056206716237070124,True,,8.52140097329368e-06,128,3.637978807091713e-15,0.0,0.8530709055270831,0.07777774081832411
common,lead_ld_q2,500,32,0,0.1694290803311315,1,True,0.9283914476680811,0.0005199315507589532,0.0626726655616084,True,,9.67116869188267e-06,128,5.763467925135046e-12,0.0,0.8775948679587003,0.04898888282555863
common,lead_ld_q2,500,32,1,0.10919877898358696,0,True,0.9314754182146128,0.0002527577677878277,0.08138927178662304,True,,9.767208014821449e-06,128,6.512082109111361e-10,0.0,0.8487711384816005,0.05107374733180695
common,lead_ld_q2,500,32,2,0.1199515440952607,0,True,0.9327131981325311,0.0008544417188059952,0.06325951588213642,True,,7.425805565564048e-06,128,1.1111296771559865e-11,0.0,0.8277790332739731,0.05943482306762562
common,lead_ld_q2,500,32,3,0.1844207091626024,0,True,0.9308801702092447,0.0020923051921670727,0.118868725023417,True,,8.786593689524835e-06,128,6.797699825256131e-10,0.0,0.8690567701469339,0.04694143730779489
common,lead_ld_q2,500,32,4,0.3644744269684608,0,True,0.9345670233508536,0.004859387923904071,0.06020844125292842,True,,8.999588092528654e-06,128,1.9448247257969343e-08,0.0,0.8702415478613662,0.06376850581026881
common,lead_ld_q2,500,32,5,0.10639104022181309,1,True,0.9341355919620942,0.0002326080732894372,0.02513468891206128,True,,8.94614674673555e-06,128,4.3301042751409115e-12,0.0,0.8408642011474197,0.07616350056747437
common,lead_ld_q2,500,32,6,0.22977344480947764,0,True,0.928377836144752,0.004632494175755004,0.08067717027577975,True,,9.99428754022702e-06,128,9.06196510186419e-09,0.0,0.8501946975864073,0.05518897947133932
common,lead_ld_q2,500,32,7,0.2888545046109176,0,True,0.9290654122423594,0.002417868555873052,0.0645368917288573,True,,7.436852975439834e-06,128,7.559156074421481e-10,0.0,0.8723407486800712,0.05244119934961449
common,lead_ld_q2,500,32,8,0.06598859394634109,0,True,0.9298251427986436,0.00028379040788421525,0.1166417557681043,True,,3.239067492444292e-06,128,7.903971891209949e-09,0.0,0.8600691740625713,0.05470573802761033
common,lead_ld_q2,500,32,9,0.26319395294641384,0,True,0.9273112314508041,0.004289215686274534,0.06419936801881315,True,,8.786166149965524e-06,128,4.919325874652713e-09,0.0,0.843414019803446,0.057281961750734224
common,lead_ld_q2,500,32,10,0.32398467636100914,0,True,0.927924072761171,0.003691338286466679,0.08722892514969592,True,,8.493893735472824e-06,128,1.0550138540565968e-13,0.0,0.861033735885949,0.05472494272023867
common,lead_ld_q2,500,32,11,0.11911755063451215,0,True,0.9289129132039571,0.0008544417188059684,0.17913905488159731,True,,7.716502517851609e-06,128,1.179842001874931e-10,0.0,0.8347021488416538,0.06509039561600356
common,lead_ld_q2,500,32,12,0.16266635009179134,0,True,0.9281292828181072,0.003244439349915992,0.06213875984209011,True,,9.537755137456472e-06,128,1.1184602044522762e-10,0.0,0.8776348337580182,0.058406600618722326
common,lead_ld_q2,500,32,13,0.16734292646008636,0,True,0.9258569697148596,0.0015093463369325434,0.0539702233250621,True,,8.428210572120065e-06,128,8.536741188436281e-08,0.0,0.8610664317857358,0.05344379744297061
common,lead_ld_q2,500,32,14,0.052012245778419924,0,True,0.9279417826219779,0.0004965413327854241,0.13097886540600717,True,,9.161224082010477e-06,128,5.067071469966322e-09,0.0,0.8646114907967523,0.05168065695087967
common,lead_ld_q2,500,32,15,0.2884974924288351,0,True,0.9275651234012751,0.003293957292139957,0.0734788217395379,True,,9.941209016650632e-06,128,4.547187927528284e-09,0.0,0.8500298496025596,0.05991715852098727
common,lead_ld_q2,500,32,16,0.17365996140103035,1,True,0.9305293954558581,0.0003988792933589006,0.05679569454975886,True,,9.790744692317332e-06,128,3.4308439353480934e-08,0.0,0.805180578662723,0.056669080842269716
common,lead_ld_q2,500,32,17,0.15542609840547436,0,True,0.9332076254652114,0.0007423057157540008,0.07681905653508109,True,,9.895936469384026e-06,128,6.553136699949391e-10,0.0,0.8488120196459374,0.06043479269450805
common,lead_ld_q2,500,32,18,0.24610681562091447,0,True,0.9269772938325144,0.003295555019692909,0.04351984696317551,True,,9.676388795121227e-06,128,8.185452315956354e-14,0.0,0.8445552689839975,0.06006373506208086
common,lead_ld_q2,500,32,19,0.20205812442365412,0,True,0.9307964344887627,0.002041393807098381,0.1168819639454148,True,,9.28592485216484e-06,128,1.9837352738250046e-09,0.0,0.8618213266494448,0.0532496283234959
common,lead_ld_q2,500,32,20,0.18338492650891458,0,True,0.9259564923168635,0.0012363336646384192,0.07567569124845572,True,,4.763952098585378e-06,128,1.3721091818297283e-10,0.0,0.876258261111219,0.04680744857145431
common,lead_ld_q2,500,32,21,0.07571997665893591,0,True,0.9301027521242502,0.0004964854059421389,0.04046048823904561,True,,5.9457237342464e-06,128,5.564288585446775e-12,0.0,0.8602677200459848,0.05252647594922817
common,lead_ld_q2,500,32,22,0.30231776928713494,0,True,0.9336567917463344,0.0008265117806233967,0.07274920604974054,True,,4.164962598807165e-06,128,6.714753999403911e-08,0.0,0.8530234704150002,0.05042617305824265
common,lead_ld_q2,500,32,23,0.3298118158474966,0,True,0.9283029456391766,0.004885651769924708,0.05327686317462639,True,,4.573722753420384e-06,128,3.735880454769358e-09,0.0,0.8628140761442384,0.05097172376851413
common,lead_ld_q2,500,32,24,0.23430610922606387,0,True,0.9308490657963584,0.0022099811986673974,0.10862574185304782,True,,3.469946216583253e-06,128,1.7289949028054251e-10,0.0,0.8547002021693643,0.05363258975695579
common,lead_ld_q2,500,32,25,0.38074466374969523,0,True,0.932555053949273,0.00318772259544998,0.06979443271388243,True,,8.649993608500495e-06,128,1.0095391189679504e-13,0.0,0.862161108652471,0.06861719167180198
common,lead_ld_q2,500,32,26,0.2618907699916979,0,True,0.9333831182529291,0.000619039125371161,0.062393453801568355,True,,8.092784995916702e-06,128,4.39331415691413e-10,0.0,0.8516146636872264,0.04888791918907966
common,lead_ld_q2,500,32,27,0.18891096227894089,0,True,0.9322294848046677,0.0020105128018797058,0.09209137977572285,True,,9.537177438012634e-06,128,1.3360477169044317e-12,0.0,0.8680283636684568,0.05019530163335649
common,lead_ld_q2,500,32,28,0.06807952013774154,0,True,0.9232484584889719,0.00014621517713538912,0.07431102978995438,True,,6.633713447889988e-06,128,1.0482390280230902e-09,0.0,0.8469170580561112,0.06609456934007955
common,lead_ld_q2,500,32,29,0.21522488977401683,0,True,0.9294824322826054,0.0012268394727736115,0.0497374799703929,True,,5.45767911841466e-06,128,1.68852238857653e-10,0.0,0.8399127983636009,0.05783250253571553
common,lead_ld_q2,500,4,0,0.13739605571730812,0,True,0.9318617550587444,0.0008231205414304045,0.1435746277668654,True,,9.694466096998866e-06,256,2.7099210126834805e-05,0.0,0.8954825791210383,0.008786467568923857
common,lead_ld_q2,500,4,1,0.22205368009411447,0,True,0.9240605157406365,0.0011592762803792384,0.17878604251881147,True,,5.521092564020336e-06,1024,1.0286694430305943e-07,0.0,0.8517804376623748,0.022168924622936678
common,lead_ld_q2,500,4,2,0.08185551462022922,0,True,0.9299401323498578,0.002219319956526909,0.02640333324178662,True,,1.8153249519148318e-06,512,2.8941978032435147e-06,0.0,0.87900435140503,0.005362745440783511
common,lead_ld_q2,500,4,3,0.21678100707302683,0,True,0.9237282889055927,0.008997332123608091,0.07731599351464126,True,,4.3033358343436134e-06,256,3.2218187675425724e-07,0.0,0.9082440897537143,0.0028432670254166232
common,lead_ld_q2,500,4,4,0.09840442667458495,0,True,0.9339855852996756,0.0004265421221116854,0.019621772636536406,True,,7.980570557730715e-06,256,5.561787950455254e-06,0.0,0.8077858804833117,0.06883864505811749
common,lead_ld_q2,500,4,5,0.2612147682163616,0,True,0.932293568818328,0.0902923399531262,0.1368662741182081,True,,2.859880300798423e-06,128,5.5862016902210595e-06,0.0,0.8274153138930114,0.035889352426215014
common,lead_ld_q2,500,4,6,0.18498992002359466,0,True,0.9244978093244661,0.0007198605743729648,0.054974805438139644,True,,3.6421986493451186e-06,128,7.953717024520301e-07,0.0,0.9107638687230148,0.00686091218139426
common,lead_ld_q2,500,4,7,0.08447343172659545,0,True,0.9303791396554875,0.0005535395780798302,0.017357786703407097,True,,9.841087112216762e-06,256,0.00015343076607950934,0.0,0.8463228056984533,0.02205972874932809
common,lead_ld_q2,500,4,8,0.28870261149023074,0,True,0.9318450428823952,0.0024895133512942143,0.03788227876612092,True,,5.947034913633686e-06,256,7.4749015673205576e-06,0.0,0.8950961131914758,0.0063809816891196485
common,lead_ld_q2,500,4,9,0.11276169479902112,0,True,0.9252573185119195,0.00020304927034685944,0.043376518667862296,True,,4.492082887885829e-07,1024,1.5366955199169753e-07,0.0,0.9028205482298975,0.013481831247317961
common,lead_ld_q2,500,4,10,0.07302757981409795,0,True,0.933365956988994,0.00016953646990292774,0.008211026306584426,True,,3.145065623710863e-06,256,1.2769039876729947e-06,0.0,0.9244416637546282,0.020125364874928373
common,lead_ld_q2,500,4,11,0.10169241809262494,0,True,0.9386698465513943,0.038960426394981935,0.25725997337907003,True,,4.040458332355001e-06,256,1.8690327874537615e-06,0.0,0.9259050657316354,0.034559096478454426
common,lead_ld_q2,500,4,12,0.11382358737813761,0,True,0.9251892623317598,0.0030392337447044033,0.012635005661527678,True,,8.657402858158747e-06,512,3.8696357213439116e-05,0.0,0.8954367410924124,0.037106979697866624
common,lead_ld_q2,500,4,13,0.33116869952502515,0,True,0.9179224993455926,0.01795735129068447,0.17688721586233774,True,,7.720566716606925e-06,256,8.487517677440337e-05,8.879956191368277e-05,0.7949883624191527,0.01478332624161013
common,lead_ld_q2,500,4,14,0.10310472512550775,0,True,0.9382733263319818,0.031212569576551823,0.11990575999082986,True,,3.552636111736618e-06,128,5.20094545208849e-12,0.0,0.7779883431579708,0.025199668017498702
common,lead_ld_q2,500,4,15,0.06401153089978048,0,True,0.926634872427685,0.0012011985585617306,0.02692154417962335,True,,7.959135981838728e-06,256,8.182611668416939e-08,0.0,0.8662873122196977,0.004615100802013971
common,lead_ld_q2,500,4,16,0.29668265520865295,0,True,0.9338313685511783,0.003358311249200379,0.08099577525091715,True,,6.099636675527265e-06,256,2.982299325412896e-05,0.000885965750177322,0.8993465021122299,0.00385768627555463
common,lead_ld_q2,500,4,17,0.39304136032826237,0,True,0.9286024189929275,0.012198087210244775,0.0725098206944727,True,,4.279403855722563e-06,128,1.5369933407782809e-07,0.0,0.9439907957257043,0.006097188862793537
common,lead_ld_q2,500,4,18,0.2568670242784376,0,True,0.9210470839271426,0.0014110496038206776,0.19104633180879638,True,,3.5479374465019475e-06,128,4.484759256229154e-08,0.0,0.7933826358159963,0.0124827076926666
common,lead_ld_q2,500,4,19,0.26227275061956773,1,True,0.934572998933574,0.008152098204086668,0.15794473281777818,True,,6.39352063380727e-06,256,6.761602147207668e-06,0.0,0.7869453160161191,0.006810703662796719
common,lead_ld_q2,500,4,20,0.27325833572873415,0,True,0.9351938842683799,0.01918047079337443,0.21910566408731208,True,,2.160629610559184e-06,512,3.4776797019731023e-07,0.0,0.8305806914884686,0.020872031220313867
common,lead_ld_q2,500,4,21,0.20171648441814366,0,True,0.9366700417724978,0.00150905432595574,0.023838660140128802,True,,5.526543182199362e-06,256,3.8119619684948703e-06,0.0,0.9574951664301375,0.008594414781595332
common,lead_ld_q2,500,4,22,0.21570334349302767,0,True,0.9325825955199889,0.004179182447433747,0.14087144300223303,True,,1.8874977651961444e-06,256,3.412856626937355e-06,0.0,0.8708228142297554,0.0037835260280577867
common,lead_ld_q2,500,4,23,0.37310277940441117,0,True,0.9252335261200445,0.006138555977784236,0.09000935282223187,True,,2.879372607900166e-06,256,1.1559929134818958e-08,0.0,0.8888021336658598,0.010948754457565777
common,lead_ld_q2,500,4,24,0.3785163395346366,0,True,0.9434048140821737,0.003990721739072332,0.0268765811746124,True,,7.922614970734543e-06,128,3.7742174754384904e-08,0.0,0.9494265179796765,0.012921871163352375
common,lead_ld_q2,500,4,25,0.23406515208633366,0,True,0.9239383081473183,0.006863284090304518,0.04662629486522362,True,,7.025259167514619e-06,512,2.375907514306164e-06,0.0,0.8161330073550485,0.07546909651392344
common,lead_ld_q2,500,4,26,0.24372056346839394,0,True,0.9340675505232847,0.0010419511800350072,0.03940825410449782,True,,7.958155033405134e-06,512,4.855057233498883e-06,0.0,0.8687234289156871,0.014446245610973336
common,lead_ld_q2,500,4,27,0.13016979950295135,0,True,0.9033931312617917,0.04477648380087433,0.07095077438406633,True,,7.074730017819775e-06,128,9.348534413220478e-07,0.0,0.9623966372486292,0.008925114234221208
common,lead_ld_q2,500,4,28,0.12788601382712,0,True,0.9388521861651462,0.0026258810521951692,0.07975255202316804,True,,3.2731714849632e-06,256,3.1792674235475717e-09,0.0,0.9032665909765945,0.00456781275396984
common,lead_ld_q2,500,4,29,0.28192092217198705,0,True,0.9274816834681443,0.013381384220010121,0.05307250026338914,True,,9.223390687651545e-06,256,8.711129135008377e-07,0.0,0.8702802884778146,0.08014143324167544
rare,balanced_q1,1000,256,0,0.006056706970889739,0,True,0.6091618715643772,1.816314133547489e-05,0.0026429633895062076,True,,6.52245002696894e-06,128,7.275957614183426e-15,0.0,0.6190706108787877,0.03599618265175649
rare,balanced_q1,1000,256,1,0.007665377169466363,0,True,0.5980394653396357,2.121167126757885e-05,0.003781894570633774,True,,8.732734499417028e-06,128,0.0,0.0,0.5986882802592381,0.036364754044764
rare,balanced_q1,1000,256,2,0.00881397321935956,0,True,0.5931617773953624,3.6546887626441626e-05,0.006981604516272305,True,,8.601514143724565e-06,128,1.4551915228366852e-14,0.0,0.6160929307560419,0.038431791089253056
rare,balanced_q1,1000,256,3,0.013481878430677946,0,True,0.6039233813387227,3.465731055192806e-05,0.009721409804163974,True,,8.612712764866082e-06,128,7.275957614183426e-15,0.0,0.6349914201211726,0.032238151044041916
rare,balanced_q1,1000,256,4,0.01259103500041844,0,True,0.594760712968554,2.8454474872666145e-05,0.005924270813872481,True,,7.284760407899604e-06,512,1.4551915228366852e-14,0.0,0.6023918741335397,0.034346545751165115
rare,balanced_q1,1000,256,5,0.006355024204885496,0,True,0.5959834066542654,3.6472833817611594e-05,0.0052531229604512765,True,,8.762651951377265e-06,128,1.4551915228366852e-14,0.0,0.6214012353865849,0.03463074765539598
rare,balanced_q1,1000,256,6,0.019754913642937483,0,True,0.6002168590159318,2.672076594047727e-05,0.012706952650643187,True,,9.106040845363594e-06,128,0.0,0.0,0.6143133949991212,0.035653198849238246
rare,balanced_q1,1000,256,7,0.010387376426967186,0,True,0.60390795399507,2.8454474872666162e-05,0.010898191233754202,True,,7.231078085645493e-06,128,0.0,0.0,0.6189552378824095,0.03323270296217861
rare,balanced_q1,1000,256,8,0.025212268425509204,0,True,0.608539038961557,0.000102976006590463,0.013033309160415854,True,,8.310970293079478e-06,128,7.275957614183426e-15,0.0,0.6318498742121952,0.033534749129215224
rare,balanced_q1,1000,256,9,0.042309930684752924,0,True,0.5891885463339449,0.00013849078616602799,0.013082266708214784,True,,7.962696689012283e-06,128,7.275957614183426e-15,0.0,0.6029968895669608,0.03850925236966179
rare,balanced_q1,1000,256,10,0.03201033289121632,0,True,0.5944321829213711,3.7381780120369007e-05,0.016273750486388947,True,,8.756790881192522e-06,128,7.275957614183426e-15,0.0,0.6050166288487242,0.03719792316231313
rare,balanced_q1,1000,256,11,0.005281266509872311,0,True,0.6019628867335833,2.426634742938492e-05,0.0074719120101630725,True,,9.955201517364287e-06,128,7.275957614183426e-15,0.0,0.6409466512960913,0.03258631353399045
rare,balanced_q1,1000,256,12,0.006184699901868052,0,True,0.5866072745346271,7.056401819745189e-06,0.004017158178263782,True,,9.981454613838814e-06,128,0.0,0.0,0.6061340494426752,0.03490058904299011
rare,balanced_q1,1000,256,13,0.03842318486954644,0,True,0.595087318805741,4.0623349676419534e-05,0.013737058652656583,True,,8.15308202595233e-06,128,1.4551915228366852e-14,0.0,0.6039567844002652,0.03749393621468997
rare,balanced_q1,1000,256,14,0.007521208624510531,0,True,0.6000314862029278,3.3467439730718983e-05,0.011695904420170822,True,,8.44788700771204e-06,128,7.275957614183426e-15,0.0,0.6078235293703729,0.034228877080272974
rare,balanced_q1,1000,256,15,0.02116395924406282,0,True,0.6040961659463385,7.39924692109107e-05,0.011314083578239428,True,,4.955326614819455e-06,128,0.0,0.0,0.6043796785022484,0.035384469882560304
rare,balanced_q1,1000,256,16,0.012863418715846543,0,True,0.6067459139077156,2.434017833237333e-05,0.006091275816251946,True,,8.594302947528831e-06,128,1.4551915228366852e-14,0.0,0.6076948072374678,0.03521474610416335
rare,balanced_q1,1000,256,17,0.033811569182672745,0,True,0.6031862108209222,0.00010913569724718115,0.02665627769788368,True,,6.805776296636701e-06,128,7.275957614183426e-15,0.0,0.6069076221264352,0.034100868317702863
rare,balanced_q1,1000,256,18,0.009823772097423715,1,True,0.6073018121313297,3.751950873771126e-08,0.00041032187471505685,True,,9.210536441095485e-06,128,0.0,0.0,0.6045996848294566,0.03508274205514615
rare,balanced_q1,1000,256,19,0.02144993869055681,0,True,0.5906843526872083,8.032310483812815e-05,0.014260899433097003,True,,9.072372952445562e-06,128,7.275957614183426e-15,0.0,0.6042023313145783,0.0360932699250026
rare,balanced_q1,1000,256,20,0.0392236120415234,0,True,0.61133851763566,6.624819887709323e-05,0.015628233060285532,True,,9.983465983243178e-06,128,0.0,0.0,0.6118672816336304,0.04155194483588352
rare,balanced_q1,1000,256,21,0.008324030247426254,0,True,0.5985815161615735,2.0679400596393012e-05,0.009886291044812904,True,,6.909904761043251e-06,128,0.0,0.0,0.6315099064044727,0.03230588709887598
rare,balanced_q1,1000,256,22,0.0162340743639751,0,True,0.6012473601831266,7.778309977934228e-05,0.010323704145113872,True,,7.838148252448107e-06,128,7.275957614183426e-15,0.0,0.6092182211044659,0.033260809178587265
rare,balanced_q1,1000,256,23,0.030181799618878305,0,True,0.5893645321959592,3.6305735787600924e-05,0.016832880436374105,True,,5.891608343855381e-06,128,0.0,0.0,0.6023802163817749,0.03324841421216122
rare,balanced_q1,1000,256,24,0.02460296026742782,0,True,0.6051244028019808,7.483847362775381e-05,0.01896144890992229,True,,6.611708468495792e-06,128,7.275957614183426e-15,0.0,0.6157962578188497,0.033831336606014575
rare,balanced_q1,1000,256,25,0.007231353871061374,0,True,0.5959931084913487,2.7327188427036934e-05,0.006204428023108414,True,,6.4858261425992936e-06,128,7.275957614183426e-15,0.0,0.6146790156143208,0.0379702392617623
rare,balanced_q1,1000,256,26,0.008723404887605944,0,True,0.5943405576403595,8.072588717749892e-06,0.004546150108536529,True,,7.229457282598162e-06,128,1.4551915228366852e-14,0.0,0.6071404628919681,0.03698621627201963
rare,balanced_q1,1000,256,27,0.012974520846293702,0,True,0.5987823143636215,3.2585496195643324e-05,0.0088263478266714,True,,8.603940210960559e-06,128,7.275957614183426e-15,0.0,0.6122854646473075,0.03685790313004547
rare,balanced_q1,1000,256,28,0.048973813043931995,0,True,0.5935289947371496,9.883355378122516e-05,0.023557684209851312,True,,4.937952562400483e-06,128,1.4551915228366852e-14,0.0,0.6011371888260181,0.03678430636615229
rare,balanced_q1,1000,256,29,0.01427425546837757,0,True,0.6039181351372658,1.5243670066005233e-05,0.0056507741975598946,True,,6.605731734277143e-06,128,0.0,0.0,0.6139853014000676,0.03288777438935184
rare,balanced_q1,1000,32,0,0.021834788886850837,0,True,0.6048459561506723,0.0001341409305253169,0.006159717447753845,True,,5.949090337686869e-06,128,1.8189894035458565e-15,0.0,0.5897501739765184,0.03104260685066275
rare,balanced_q1,1000,32,1,0.011137794631492467,0,True,0.5890213808790217,2.831062416837513e-05,0.012311535338578303,True,,9.287393669676902e-06,128,2.7284841053187848e-15,0.0,0.5934790309791564,0.03639227026550324
rare,balanced_q1,1000,32,2,0.03944859195482662,0,True,0.5922187652643698,7.268422856074853e-05,0.005282104495343108,True,,5.621285664281217e-06,128,0.0,0.0,0.6048517071463682,0.04594321729497563
rare,balanced_q1,1000,32,3,0.036740910774438036,0,True,0.5842795279548885,3.3090942181851475e-05,0.007572302292114575,True,,4.803635799077721e-06,128,0.0,0.0,0.5965459331452327,0.03876405946626153
rare,balanced_q1,1000,32,4,0.043128059186501845,0,True,0.6194305204441033,0.0008557980316645207,0.017650093133363465,True,,8.162577397330395e-06,128,0.0,0.0,0.6040815867181135,0.027133740073686356
rare,balanced_q1,1000,32,5,0.016831162097539435,0,True,0.5897008750649815,8.570693940519328e-05,0.004502475652929869,True,,9.749813359327675e-06,128,0.0,0.0,0.579783483340161,0.032094761602763325
rare,balanced_q1,1000,32,6,0.013014681497299391,0,True,0.588149143654031,0.00014767049789569345,0.008304034405905533,True,,6.337684087975859e-06,128,0.0,0.0,0.6029995353981086,0.03467808725326858
rare,balanced_q1,1000,32,7,0.013418637590019145,0,True,0.6001917128332537,0.00016458196181698412,0.009163253178639037,True,,9.754135021911026e-06,128,9.094947017729283e-16,0.0,0.6398196093875544,0.03318143415647352
rare,balanced_q1,1000,32,8,0.028655751980415724,0,True,0.6103964366585692,0.00024085578552207729,0.008954921421315144,True,,5.922190797313931e-06,128,0.0,0.0,0.6032713012312182,0.03340530522492222
rare,balanced_q1,1000,32,9,0.01607518487892952,0,True,0.571516455495859,0.00012191136531508919,0.004759983781440895,True,,9.521134499923534e-06,128,1.8189894035458565e-15,0.0,0.5732644374963058,0.033533453522313864
rare,balanced_q1,1000,32,10,0.033589801495616606,0,True,0.5986850829949452,4.507993492096633e-05,0.00486172631124447,True,,6.315409953439044e-06,128,0.0,0.0,0.5854609486477902,0.03931462591399274
rare,balanced_q1,1000,32,11,0.014317797439128012,0,True,0.6020982400949286,0.00010255358424776827,0.00917006278026604,True,,3.6707179527084577e-06,128,2.7284841053187848e-15,0.0,0.6447406147071888,0.028462207267417834
rare,balanced_q1,1000,32,12,0.03620918535037161,0,True,0.5832373692498023,0.0001319197676536912,0.01343214682162723,True,,4.3056309992905994e-06,128,2.7284841053187848e-15,0.0,0.612415118221515,0.030498354926224845
rare,balanced_q1,1000,32,13,0.007507047017650189,1,True,0.593783072773572,2.4241836561537972e-05,0.0003311005272139127,True,,4.274470401632868e-06,128,1.8189894035458565e-15,0.0,0.5407133875383737,0.0350802463851011
rare,balanced_q1,1000,32,14,0.045462743703715384,0,True,0.5809643425839851,6.276201812864997e-05,0.018075223172160895,True,,8.327568366994775e-06,128,1.8189894035458565e-15,0.0,0.5802995035246916,0.03580234378299603
rare,balanced_q1,1000,32,15,0.017114241727768636,0,True,0.589710204344307,6.103391451183089e-05,0.010842854067135097,True,,6.951444286640296e-06,128,9.094947017729283e-16,0.0,0.5828072137712393,0.034814994088454204
rare,balanced_q1,1000,32,16,0.0186798908602128,0,True,0.5948621498167137,0.00012191136531508884,0.015110593826828871,True,,6.201097855429438e-06,128,9.094947017729283e-16,0.0,0.6073634391877923,0.03537189261097993
rare,balanced_q1,1000,32,17,0.04701258047530393,0,True,0.6060555747288855,0.0013908418581122968,0.07842198361667785,True,,7.710163744789611e-06,128,1.8189894035458565e-15,0.0,0.638009590395381,0.03697984775732271
rare,balanced_q1,1000,32,18,0.01634577933879277,0,True,0.6186886990149012,3.258549619564283e-05,0.005921555662591597,True,,7.747605803132274e-06,128,9.094947017729283e-16,0.0,0.6416957460845906,0.0356486486298925
rare,balanced_q1,1000,32,19,0.03034376708114043,0,True,0.59683855605864,0.00018923862991232002,0.013799793916951037,True,,9.433659137192407e-06,128,0.0,0.0,0.6339894021206595,0.035968856513377424
rare,balanced_q1,1000,32,20,0.017307929010949855,0,True,0.615039170040077,0.00011462350273049383,0.010800539635259392,True,,5.2171457483041195e-06,128,1.8189894035458565e-15,0.0,0.6301111938509708,0.0360724111495989
rare,balanced_q1,1000,32,21,0.00936037762380433,0,True,0.5887281765565007,2.8310624168375054e-05,0.0007645828548873783,True,,4.805689822529047e-06,128,9.094947017729283e-16,0.0,0.5552166837417605,0.030865214058454722
rare,balanced_q1,1000,32,22,0.03418334251711562,0,True,0.5966585275669026,0.0002665955745134588,0.003961204816892214,True,,9.412424722299306e-06,128,0.0,0.0,0.6002756011402525,0.0384371015568857
rare,balanced_q1,1000,32,23,0.01774596072244152,0,True,0.6012170900117677,3.65468876264422e-05,0.005890264874730431,True,,5.706497596236204e-06,128,2.074486474157311e-09,0.0,0.6169201746023896,0.03420576375101826
rare,balanced_q1,1000,32,24,0.005987152845133431,0,True,0.6136682781458032,7.331438020837628e-05,0.0036839393851028704,True,,6.166716782218806e-06,128,9.094947017729283e-16,0.0,0.6132601114055776,0.03135400034675203
rare,balanced_q1,1000,32,25,0.019243915990524295,0,True,0.6111660118455976,2.566669233335879e-05,0.0024749791449842837,True,,9.151646800931168e-06,128,9.094947017729283e-16,0.0,0.6119408354523572,0.033083425790361685
rare,balanced_q1,1000,32,26,0.016296038383379948,0,True,0.5834849429741082,6.61870650109704e-05,0.007047043928334674,True,,9.43596680325065e-06,128,9.094947017729283e-16,0.0,0.5742050575585727,0.0414871359495321
rare,balanced_q1,1000,32,27,0.01158907189933331,0,True,0.6028689533406694,1.8163141335475355e-05,0.00279043133430481,True,,5.902665194845724e-06,128,0.0,0.0,0.6088728737046516,0.03389892143144037
rare,balanced_q1,1000,32,28,0.010377840347896532,0,True,0.6074133430576735,4.8778108384956954e-05,0.01242934228356941,True,,9.478388165007345e-06,128,9.094947017729283e-16,0.0,0.6181417547001149,0.04221255103915219
rare,balanced_q1,1000,32,29,0.036151459339546145,0,True,0.5886388986220823,0.0001352018437758434,0.016120221175482324,True,,5.695365688840326e-06,128,2.6338966563344004e-10,0.0,0.6041395918643334,0.0419966608343848
rare,balanced_q1,1000,4,0,0.041266252207285206,0,True,0.5931323427614263,0.010981207351792456,0.029759684014853877,True,,8.392214113306373e-06,256,6.168751860104749e-05,0.0,0.5890571841663033,0.03377151893216693
rare,balanced_q1,1000,4,1,0.023480818145796348,0,True,0.6047112341737071,0.0003349500115625146,0.008455756862885863,True,,8.879576650522303e-06,128,1.1368683772161603e-15,0.0,0.6048625410797898,0.00873711355910165
rare,balanced_q1,1000,4,2,0.006014119284760829,0,True,0.656840765297542,4.7177261380490066e-05,0.0004383977255320064,True,,3.930405944041482e-06,1024,1.3703265267395181e-08,0.0,0.8088604108155264,0.012045304903278141
rare,balanced_q1,1000,4,3,0.01751379092468914,0,True,0.6227944311823186,0.006141422064551757,0.04818564354125544,True,,6.426452448193842e-06,256,3.5086076422885525e-08,0.0,0.7399123981676455,0.026758964399907773
rare,balanced_q1,1000,4,4,0.00552993390106693,0,True,0.5791249794050222,0.0012910710276176967,0.014936703781379632,True,,6.144153731013624e-06,128,4.547473508864641e-16,0.0,0.6146879271349602,0.010031526589638452
rare,balanced_q1,1000,4,5,0.011490837765302506,0,True,0.5762182395105719,0.00010735043783642789,0.0018632936823428045,True,,9.997037862641278e-06,128,2.2737367544323206e-16,0.0,0.5251421882330619,0.008252555666193843
rare,balanced_q1,1000,4,6,0.04422712199109395,0,True,0.6541098378608716,0.0005765904285988803,0.007904353622174535,True,,3.7661272120903533e-06,128,4.547473508864641e-16,0.0,0.6813542489723203,0.01417401779549432
rare,balanced_q1,1000,4,7,0.04111637854864345,0,True,0.6045388168109446,0.0008282189046274005,0.09290704927474505,True,,6.0367331693456094e-06,128,1.3125945906722336e-07,0.0,0.5939154405575381,0.00784244688040391
rare,balanced_q1,1000,4,8,0.006012900776532862,0,True,0.5852779570344254,2.8310624168375007e-05,0.00015734579302953408,True,,3.807484260986982e-06,128,2.2737367544323206e-16,0.0,0.4800694073566742,0.018646557388973542
rare,balanced_q1,1000,4,9,0.02835114593831826,0,True,0.6618458239814798,0.0006718349518447995,0.008451580022245863,True,,5.014365140443289e-06,128,0.0,0.0,0.6487664945618162,0.0026448005615602554
rare,balanced_q1,1000,4,10,0.012664247821504994,0,True,0.5881505396944874,0.00023087451969854255,0.028866080516008818,True,,3.2200480521993313e-06,128,3.0291674019736094e-05,0.0007898767368945681,0.6508559243563241,0.016407469103474237
rare,balanced_q1,1000,4,11,0.013190254402749969,0,True,0.6006315939031948,0.00025900025900026005,0.014450335552577848,True,,7.886270815160579e-06,512,1.1451844960674862e-06,0.0,0.6958040902581661,0.009180325611492375
rare,balanced_q1,1000,4,12,0.04464023700380403,0,True,0.5826766027555861,0.0011272376206117281,0.015117119332869165,True,,8.552144062035083e-06,128,2.2737367544323206e-16,0.0,0.5500297498976567,0.005859814143690269
rare,balanced_q1,1000,4,13,0.017799223361593577,0,True,0.6688053307073423,0.017178635447210697,0.05563846383026202,True,,5.941042735102542e-06,128,1.73650969315986e-05,0.0009406619206698552,0.7540596132762017,0.010521658703903234
rare,balanced_q1,1000,4,14,0.011117440944631057,0,True,0.6349999660589671,0.00011030448122168404,0.0010383850323193262,True,,8.244007578150914e-06,128,1.0445541056469665e-07,0.0,0.6816257845417111,0.01237313096022395
rare,balanced_q1,1000,4,15,0.012402260713192994,0,True,0.6272681532502579,1.3184410347530868e-05,0.00537939256865611,True,,5.878330518349628e-06,128,1.1368683772161603e-15,0.0,0.5844431679718982,0.01549231638587807
rare,balanced_q1,1000,4,16,0.016194472252843806,0,True,0.6579483214841828,0.00039526513969502644,0.04700496336258678,True,,2.4092519002039126e-06,128,1.2766589977672992e-06,0.0,0.7395812290153074,0.0034238759472070114
rare,balanced_q1,1000,4,17,0.006240853239592956,0,True,0.6330739708470985,4.2551380792306344e-05,0.025653226830671595,True,,5.3516635296624315e-06,128,9.840838077934677e-07,0.0,0.7128444723897319,0.003212884309207005
rare,balanced_q1,1000,4,18,0.010151444087664913,0,True,0.5549616691282765,0.000273500306651858,0.001172971958142826,True,,3.240944029370141e-06,256,3.5181629436920047e-07,0.0,0.6159263576430863,0.010943560717994367
rare,balanced_q1,1000,4,19,0.0100653051447733,0,True,0.593515645554176,0.0024060446595657553,0.009882896733456003,True,,9.277842875299314e-06,512,1.5759691314087831e-07,0.0,0.5948890032571864,0.022805884431397312
rare,balanced_q1,1000,4,20,0.039390294485663724,0,True,0.5586035620648434,0.00010913569724718278,0.006850110443829766,True,,8.050016199634413e-06,128,0.0,0.0,0.39831435481533883,0.017721989349872975
rare,balanced_q1,1000,4,21,0.014788345515157926,0,True,0.5581047619739248,0.00016646765903313333,0.0021787177447438926,True,,9.722622118513158e-06,128,0.0,0.0,0.6181294721198846,0.0043752020832922515
rare,balanced_q1,1000,4,22,0.00814067441751225,0,True,0.5717373030484889,0.00042793518631030546,0.0019463443963066234,True,,5.4392777372180845e-06,128,6.435844206862384e-07,0.0,0.6701163208785028,0.03836303485992267
rare,balanced_q1,1000,4,23,0.008530427879485686,0,True,0.6079562428644494,7.840525742889659e-05,0.0025660425805731197,True,,9.562690886921743e-06,128,7.366907084360719e-14,0.0,0.6445254967675685,0.007591984444308727
rare,balanced_q1,1000,4,24,0.005533079002708958,0,True,0.6041001006518105,2.147639429635142e-08,0.0020240206640747753,True,,1.5116586080665684e-06,256,4.318612968745583e-08,0.0,0.6614405292114669,0.03062378081993171
rare,balanced_q1,1000,4,25,0.006417020355424862,0,True,0.6304732221882166,7.331438020837518e-05,0.0038587430371801647,True,,7.981156211367413e-06,512,2.6072384781627987e-06,0.0,0.6908386094666654,0.0160263489924066
rare,balanced_q1,1000,4,26,0.005299367470618843,0,True,0.5799133382143018,0.00012884937508052998,0.004643453177462566,True,,9.936000744392715e-06,256,1.7156913050939693e-06,0.0,0.6043825304738424,0.0063117309484721495
rare,balanced_q1,1000,4,27,0.007431768577079161,0,True,0.5881911527133324,2.8310624168375156e-05,0.0019764239760774313,True,,5.672258870825786e-06,128,6.900336302351206e-12,0.0,0.6019000741335205,0.004298966360238918
rare,balanced_q1,1000,4,28,0.026604429290088164,0,True,0.5993579064250701,0.0014311735623211172,0.049118105002133046,True,,6.915444368260637e-06,128,0.0,0.0,0.5810220963498958,0.04302916925868431
rare,balanced_q1,1000,4,29,0.015091817212948864,0,True,0.5673392251676375,0.00010621956400954341,0.005545149062617609,True,,4.452407633692701e-06,128,2.2737367544323206e-16,0.0,0.5236508661090717,0.029100723598221828
rare,balanced_q1,2000,256,0,0.006056706970889739,0,True,0.6091618715643772,1.8939035245544794e-05,0.0037685568422611165,True,,5.268646028788737e-06,128,0.0,0.0,0.6057224963361879,0.02460982833040646
rare,balanced_q1,2000,256,1,0.007665377169466363,0,True,0.5980394653396357,2.654125712032451e-05,0.004438115256883532,True,,9.707376561585157e-06,128,7.275957614183426e-15,0.0,0.60475951561571,0.02491558122460823
rare,balanced_q1,2000,256,2,0.00881397321935956,0,True,0.5931617773953624,3.500638486019517e-05,0.006859516854898537,True,,9.177737212429093e-06,128,0.0,0.0,0.604875151288663,0.02668448842134953
rare,balanced_q1,2000,256,3,0.013481878430677946,0,True,0.6039233813387227,3.1724881824815734e-05,0.007418377216769297,True,,8.740805352069891e-06,128,0.0,0.0,0.620599016566532,0.023659858996651833
rare,balanced_q1,2000,256,4,0.01259103500041844,0,True,0.594760712968554,6.530185783785426e-05,0.008652887589828736,True,,6.937534426376679e-06,128,7.275957614183426e-15,0.0,0.6078567746046775,0.023374395997063296
rare,balanced_q1,2000,256,5,0.006355024204885496,0,True,0.5959834066542654,5.174770255420528e-05,0.004766625375792274,True,,5.813734747617261e-06,128,7.275957614183426e-15,0.0,0.6134302209176596,0.0242309064199208
rare,balanced_q1,2000,256,6,0.019754913642937483,0,True,0.6002168590159318,0.00013019406119532372,0.012485982436811916,True,,6.671757294851588e-06,128,1.4551915228366852e-14,0.0,0.6007691334107169,0.024023587136876044
rare,balanced_q1,2000,256,7,0.010387376426967186,0,True,0.60390795399507,5.027680172505274e-05,0.011457065696644366,True,,9.464069437470357e-06,128,0.0,0.0,0.6106904854287014,0.024004291762474567
rare,balanced_q1,2000,256,8,0.025212268425509204,0,True,0.608539038961557,0.00012207511136767533,0.014892308971117221,True,,8.959865991808869e-06,128,2.9103830456733704e-14,0.0,0.6219079401459441,0.023696363027343507
rare,balanced_q1,2000,256,9,0.042309930684752924,0,True,0.5891885463339449,0.00018834756403817275,0.015877696531230286,True,,6.2654905850223486e-06,128,1.4551915228366852e-14,0.0,0.6088969278493583,0.025210771100174462
rare,balanced_q1,2000,256,10,0.03201033289121632,0,True,0.5944321829213711,9.494415852813066e-05,0.01854640534729908,True,,9.979686979466607e-06,128,7.275957614183426e-15,0.0,0.6031613532207576,0.024286653012045994
rare,balanced_q1,2000,256,11,0.005281266509872311,0,True,0.6019628867335833,3.442919433660017e-05,0.01099071548779135,True,,5.9079191303546e-06,128,7.275957614183426e-15,0.0,0.6251706508885483,0.024057756368521144
rare,balanced_q1,2000,256,12,0.006184699901868052,0,True,0.5866072745346271,1.2096627863372713e-05,0.003614509694467674,True,,9.709697779691773e-06,128,1.4551915228366852e-14,0.0,0.6102296026766788,0.02287968084370924
rare,balanced_q1,2000,256,13,0.03842318486954644,0,True,0.595087318805741,0.00011399012814260056,0.013876450938970199,True,,8.907791963608247e-06,128,7.275957614183426e-15,0.0,0.5961409167148551,0.02610157448738003
rare,balanced_q1,2000,256,14,0.007521208624510531,0,True,0.6000314862029278,3.193004987676506e-05,0.009400905669396279,True,,7.971775596748998e-06,128,1.4551915228366852e-14,0.0,0.6117118051959335,0.0239270370694635
rare,balanced_q1,2000,256,15,0.02116395924406282,0,True,0.6040961659463385,7.167944950182655e-05,0.010114308794010155,True,,7.2880712522760405e-06,128,2.1827872842550278e-14,0.0,0.603106005706214,0.025055831479063945
rare,balanced_q1,2000,256,16,0.012863418715846543,0,True,0.6067459139077156,3.687554757009206e-05,0.012287539183101562,True,,5.3667782817790055e-06,128,0.0,0.0,0.6147920152671053,0.024046965430842424
rare,balanced_q1,2000,256,17,0.033811569182672745,0,True,0.6031862108209222,0.00014063783825813377,0.032584616104303625,True,,6.296809172301465e-06,128,7.275957614183426e-15,0.0,0.6094325344175341,0.024022435217971712
rare,balanced_q1,2000,256,18,0.009823772097423715,0,True,0.6073018121313297,2.475936674635117e-05,0.007753006384283752,True,,8.701371705388539e-06,128,7.275957614183426e-15,0.0,0.5996749901837862,0.025111912059023866
rare,balanced_q1,2000,256,19,0.02144993869055681,0,True,0.5906843526872083,9.746342414277372e-05,0.012711242927070251,True,,8.564207974792737e-06,128,0.0,0.0,0.5947650001063247,0.0251833520016703
rare,balanced_q1,2000,256,20,0.0392236120415234,0,True,0.61133851763566,0.00014781781350388474,0.017521241547710634,True,,7.331943503441352e-06,128,7.275957614183426e-15,0.0,0.6190627258138053,0.025898672978798484
rare,balanced_q1,2000,256,21,0.008324030247426254,0,True,0.5985815161615735,3.039421294185532e-05,0.011105852558214183,True,,9.663780379920439e-06,128,0.0,0.0,0.6174923519712376,0.023238870544627078
rare,balanced_q1,2000,256,22,0.0162340743639751,0,True,0.6012473601831266,7.153295114299339e-05,0.009541646184509926,True,,9.913012374962449e-06,128,0.0,0.0,0.5994879181001733,0.02365070946516973
rare,balanced_q1,2000,256,23,0.030181799618878305,0,True,0.5893645321959592,8.151509387821624e-05,0.017166661053998444,True,,6.887387574483483e-06,128,2.1827872842550278e-14,0.0,0.6085237026990098,0.02240830934741496
rare,balanced_q1,2000,256,24,0.02460296026742782,0,True,0.6051244028019808,8.349818211056596e-05,0.014352609036722985,True,,5.716253651533165e-06,128,7.275957614183426e-15,0.0,0.6131740233057705,0.024496013349834263
rare,balanced_q1,2000,256,25,0.007231353871061374,0,True,0.5959931084913487,2.475936674635102e-05,0.0037834645954512615,True,,6.943025159467098e-06,128,1.4551915228366852e-14,0.0,0.5996710347795268,0.02752973708319964
rare,balanced_q1,2000,256,26,0.008723404887605944,0,True,0.5943405576403595,4.056630562654675e-05,0.006336804139691579,True,,6.108401956916865e-06,128,2.1827872842550278e-14,0.0,0.6114246245212034,0.023052516010871462
rare,balanced_q1,2000,256,27,0.012974520846293702,0,True,0.5987823143636215,3.5585922209173635e-05,0.007909767748103855,True,,8.67572642060388e-06,128,0.0,0.0,0.599347023141021,0.024553058638608783
rare,balanced_q1,2000,256,28,0.048973813043931995,0,True,0.5935289947371496,0.00016672709421139238,0.028784362468532075,True,,7.025303512486758e-06,128,0.0,0.0,0.6032755123739931,0.024450978657144854
rare,balanced_q1,2000,256,29,0.01427425546837757,0,True,0.6039181351372658,1.5759792296104916e-05,0.005889817529511138,True,,6.988097789761838e-06,128,7.275957614183426e-15,0.0,0.6026375596285151,0.024916374376879564
rare,balanced_q1,2000,32,0,0.021834788886850837,0,True,0.6048459561506723,0.0001611310573915747,0.01056165866772666,True,,8.684007443693353e-06,128,0.0,0.0,0.589440307172066,0.019207119931948492
rare,balanced_q1,2000,32,1,0.011137794631492467,0,True,0.5890213808790217,5.3042871583715565e-05,0.00996394142001213,True,,9.16418509921968e-06,128,2.7284841053187848e-15,0.0,0.5820234231892113,0.024790129805002118
rare,balanced_q1,2000,32,2,0.03944859195482662,0,True,0.5922187652643698,5.9851938686847856e-05,0.004718122867257365,True,,7.206891765587642e-06,128,1.8189894035458565e-15,0.0,0.5953568231579798,0.029519932917358736
rare,balanced_q1,2000,32,3,0.036740910774438036,0,True,0.5842795279548885,0.0001435051443474576,0.00957675615286517,True,,6.330774150686835e-06,128,1.8189894035458565e-15,0.0,0.5705160173676589,0.021026804547454713
rare,balanced_q1,2000,32,4,0.043128059186501845,0,True,0.6194305204441033,0.0007846402664574226,0.020597035582255743,True,,9.487515740369545e-06,128,0.0,0.0,0.6077957155385989,0.018267426863036066
rare,balanced_q1,2000,32,5,0.016831162097539435,0,True,0.5897008750649815,9.850616047293183e-05,0.006851107342955214,True,,7.447276494154664e-06,128,9.094947017729283e-16,0.0,0.5797639324881548,0.023114977777618072
rare,balanced_q1,2000,32,6,0.013014681497299391,0,True,0.588149143654031,0.00015269741915697725,0.009150378004000218,True,,9.503312737413339e-06,128,0.0,0.0,0.5987116717683332,0.02476599271091439
rare,balanced_q1,2000,32,7,0.013418637590019145,0,True,0.6001917128332537,0.00010126851602753153,0.007425946927726289,True,,7.640297441824373e-06,128,2.7284841053187848e-15,0.0,0.623926753987818,0.023201312670090617
rare,balanced_q1,2000,32,8,0.028655751980415724,0,True,0.6103964366585692,0.00021802099230697363,0.008536894478346005,True,,8.268379212195143e-06,128,9.094947017729283e-16,0.0,0.5842858114165858,0.025967840936036705
rare,balanced_q1,2000,32,9,0.01607518487892952,0,True,0.571516455495859,0.00014382546510617296,0.00872948923970063,True,,9.52943631515879e-06,128,0.0,0.0,0.5846079559971079,0.02493962886479369
rare,balanced_q1,2000,32,10,0.033589801495616606,0,True,0.5986850829949452,9.62640242709545e-05,0.009854595592177625,True,,8.72531069506799e-06,128,0.0,0.0,0.5924793272022014,0.02612042288889127
rare,balanced_q1,2000,32,11,0.014317797439128012,0,True,0.6020982400949286,6.737677706249638e-05,0.007458850233386877,True,,7.323516395540963e-06,128,0.0,0.0,0.6286827714413069,0.022242753298600378
rare,balanced_q1,2000,32,12,0.03620918535037161,0,True,0.5832373692498023,0.00012048626378355,0.012731565765919774,True,,6.695288660596432e-06,128,9.094947017729283e-16,0.0,0.6088001234769332,0.02236159726499243
rare,balanced_q1,2000,32,13,0.007507047017650189,0,True,0.593783072773572,1.764971369642972e-05,0.0009686021152127734,True,,3.914711346642008e-06,128,1.8189894035458565e-15,0.0,0.5799862110108525,0.02640319658737808
rare,balanced_q1,2000,32,14,0.045462743703715384,0,True,0.5809643425839851,0.00023791271246926702,0.019428820243210743,True,,6.133106858152715e-06,128,1.8189894035458565e-15,0.0,0.5703866786890345,0.022988015310052467
rare,balanced_q1,2000,32,15,0.017114241727768636,0,True,0.589710204344307,8.950605444525303e-05,0.018296320338313875,True,,7.188139420355455e-06,128,0.0,0.0,0.5905350868200115,0.02430336434137544
rare,balanced_q1,2000,32,16,0.0186798908602128,0,True,0.5948621498167137,0.00013946772552751656,0.013480958443998053,True,,3.2079040062082953e-06,128,0.0,0.0,0.5907467222691598,0.022981730225592786
rare,balanced_q1,2000,32,17,0.04701258047530393,0,True,0.6060555747288855,0.0017351183376847492,0.07036535798751029,True,,6.2369326099265265e-06,128,1.8189894035458565e-15,0.0,0.608448040788908,0.026047784927279563
rare,balanced_q1,2000,32,18,0.01634577933879277,0,True,0.6186886990149012,9.626243847310898e-05,0.012675626775457353,True,,9.423320841417393e-06,128,1.8189894035458565e-15,0.0,0.631731812396829,0.024684187510080537
rare,balanced_q1,2000,32,19,0.03034376708114043,0,True,0.59683855605864,0.0003107638365303535,0.01179546399928719,True,,3.435136457952126e-06,128,9.094947017729283e-16,0.0,0.6148908074171202,0.023362555045648933
rare,balanced_q1,2000,32,20,0.017307929010949855,0,True,0.615039170040077,0.00014861963111582495,0.01405100074091854,True,,3.098493116082679e-06,128,9.094947017729283e-16,0.0,0.626834309602604,0.025834464515816048
rare,balanced_q1,2000,32,21,0.00936037762380433,0,True,0.5887281765565007,2.654125712032451e-05,0.0022694664536454423,True,,4.263937392501305e-06,128,9.094947017729283e-16,0.0,0.5786599158027925,0.02293807373416801
rare,balanced_q1,2000,32,22,0.03418334251711562,0,True,0.5966585275669026,0.00020922222418837583,0.0041315165077209625,True,,9.79735570949547e-06,128,1.8189894035458565e-15,0.0,0.6000991054096515,0.0269483259965316
rare,balanced_q1,2000,32,23,0.01774596072244152,0,True,0.6012170900117677,9.564302544973861e-05,0.008556579921040365,True,,5.336173589554072e-06,128,0.0,0.0,0.6116682494362223,0.021140034856317776
rare,balanced_q1,2000,32,24,0.005987152845133431,0,True,0.6136682781458032,7.640781397244315e-05,0.003775794517191317,True,,6.163038839712698e-06,128,0.0,0.0,0.6257568373753442,0.022418243541707444
rare,balanced_q1,2000,32,25,0.019243915990524295,0,True,0.6111660118455976,0.0001418055716698262,0.004568559229768648,True,,6.6708259485182e-06,128,0.0,0.0,0.6185142620034632,0.02319745557448399
rare,balanced_q1,2000,32,26,0.016296038383379948,0,True,0.5834849429741082,0.00012140652655927479,0.01720236859943408,True,,4.5395060159769685e-06,128,0.0,0.0,0.5823761917519038,0.022323193564466562
rare,balanced_q1,2000,32,27,0.01158907189933331,0,True,0.6028689533406694,3.338280057418457e-05,0.001995982144452289,True,,9.915952408956485e-06,128,1.8189894035458565e-15,0.0,0.6023155416622433,0.025343123264446477
rare,balanced_q1,2000,32,28,0.010377840347896532,0,True,0.6074133430576735,7.02240758664278e-05,0.018501517556688506,True,,8.184250577247809e-06,128,9.094947017729283e-16,0.0,0.6176159872231689,0.024591141951602277
rare,balanced_q1,2000,32,29,0.036151459339546145,0,True,0.5886388986220823,0.00016951600042692868,0.0149345823569434,True,,5.5740207547394505e-06,128,0.0,0.0,0.5897828411982542,0.02826078362150043
rare,balanced_q1,2000,4,0,0.041266252207285206,0,True,0.5931323427614263,0.010521733763428406,0.020917620470285066,True,,3.093860150515937e-06,128,0.0,0.0,0.5873285666116661,0.016791247406219397
rare,balanced_q1,2000,4,1,0.023480818145796348,0,True,0.6047112341737071,0.00027732741150141195,0.008352017043333899,True,,2.893568842976535e-06,512,1.819564677134622e-07,0.0,0.6255854156616872,0.011739746357568106
rare,balanced_q1,2000,4,2,0.006014119284760829,0,True,0.656840765297542,0.00015744943257646915,0.0014157204473561956,True,,4.946757930168744e-06,128,2.835349732777104e-12,0.0,0.6771156209802758,0.0016630183452151994
rare,balanced_q1,2000,4,3,0.01751379092468914,0,True,0.6227944311823186,0.007357996115133004,0.05420273020123813,True,,1.1448781160883215e-06,128,0.0,0.0,0.6843601325182753,0.008744646465500553
rare,balanced_q1,2000,4,4,0.00552993390106693,0,True,0.5791249794050222,0.0009704191486702937,0.012529004565566066,True,,6.463526480815496e-06,128,2.2737367544323206e-16,0.0,0.6260544751949014,0.0076421994709606955
rare,balanced_q1,2000,4,5,0.011490837765302506,0,True,0.5762182395105719,7.247694406687096e-05,0.003590430270235148,True,,6.14809168197894e-06,128,2.2737367544323206e-16,0.0,0.5511172308870664,0.006705442830439428
rare,balanced_q1,2000,4,6,0.04422712199109395,0,True,0.6541098378608716,0.0004227962868008728,0.007060629199665863,True,,4.588385626114189e-06,128,3.410605131648481e-16,0.0,0.6778462499621585,0.00725403830611581
rare,balanced_q1,2000,4,7,0.04111637854864345,0,True,0.6045388168109446,0.0008947767077007746,0.09146054885907107,True,,2.5322723018472715e-06,128,3.433342499192804e-13,0.0,0.6178430551512488,0.004644817702258709
rare,balanced_q1,2000,4,8,0.006012900776532862,0,True,0.5852779570344254,4.335511822382972e-05,0.004807413520614302,True,,7.680866231374317e-06,128,7.543903473106184e-08,0.0,0.5722191844639887,0.022901088948831198
rare,balanced_q1,2000,4,9,0.02835114593831826,0,True,0.6618458239814798,0.0005663107997566973,0.0074038483706713835,True,,2.9521594524517525e-06,128,2.2737367544323206e-16,0.0,0.6059644875909056,0.01270510512162138
rare,balanced_q1,2000,4,10,0.012664247821504994,0,True,0.5881505396944874,0.00023087451969854217,0.030252056471670036,True,,3.3972582097474557e-06,256,1.3250510442048836e-06,0.0,0.7101885259786851,0.0096585287658931
rare,balanced_q1,2000,4,11,0.013190254402749969,0,True,0.6006315939031948,0.00032328756753197255,0.014507325417099412,True,,8.723844555746929e-06,512,3.299489282767354e-05,0.0,0.6766652187599315,0.010191963113923652
rare,balanced_q1,2000,4,12,0.04464023700380403,0,True,0.5826766027555861,0.0011241368235105236,0.012948682776035171,True,,4.7963650793292345e-06,128,2.2737367544323206e-16,0.0,0.5877879690886043,0.006520187360271644
rare,balanced_q1,2000,4,13,0.017799223361593577,0,True,0.6688053307073423,0.01674937965260525,0.04719909149924515,True,,3.070102159385968e-06,128,1.379203240503557e-11,0.0,0.7257070784655275,0.01210512042968365
rare,balanced_q1,2000,4,14,0.011117440944631057,0,True,0.6349999660589671,0.00010851733404827033,0.0009283975247365071,True,,8.028544267180138e-07,128,8.842117267704452e-09,0.0,0.6916033829566254,0.003490214873030834
rare,balanced_q1,2000,4,15,0.012402260713192994,0,True,0.6272681532502579,3.1930049876765845e-05,0.004325326039977573,True,,9.461935876142746e-06,128,4.547473508864641e-16,0.0,0.6063309821084372,0.0032073520942738705
rare,balanced_q1,2000,4,16,0.016194472252843806,0,True,0.6579483214841828,0.0003359866600852001,0.03711758020651474,True,,8.928063370827743e-06,128,0.0,0.0,0.6390925318332421,0.006049604921579047
rare,balanced_q1,2000,4,17,0.006240853239592956,0,True,0.6330739708470985,4.943974626000972e-05,0.015628873861253886,True,,2.053062222007185e-06,128,1.1438109140726738e-08,0.0,0.6842821827291512,0.001671161043628993
rare,balanced_q1,2000,4,18,0.010151444087664913,0,True,0.5549616691282765,0.00032853052987281116,0.0010867725535283121,True,,2.115703352734144e-06,128,1.1408012073843566e-07,0.0,0.6305220086665441,0.004250314301281804
rare,balanced_q1,2000,4,19,0.0100653051447733,0,True,0.593515645554176,0.00221644221434758,0.006944300802903663,True,,7.036931880088915e-06,128,2.2737367544323206e-16,0.0,0.5696786509047523,0.025916243457368725
rare,balanced_q1,2000,4,20,0.039390294485663724,0,True,0.5586035620648434,0.0002203082216930206,0.012421062633552521,True,,4.181068042230507e-06,128,2.2737367544323206e-16,0.0,0.5114765870027902,0.009854250707392903
rare,balanced_q1,2000,4,21,0.014788345515157926,0,True,0.5581047619739248,0.0001228098902898315,0.0018943374760800541,True,,1.948674800189565e-06,128,4.206412995699793e-15,0.0,0.6372503043200722,0.0011365686061131088
rare,balanced_q1,2000,4,22,0.00814067441751225,0,True,0.5717373030484889,0.0004478925227360967,0.0018502956971050344,True,,4.7624690084902e-06,128,5.423538705144892e-07,0.0,0.6736909002887892,0.020456427598650854
rare,balanced_q1,2000,4,23,0.008530427879485686,0,True,0.6079562428644494,5.608822449299177e-05,0.0018825667608573808,True,,2.625925835442189e-06,128,4.547473508864641e-16,0.0,0.6488445776174082,0.004101093085449307
rare,balanced_q1,2000,4,24,0.005533079002708958,0,True,0.6041001006518105,4.877810838495749e-05,0.0023906715029060116,True,,9.81188455839721e-06,512,8.494756821164629e-08,0.0,0.61227357460713,0.032205832945689336
rare,balanced_q1,2000,4,25,0.006417020355424862,0,True,0.6304732221882166,7.13506681480421e-05,0.012983449554795289,True,,5.605054266277776e-07,1024,1.3094415078285239e-07,0.0,0.7480927088630931,0.003009668416028367
rare,balanced_q1,2000,4,26,0.005299367470618843,0,True,0.5799133382143018,0.00012151657827812748,0.013771875499662778,True,,6.4114413362847955e-06,256,2.161724332040649e-06,0.0,0.6650202195591707,0.00175743184162914
rare,balanced_q1,2000,4,27,0.007431768577079161,0,True,0.5881911527133324,4.46001394767999e-05,0.0050908835532244455,True,,2.0062864195535823e-06,128,4.547473508864641e-16,0.0,0.6520824242964468,0.0032597055182433414
rare,balanced_q1,2000,4,28,0.026604429290088164,0,True,0.5993579064250701,0.0014760316177502204,0.033193647554869865,True,,8.24038575064634e-06,128,2.2737367544323206e-16,0.0,0.6012968179954197,0.021067036794118203
rare,balanced_q1,2000,4,29,0.015091817212948864,0,True,0.5673392251676375,0.00010371944044639259,0.005690014584037648,True,,1.5881681926233071e-06,128,2.2737367544323206e-16,0.0,0.5306065163737175,0.02971188256107702
rare,balanced_q1,500,256,0,0.006056706970889739,0,True,0.6091618715643772,1.209662786337253e-05,0.0024895813856927566,True,,8.191633176890534e-06,128,7.275957614183426e-15,0.0,0.6273623817037987,0.050533842488659844
rare,balanced_q1,500,256,1,0.007665377169466363,0,True,0.5980394653396357,2.024250521244544e-05,0.005657541162515918,True,,9.573167457310738e-06,128,1.4551915228366852e-14,0.0,0.617609402543713,0.05002794361206823
rare,balanced_q1,500,256,2,0.00881397321935956,4,True,0.5931617773953624,1.616135496800022e-05,0.0017824000332414556,True,,9.242087170235891e-06,256,7.275957614183426e-15,0.0,0.6125766053742567,0.05646562098841315
rare,balanced_q1,500,256,3,0.013481878430677946,2,True,0.6039233813387227,3.258549619564284e-05,0.009028354602431477,True,,9.42549833726769e-06,128,0.0,0.0,0.6444792533879851,0.04681858357686497
rare,balanced_q1,500,256,4,0.01259103500041844,2,True,0.594760712968554,2.845447487266599e-05,0.004122257814685422,True,,9.095207047504772e-06,128,7.275957614183426e-15,0.0,0.6347162720645616,0.049681067295955235
rare,balanced_q1,500,256,5,0.006355024204885496,0,True,0.5959834066542654,3.238761497603261e-05,0.0040081128066447825,True,,9.159243217871094e-06,128,0.0,0.0,0.6267514232140751,0.04767479844172502
rare,balanced_q1,500,256,6,0.019754913642937483,2,True,0.6002168590159318,4.507993492096649e-05,0.008123180345315072,True,,8.801687565340721e-06,128,0.0,0.0,0.6077921829306772,0.05076207343383983
rare,balanced_q1,500,256,7,0.010387376426967186,1,True,0.60390795399507,2.845447487266609e-05,0.007314524555903805,True,,8.314838740863806e-06,128,0.0,0.0,0.6055714676291545,0.051111251870093626
rare,balanced_q1,500,256,8,0.025212268425509204,0,True,0.608539038961557,6.197962936181613e-05,0.016074953780591074,True,,9.453698604167116e-06,128,7.275957614183426e-15,0.0,0.6651952370374248,0.04412360526053379
rare,balanced_q1,500,256,9,0.042309930684752924,0,True,0.5891885463339449,7.916039980168246e-05,0.011181687008937957,True,,9.660783212295243e-06,128,0.0,0.0,0.6191837207371782,0.051609487147728006
rare,balanced_q1,500,256,10,0.03201033289121632,0,True,0.5944321829213711,9.662931733487826e-05,0.021615792460573515,True,,9.546012285310823e-06,128,1.4551915228366852e-14,0.0,0.624243550037431,0.05148225768099379
rare,balanced_q1,500,256,11,0.005281266509872311,0,True,0.6019628867335833,1.616135496800019e-05,0.008895555040064458,True,,9.766447814585355e-06,128,3.637978807091713e-14,0.0,0.6547780464952557,0.04577875150435734
rare,balanced_q1,500,256,12,0.006184699901868052,3,True,0.5866072745346271,3.0434069723716114e-06,0.001566071491923835,True,,7.768551404607749e-06,128,1.4551915228366852e-14,0.0,0.6109058272182094,0.05211384321188162
rare,balanced_q1,500,256,13,0.03842318486954644,4,True,0.595087318805741,7.483847362775144e-05,0.010837086902809897,True,,7.909622884105794e-06,128,0.0,0.0,0.6144561664003936,0.0552166191989796
rare,balanced_q1,500,256,14,0.007521208624510531,0,True,0.6000314862029278,2.4340178332373415e-05,0.006802423474213902,True,,6.899690479400533e-06,256,0.0,0.0,0.6217836746862248,0.05042190659526343
rare,balanced_q1,500,256,15,0.02116395924406282,0,True,0.6040961659463385,4.927888564013294e-05,0.009422754513854551,True,,5.544208659280514e-06,128,0.0,0.0,0.6283618615545246,0.05099532233684735
rare,balanced_q1,500,256,16,0.012863418715846543,0,True,0.6067459139077156,2.0242505212445074e-05,0.003727885783673189,True,,9.515768481627163e-06,128,7.275957614183426e-15,0.0,0.6256629550286666,0.049570534345757554
rare,balanced_q1,500,256,17,0.033811569182672745,1,True,0.6031862108209222,5.349508051009598e-05,0.015978722211748467,True,,6.396527964414034e-06,128,0.0,0.0,0.612114009253076,0.05158804071609803
rare,balanced_q1,500,256,18,0.009823772097423715,4,True,0.6073018121313297,4.016048128320602e-06,0.00013702618913039494,True,,9.429238440050725e-06,128,7.275957614183426e-15,0.0,0.6249639824743657,0.05284173653737836
rare,balanced_q1,500,256,19,0.02144993869055681,1,True,0.5906843526872083,5.7728625976231984e-05,0.014707893526289076,True,,6.739640600494923e-06,128,0.0,0.0,0.6267021665193112,0.050105936207999496
rare,balanced_q1,500,256,20,0.0392236120415234,2,True,0.61133851763566,7.483847362775138e-05,0.01773631449191427,True,,9.944640554149231e-06,128,0.0,0.0,0.6194131638574295,0.056571894215690935
rare,balanced_q1,500,256,21,0.008324030247426254,0,True,0.5985815161615735,2.0242505212445667e-05,0.007281202993512856,True,,6.9435263408967884e-06,128,7.275957614183426e-15,0.0,0.6503531110237415,0.043396179397389927
rare,balanced_q1,500,256,22,0.0162340743639751,1,True,0.6012473601831266,4.089812277616465e-05,0.011281531246038775,True,,5.22326051077826e-06,256,7.275957614183426e-15,0.0,0.6280135529829576,0.046525599428280995
rare,balanced_q1,500,256,23,0.030181799618878305,1,True,0.5893645321959592,6.624819887709161e-05,0.013371715108181047,True,,9.923203049044815e-06,128,7.275957614183426e-15,0.0,0.6135319126443085,0.04599412682710156
rare,balanced_q1,500,256,24,0.02460296026742782,2,True,0.6051244028019808,4.507993492096696e-05,0.011588275391956355,True,,8.44736413307956e-06,128,7.275957614183426e-15,0.0,0.6150587838824041,0.050591678624077284
rare,balanced_q1,500,256,25,0.007231353871061374,2,True,0.5959931084913487,2.0242505212444925e-05,0.006129022035121201,True,,9.418993697440925e-06,128,1.4551915228366852e-14,0.0,0.6220664780587876,0.05430745075711126
rare,balanced_q1,500,256,26,0.008723404887605944,1,True,0.5943405576403595,8.048224963984009e-06,0.002068881586953824,True,,7.971078062940506e-06,128,0.0,0.0,0.6095718207336975,0.052677365106524036
rare,balanced_q1,500,256,27,0.012974520846293702,1,True,0.5987823143636215,4.056630562654638e-05,0.00479723488573044,True,,9.367372195256962e-06,128,0.0,0.0,0.6383533657251182,0.051914701981511026
rare,balanced_q1,500,256,28,0.048973813043931995,0,True,0.5935289947371496,9.223467856214456e-05,0.02111373676530954,True,,8.593592873085143e-06,128,7.275957614183426e-15,0.0,0.6078516140314941,0.051192956309861
rare,balanced_q1,500,256,29,0.01427425546837757,1,True,0.6039181351372658,4.089812277616466e-05,0.007763322572749444,True,,7.90777067916082e-06,128,0.0,0.0,0.6372612815005134,0.04441704755964891
rare,balanced_q1,500,32,0,0.021834788886850837,0,True,0.6048459561506723,0.00016113105739157534,0.004044024416774857,True,,5.480423529435896e-06,128,9.094947017729283e-16,0.0,0.6310662502225846,0.04408995638913709
rare,balanced_q1,500,32,1,0.011137794631492467,2,True,0.5890213808790217,4.016048128320761e-06,0.0004433296988824346,True,,9.510283260905084e-06,128,1.7645379557507113e-10,0.0,0.611052044497762,0.054760317760228994
rare,balanced_q1,500,32,2,0.03944859195482662,0,True,0.5922187652643698,7.053444362845873e-05,0.0051482549541555745,True,,5.451398562339449e-06,128,1.3677736569661647e-07,0.0,0.6568874599550097,0.07623638791772167
rare,balanced_q1,500,32,3,0.036740910774438036,1,True,0.5842795279548885,7.916039980168302e-05,0.012611149814316089,True,,3.1924123611304367e-06,128,0.0,0.0,0.6155921624412444,0.05301200460341404
rare,balanced_q1,500,32,4,0.043128059186501845,0,True,0.6194305204441033,0.0007473043663926571,0.02176084116947508,True,,6.032987549309254e-06,128,3.637978807091713e-15,0.0,0.6266860617757853,0.03823217560615816
rare,balanced_q1,500,32,5,0.016831162097539435,0,True,0.5897008750649815,9.814987485890964e-05,0.004510427897507975,True,,6.5195111265126116e-06,128,9.094947017729283e-16,0.0,0.5854230127348503,0.043245898876601616
rare,balanced_q1,500,32,6,0.013014681497299391,0,True,0.588149143654031,0.00018515089798185598,0.009570093203942892,True,,8.369968914845316e-06,128,0.0,0.0,0.6207390106888827,0.051141088040428176
rare,balanced_q1,500,32,7,0.013418637590019145,0,True,0.6001917128332537,5.7664217850892133e-05,0.005074849388462115,True,,4.3702729568551035e-06,128,9.094947017729283e-16,0.0,0.6119421950737681,0.05280138765965899
rare,balanced_q1,500,32,8,0.028655751980415724,0,True,0.6103964366585692,0.00021245485334366377,0.00936636358615666,True,,7.0524740112265505e-06,128,4.8363015594077294e-08,0.0,0.6204123788003157,0.046978163869082636
rare,balanced_q1,500,32,9,0.01607518487892952,0,True,0.571516455495859,2.8454474872666033e-05,0.0033743860328499195,True,,9.534258778032267e-06,128,0.0,0.0,0.539480957146139,0.044265805489562646
rare,balanced_q1,500,32,10,0.033589801495616606,2,True,0.5986850829949452,3.673334448938611e-05,0.0050994860667972555,True,,4.379440777579902e-06,128,9.094947017729283e-16,0.0,0.5610489191287724,0.04769992737516034
rare,balanced_q1,500,32,11,0.014317797439128012,0,True,0.6020982400949286,9.814987485891015e-05,0.006276957057275049,True,,6.970880617629405e-06,128,4.4151602196507156e-10,0.0,0.6470258509700313,0.03944554502917278
rare,balanced_q1,500,32,12,0.03620918535037161,0,True,0.5832373692498023,0.00016733601070950454,0.010517900808828123,True,,9.443114196372449e-06,128,1.052285369951278e-11,0.0,0.6307410029855225,0.043152504475660616
rare,balanced_q1,500,32,13,0.007507047017650189,2,True,0.593783072773572,4.01604812832067e-06,0.00010105171172091306,True,,8.299406564216127e-06,128,0.0,0.0,0.5498387452577939,0.04654028981897189
rare,balanced_q1,500,32,14,0.045462743703715384,0,True,0.5809643425839851,0.00011439369224707356,0.015589843217770022,True,,6.773508638868719e-06,128,9.094947017729283e-16,0.0,0.6057104179195788,0.056034150611712435
rare,balanced_q1,500,32,15,0.017114241727768636,0,True,0.589710204344307,4.8778108384957015e-05,0.004732231427401874,True,,6.209861933781369e-06,128,9.094947017729283e-16,0.0,0.6182356170985392,0.050448342571270094
rare,balanced_q1,500,32,16,0.0186798908602128,0,True,0.5948621498167137,9.814987485891136e-05,0.013940847230410724,True,,5.023003817328231e-06,128,7.324306352529675e-10,0.0,0.6336556904902639,0.045782933272734624
rare,balanced_q1,500,32,17,0.04701258047530393,0,True,0.6060555747288855,0.0019650886945437925,0.0933678676142827,True,,5.9505418326111226e-06,128,0.0,0.0,0.6610854234699403,0.048154720390613526
rare,balanced_q1,500,32,18,0.01634577933879277,0,True,0.6186886990149012,7.361421245061746e-05,0.007252892322592717,True,,9.351047353112207e-06,128,9.094947017729283e-16,0.0,0.6626410839334288,0.0448668990029849
rare,balanced_q1,500,32,19,0.03034376708114043,0,True,0.59683855605864,0.00016733601070950433,0.02248736344176702,True,,8.466702621001687e-06,128,0.0,0.0,0.6660009557059835,0.04305220968626148
rare,balanced_q1,500,32,20,0.017307929010949855,0,True,0.615039170040077,2.024250521244547e-05,0.006678261645149103,True,,9.331369171139414e-06,128,1.2641976354643703e-11,0.0,0.6686151786386603,0.048780686750747086
rare,balanced_q1,500,32,21,0.00936037762380433,0,True,0.5887281765565007,3.1362831963513315e-05,0.000483668459986929,True,,9.478404722873535e-06,128,0.0,0.0,0.5406078951058292,0.04080715604326349
rare,balanced_q1,500,32,22,0.03418334251711562,0,True,0.5966585275669026,0.00031855677016967495,0.004536286415481016,True,,6.531464568415579e-06,128,5.796357072540559e-09,0.0,0.6213264929762637,0.048305320936026075
rare,balanced_q1,500,32,23,0.01774596072244152,0,True,0.6012170900117677,9.814987485891011e-05,0.00791256269104713,True,,6.359200981576052e-06,128,1.398693711962551e-09,0.0,0.6414185703326984,0.04421938619969942
rare,balanced_q1,500,32,24,0.005987152845133431,0,True,0.6136682781458032,7.331438020837669e-05,0.0030997953533164696,True,,7.457194441728987e-06,128,0.0,0.0,0.6490739793657336,0.04297560867752826
rare,balanced_q1,500,32,25,0.019243915990524295,1,True,0.6111660118455976,0.00011568909382385394,0.003928170594837243,True,,7.551161741892187e-06,128,3.7004701880505307e-10,0.0,0.6554853954389211,0.04630437038052746
rare,balanced_q1,500,32,26,0.016296038383379948,0,True,0.5834849429741082,4.877810838495697e-05,0.005282908706440548,True,,5.548746312422637e-06,128,9.094947017729283e-16,0.0,0.5578290504326073,0.05537619448809675
rare,balanced_q1,500,32,27,0.01158907189933331,0,True,0.6028689533406694,8.04822496398402e-06,0.00031448766733476835,True,,7.507930324779366e-06,128,9.094947017729283e-16,0.0,0.6156855014824472,0.04959346944425722
rare,balanced_q1,500,32,28,0.010377840347896532,0,True,0.6074133430576735,4.877810838495723e-05,0.017626105207116695,True,,5.658936777619417e-06,128,9.094947017729283e-16,0.0,0.6177972354473689,0.05302976200162694
rare,balanced_q1,500,32,29,0.036151459339546145,0,True,0.5886388986220823,0.0002384368581551682,0.013173006302891394,True,,7.60952922185254e-06,128,1.0458279575686901e-10,0.0,0.6201944670700907,0.053216552285964766
rare,balanced_q1,500,4,0,0.041266252207285206,0,True,0.5931323427614263,0.009336099585062221,0.019086274366884724,True,,6.007377598482577e-06,128,4.647374680644134e-09,0.0,0.5791394315183365,0.03125761205199034
rare,balanced_q1,500,4,1,0.023480818145796348,0,True,0.6047112341737071,0.0005531529719400573,0.011204287079863665,True,,9.750898552596254e-06,128,0.0,0.0,0.5998312786493557,0.012633352893480613
rare,balanced_q1,500,4,2,0.006014119284760829,0,True,0.656840765297542,8.196049504139071e-05,0.000884515923913001,True,,3.4711013823240933e-06,512,1.95092499780003e-06,9.207005186345762e-05,0.8592745912954515,0.016739334651887393
rare,balanced_q1,500,4,3,0.01751379092468914,0,True,0.6227944311823186,4.8778108384957096e-05,0.0173138418133029,True,,7.809080055043438e-06,128,2.0463630789890884e-15,0.0,0.6232606730146816,0.07718068530048437
rare,balanced_q1,500,4,4,0.00552993390106693,0,True,0.5791249794050222,0.002388580311273721,0.020281426632329267,True,,2.2087473050547146e-06,128,0.0,0.0,0.6311180101765012,0.01299399864088948
rare,balanced_q1,500,4,5,0.011490837765302506,0,True,0.5762182395105719,0.00013113034356149802,0.0010625839600764604,True,,6.834749319839517e-06,128,2.2737367544323206e-16,0.0,0.5465488059887227,0.0164731333207473
rare,balanced_q1,500,4,6,0.04422712199109395,0,True,0.6541098378608716,0.000496541332785429,0.007345504160790821,True,,9.004777217214155e-06,128,1.0666803973435889e-10,0.0,0.7124240615660933,0.014391948890177343
rare,balanced_q1,500,4,7,0.04111637854864345,0,True,0.6045388168109446,0.0008036090123262523,0.10742395873118404,True,,7.465711703291689e-06,256,8.460107801511185e-07,0.0,0.5910558402320941,0.012782764676900926
rare,balanced_q1,500,4,8,0.006012900776532862,0,True,0.5852779570344254,1.209662786337265e-05,6.956216833598729e-05,True,,5.842440840786445e-06,128,4.547473508864641e-16,0.0,0.4419912991144703,0.009733368281544837
rare,balanced_q1,500,4,9,0.02835114593831826,0,True,0.6618458239814798,0.0002986659587177293,0.006667029423336105,True,,4.108899294696933e-06,128,4.547473508864641e-16,0.0,0.5124232187733457,0.022975307188958256
rare,balanced_q1,500,4,10,0.012664247821504994,0,True,0.5881505396944874,0.0002980477869951874,0.03390664070562743,True,,7.080872561626705e-06,256,5.553608593800163e-08,0.0,0.7366605427707869,0.004685232521009668
rare,balanced_q1,500,4,11,0.013190254402749969,0,True,0.6006315939031948,0.00029804778699518464,0.03073791048414501,True,,7.824086616370352e-06,512,1.3945789419267384e-06,0.0,0.7144101770827154,0.004401916316689597
rare,balanced_q1,500,4,12,0.04464023700380403,0,True,0.5826766027555861,0.0010378827192527359,0.01722469454392254,True,,5.199748085438216e-07,128,2.2737367544323206e-16,0.0,0.5668114793323497,0.015387575051115673
rare,balanced_q1,500,4,13,0.017799223361593577,0,True,0.6688053307073423,0.016429676563766458,0.07610265248734659,True,,8.731354528279667e-08,256,2.9517693230900477e-06,0.0,0.7901380073531261,0.03911191388361133
rare,balanced_q1,500,4,14,0.011117440944631057,0,True,0.6349999660589671,0.00010203040506070688,0.0011823111297675415,True,,2.883253197971669e-06,128,2.2509993868879975e-14,0.0,0.653058835138271,0.03658627843560695
rare,balanced_q1,500,4,15,0.012402260713192994,1,True,0.6272681532502579,0.00583244962884412,0.007512004944610921,True,,4.973407260910889e-06,256,1.6876060726644937e-10,0.0,0.7539700618025609,0.02408783018503027
rare,balanced_q1,500,4,16,0.016194472252843806,0,True,0.6579483214841828,0.0006564109469148661,0.06437677811075954,True,,2.052825724518925e-06,128,5.648469134484912e-07,0.0,0.7601617226514431,0.024708266364436023
rare,balanced_q1,500,4,17,0.006240853239592956,0,True,0.6330739708470985,3.643591933897201e-05,0.014079597676548957,True,,3.0393867600508884e-06,512,1.50262884278618e-06,0.0,0.7015428449679697,0.012382346076751325
rare,balanced_q1,500,4,18,0.010151444087664913,0,True,0.5549616691282765,0.0002909755996175722,0.0012303243545055856,True,,9.948281725291608e-06,512,6.724920717715577e-07,0.0,0.6018553630916599,0.018329738954901597
rare,balanced_q1,500,4,19,0.0100653051447733,0,True,0.593515645554176,0.00342339858468882,0.03195283467348216,True,,4.947973242463988e-06,512,2.6273991352354643e-08,0.0,0.6165411772797649,0.05328358568813893
rare,balanced_q1,500,4,20,0.039390294485663724,1,True,0.5586035620648434,0.005659994462423811,0.008475294094199929,True,,8.657437335912732e-06,512,2.0944878398267974e-06,0.0,0.7017185065271951,0.019660873807314124
rare,balanced_q1,500,4,21,0.014788345515157926,0,True,0.5581047619739248,0.0003790229537966822,0.003777666875349439,True,,8.45898902712694e-06,128,4.716287094197469e-11,0.0,0.6812717484278552,0.003016008005923278
rare,balanced_q1,500,4,22,0.00814067441751225,0,True,0.5717373030484889,0.0006224936162644465,0.0027340922672456627,True,,6.026440358297691e-06,256,4.958337722200668e-07,0.0,0.6668397135252954,0.022452156823365918
rare,balanced_q1,500,4,23,0.008530427879485686,0,True,0.6079562428644494,6.503642039542029e-05,0.001999295460525836,True,,5.893858343153369e-06,512,6.947112979105441e-09,0.0,0.7391398164863678,0.027052690915390035
rare,balanced_q1,500,4,24,0.005533079002708958,0,True,0.6041001006518105,9.034091375727776e-05,0.003016426493777959,True,,2.8397747655339867e-06,512,3.7287687632669985e-07,0.0,0.6487417784875612,0.047685061049438975
rare,balanced_q1,500,4,25,0.006417020355424862,0,True,0.6304732221882166,0.00010203040506070877,0.005564518171096886,True,,3.4222216931389937e-06,1024,2.3614951032868704e-07,0.0,0.728979859677424,0.02365724000907586
rare,balanced_q1,500,4,26,0.005299367470618843,0,True,0.5799133382143018,3.258549619564303e-05,0.0003931441896034059,True,,5.043827084882935e-06,512,3.127586379491731e-06,0.0,0.7201509345079058,0.03115991300781956
rare,balanced_q1,500,4,27,0.007431768577079161,0,True,0.5881911527133324,1.612877211657874e-05,0.0004363167133587954,True,,5.920923888291796e-06,512,7.233870619529626e-07,0.0,0.6586215537337041,0.012119466533993595
rare,balanced_q1,500,4,28,0.026604429290088164,0,True,0.5993579064250701,0.00013578402932934916,0.010367904523579396,True,,4.442965682471822e-06,256,3.02670314340503e-08,0.0,0.5731492945765453,0.022190593005681356
rare,balanced_q1,500,4,29,0.015091817212948864,0,True,0.5673392251676375,4.056630562654639e-05,0.0018363855822719675,True,,6.460497905091955e-06,128,2.2737367544323206e-16,0.0,0.3849034042976682,0.03725521666912969
rare,lead_ld_q1,1000,256,0,0.014201885263815972,0,True,0.9291039568374772,2.228927014798044e-05,0.005967550151362827,True,,9.164193750521576e-06,128,1.4767647371627392e-10,0.0,0.9324927804791334,0.024704021386814608
rare,lead_ld_q1,1000,256,1,0.011153140435688422,0,True,0.929900539816864,4.563686241500025e-05,0.01559707601684245,True,,9.297505543681694e-06,128,3.5751145333051684e-10,0.0,0.9363119442987967,0.02082691705050062
rare,lead_ld_q1,1000,256,2,0.012851727613272345,0,True,0.9308533064226697,9.090826447032123e-06,0.005414334102463572,True,,7.917096671583579e-06,128,3.637978807091713e-15,0.0,0.9236330965851522,0.029225779805596406
rare,lead_ld_q1,1000,256,3,0.02742253232652486,0,True,0.9307208602900107,0.0002189301612785521,0.017864047637460464,True,,6.567063201234902e-06,128,8.007555152289569e-11,0.0,0.9400422138122568,0.02078053971215034
rare,lead_ld_q1,1000,256,4,0.04192910159926844,0,True,0.9306558318361183,0.0002423016550256524,0.034702116822467696,True,,6.201798748328713e-06,128,6.4283085521310564e-12,0.0,0.9342777105192926,0.023170597830715366
rare,lead_ld_q1,1000,256,5,0.01068875265897647,0,True,0.92996807571372,3.963257553816451e-05,0.008280339005138412,True,,8.435720469712749e-06,128,4.628647729987279e-09,0.0,0.9402210397272563,0.022657782511727415
rare,lead_ld_q1,1000,256,6,0.008708444873812572,0,True,0.9306169111539012,1.3184410347530401e-05,0.020173863569478655,True,,6.419356263442921e-06,128,1.8677746993489564e-10,0.0,0.929453379143507,0.026424681390190757
rare,lead_ld_q1,1000,256,7,0.040549770008549584,0,True,0.9310798726915406,0.0001892386299123202,0.0856173684341072,True,,7.197188145013911e-06,128,1.865191734395921e-11,0.0,0.9381481212476499,0.02251016935365138
rare,lead_ld_q1,1000,256,8,0.016101859141832715,0,True,0.9311415964356338,2.0242505212445423e-05,0.00600942267608935,True,,5.808093224590749e-06,128,2.370143192820251e-11,0.0,0.9269334125325999,0.02861114552348158
rare,lead_ld_q1,1000,256,9,0.04962832597155891,0,True,0.9302873950427134,0.0002312819326759326,0.08380619627749246,True,,6.803613096462158e-06,128,1.1338488548062742e-10,0.0,0.936689778057994,0.021011155274613686
rare,lead_ld_q1,1000,256,10,0.01907895712341775,0,True,0.9307970495669791,0.00010779125453621432,0.04665597549492711,True,,8.63236658155131e-06,128,7.526978151872754e-12,0.0,0.9308882712845493,0.027940625714786154
rare,lead_ld_q1,1000,256,11,0.026713227782451335,0,True,0.9321079455451124,0.00018225844247142625,0.01742402197692234,True,,9.461369225860494e-06,128,1.0186340659856796e-11,0.0,0.9389895994228801,0.01993502157794332
rare,lead_ld_q1,1000,256,12,0.0073183565509839545,0,True,0.9300849580234857,4.563686241500107e-05,0.01288395078406608,True,,9.156599508841623e-06,128,6.085610948503018e-11,0.0,0.9372117566343698,0.020021106252742664
rare,lead_ld_q1,1000,256,13,0.04335005751491873,0,True,0.9317142462530977,0.00014566036165386854,0.023287729565397867,True,,9.711487053642998e-06,128,5.952060746494681e-10,0.0,0.9299829814321527,0.02584778354535404
rare,lead_ld_q1,1000,256,14,0.021395811648903022,0,True,0.9304459153785599,0.00012420817289777696,0.0632210437981924,True,,5.169776463365139e-06,128,7.275957614183426e-15,0.0,0.9326825629863296,0.02240739695365488
rare,lead_ld_q1,1000,256,15,0.009968841612244348,1,True,0.9303244356299296,1.2157906894749006e-05,0.0052053209947945794,True,,9.845318117207569e-06,128,5.523179424926639e-11,0.0,0.9238605792804903,0.029972079581942816
rare,lead_ld_q1,1000,256,16,0.007968280568541635,0,True,0.9286615498154585,7.950438191458644e-05,0.006428986272806558,True,,8.056221473040637e-06,128,1.6693957149982452e-10,0.0,0.9410696273063445,0.022369094607811342
rare,lead_ld_q1,1000,256,17,0.016528797468500826,0,True,0.9293130888725567,6.103391451183123e-05,0.02255667426253167,True,,9.360617035714114e-06,128,4.0934537537395957e-11,0.0,0.9313654429912024,0.02409126008904087
rare,lead_ld_q1,1000,256,18,0.006213903285525562,1,True,0.9305047708207493,,,True,,8.34778896736943e-06,128,5.530346243176609e-10,0.0,0.935344441835971,0.024639789653375772
rare,lead_ld_q1,1000,256,19,0.022064889190930494,0,True,0.9292627630217037,8.349818211056653e-05,0.013823792742510442,True,,8.170500374049539e-06,128,6.037953426130116e-11,0.0,0.937294365231039,0.02185320055374859
rare,lead_ld_q1,1000,256,20,0.021315417491667793,0,True,0.9308470175691406,2.4614778713139437e-05,0.024764165311207655,True,,5.574161602517336e-06,128,1.2332748156040908e-12,0.0,0.9359046244785478,0.022287545627230912
rare,lead_ld_q1,1000,256,21,0.0069631855612742695,0,True,0.9297554681217887,2.8310624168375322e-05,0.006712041541059024,True,,7.99785090155325e-06,128,2.1329833543859422e-10,0.0,0.9334658086592768,0.02235493227298656
rare,lead_ld_q1,1000,256,22,0.018664262523063132,0,True,0.9288125837361815,7.331438020837601e-05,0.007863776469272752,True,,7.676037189874307e-06,128,2.8136128094047308e-11,0.0,0.9234246831335315,0.026772521659536745
rare,lead_ld_q1,1000,256,23,0.012504855932086294,0,True,0.9304295168012966,0.00011462350273049531,0.008968964454919817,True,,7.95193087643753e-06,128,2.4908695195335893e-09,0.0,0.9406728033788244,0.019957984482795624
rare,lead_ld_q1,1000,256,24,0.005142208401801978,0,True,0.9300706042064921,1.20844461094126e-05,0.006971820209951284,True,,8.776604202953564e-06,128,1.0793883120641113e-10,0.0,0.9318225787058717,0.0234356219659676
rare,lead_ld_q1,1000,256,25,0.01645081610266371,0,True,0.9302618574896131,0.00011829876094906427,0.0389097504911273,True,,7.259198071096762e-06,128,1.0622534318827093e-10,0.0,0.9327716504393428,0.023042580476549508
rare,lead_ld_q1,1000,256,26,0.00814926712777307,0,True,0.9308738274041691,2.006014030062097e-06,0.004483901009625732,True,,9.451266921089996e-06,128,7.273774826899171e-11,0.0,0.9266278109810026,0.03044213219381158
rare,lead_ld_q1,1000,256,27,0.029284656381118424,0,True,0.9309877009094394,2.4614778713139444e-05,0.0466862723925085,True,,8.476825954062406e-06,128,2.0794686861336232e-11,0.0,0.9252899960516435,0.02742575034337411
rare,lead_ld_q1,1000,256,28,0.039328395308100984,0,True,0.9292090831320573,0.00014508935611867266,0.029180281185593814,True,,7.376438128758878e-06,128,2.2589665604755283e-10,0.0,0.9351817233614146,0.024872698516586404
rare,lead_ld_q1,1000,256,29,0.015090208740097385,0,True,0.9298489674036275,6.115833893951498e-05,0.023178763042461643,True,,7.977403498671265e-06,128,1.414766302332282e-09,0.0,0.9421151170249259,0.01851589226994469
rare,lead_ld_q1,1000,32,0,0.009657623243871446,0,True,0.9301451515312148,4.056630562654663e-05,0.0018043676250910174,True,,8.742035708220186e-06,128,6.996411411819281e-08,0.0,0.9391096627579081,0.015006641459794289
rare,lead_ld_q1,1000,32,1,0.008261909484738825,0,True,0.9333205122126048,1.6161354968000235e-05,0.016378972433910673,True,,8.435314397647886e-06,128,3.604338235163596e-08,0.0,0.9333968663533131,0.020506612602805466
rare,lead_ld_q1,1000,32,2,0.005789549894604963,0,True,0.9282420252877854,6.0301143912701056e-06,0.0011362230876788707,True,,6.108982778751937e-06,128,8.382039595744573e-10,0.0,0.9280622971886789,0.023615139314600388
rare,lead_ld_q1,1000,32,3,0.007646293974479907,0,True,0.9275151337399133,6.40202913837823e-05,0.004284461078905061,True,,8.373901856373323e-06,128,1.2074348342139274e-07,0.0,0.9274645311370578,0.015860688737364386
rare,lead_ld_q1,1000,32,4,0.01098378410482559,0,True,0.9296094208316218,0.00012894959299005292,0.006011882318729715,True,,5.152605789149334e-06,128,9.89258887784672e-09,0.0,0.9349171799495206,0.01721828051500271
rare,lead_ld_q1,1000,32,5,0.007181357597161207,0,True,0.9277298761959761,3.542384632123334e-05,0.006874875685622607,True,,9.482420046946771e-06,128,2.4674591259099544e-12,0.0,0.9166910097695394,0.028122754388516923
rare,lead_ld_q1,1000,32,6,0.04100247300698645,0,True,0.9215018000629751,0.00016170746168959923,0.03443593778291415,True,,8.981870435853523e-06,128,1.9888466340489684e-10,0.0,0.9196364270966272,0.01546394367679326
rare,lead_ld_q1,1000,32,7,0.01907660142898554,0,True,0.9298759319438936,0.00016424406668309003,0.009439869425973076,True,,7.918944937124195e-06,128,1.1222609828109854e-09,0.0,0.9364365797242192,0.015504304223740906
rare,lead_ld_q1,1000,32,8,0.011845249302222817,0,True,0.9306684453518405,6.402029138378224e-05,0.004118405768873961,True,,9.536291653233775e-06,128,1.259007121916511e-07,0.0,0.9415204308038573,0.025718580787076076
rare,lead_ld_q1,1000,32,9,0.026023021477074307,0,True,0.9326220897049392,0.00010720500070095503,0.008573927634787863,True,,9.202566333410545e-06,128,5.50575350644067e-10,0.0,0.9378753267566622,0.03096932196659181
rare,lead_ld_q1,1000,32,10,0.006259638596610722,0,True,0.9294029167663048,3.0332750270466648e-05,0.00769744528199399,True,,7.415058117299367e-06,128,4.5384695113170895e-11,0.0,0.9314445124186772,0.023721424834161977
rare,lead_ld_q1,1000,32,11,0.0260402920154986,0,True,0.9363739578412291,0.00034470872113064624,0.13844388772804742,True,,7.955679246940406e-06,128,2.7312223210174125e-08,0.0,0.9468942265310525,0.0166089673435489
rare,lead_ld_q1,1000,32,12,0.006838946114584827,0,True,0.9289536226570161,6.713689620025455e-05,0.002369906968948832,True,,7.26866481404187e-06,128,1.360185706289485e-09,0.0,0.9344644071173711,0.01791733914308963
rare,lead_ld_q1,1000,32,13,0.042719024375095484,0,True,0.927217070668043,0.00018045011813187982,0.045328952348392536,True,,9.030242940966104e-06,128,2.1423214093374554e-08,0.0,0.9345378862099859,0.020055702168245263
rare,lead_ld_q1,1000,32,14,0.04011900492549828,0,True,0.9284672657172918,0.00022030822169301413,0.02284454963117212,True,,7.583252133791518e-06,128,1.32325294543989e-09,0.0,0.9292455352910919,0.020812000558016824
rare,lead_ld_q1,1000,32,15,0.03629482386367084,0,True,0.9267618924059651,0.00026463583169161026,0.08549426802915452,True,,9.13911781053045e-06,128,4.472708769753808e-08,0.0,0.9340741182200981,0.016503755773152527
rare,lead_ld_q1,1000,32,16,0.02495348468409083,0,True,0.9248911873444153,5.515528254825647e-05,0.007819258722817595,True,,9.434227576488041e-06,128,1.0186340659856796e-13,0.0,0.9030968915426711,0.02231716347002049
rare,lead_ld_q1,1000,32,17,0.01828155556835825,0,True,0.9244766147165107,0.00021667130962329604,0.041958680094400194,True,,5.337324259890863e-06,128,7.35781213734299e-13,0.0,0.9259552888078724,0.015634802864272077
rare,lead_ld_q1,1000,32,18,0.030772268916685303,0,True,0.9310113556519216,0.00024242826091911137,0.00770555470164665,True,,5.68526916611134e-06,128,2.6856241674977357e-10,0.0,0.9445916649587986,0.020513648135185886
rare,lead_ld_q1,1000,32,19,0.009377448628271393,0,True,0.9268168058925867,3.643591933897123e-05,0.00787779900692679,True,,8.1164736775996e-06,128,2.5420376914553344e-11,0.0,0.9284538504765929,0.019884499131890093
rare,lead_ld_q1,1000,32,20,0.04392860142551302,0,True,0.9312380078984903,0.00016840383876020918,0.08405520481622472,True,,8.883623022981624e-06,128,4.1934981709346174e-10,0.0,0.941821957076751,0.016057254450208478
rare,lead_ld_q1,1000,32,21,0.031831781912305575,0,True,0.9322223465084621,0.00033915195263596533,0.02006439551614236,True,,5.359579957175953e-06,128,1.6296726244036109e-09,0.0,0.9376274529523406,0.018968456820343253
rare,lead_ld_q1,1000,32,22,0.02993734545747982,0,True,0.9313249717445523,8.614642430805772e-05,0.02889887796813825,True,,8.358108699368927e-06,128,1.4159586498863064e-09,0.0,0.9304281374038131,0.017469955682779703
rare,lead_ld_q1,1000,32,23,0.0221549065133558,0,True,0.932948462599621,0.0001484315730448279,0.06268560536710013,True,,7.921741330907395e-06,128,5.115662133903242e-10,0.0,0.9361678576117781,0.021373366652814477
rare,lead_ld_q1,1000,32,24,0.005852440138769684,0,True,0.9291300132214948,7.120550927197329e-05,0.0041138346684002885,True,,9.280409051015681e-06,128,6.310710432444466e-09,0.0,0.9343385583990776,0.03158056434375434
rare,lead_ld_q1,1000,32,25,0.011993340443333486,0,True,0.9344609086342777,6.402029138378293e-05,0.0036735361986462763,True,,8.642504914391225e-06,128,5.67170627618907e-09,0.0,0.9376711062738735,0.018444025088340664
rare,lead_ld_q1,1000,32,26,0.019172792094210224,0,True,0.9283584202878362,6.103391451183055e-05,0.006906980579405874,True,,6.4436852325044924e-06,128,4.663797881221399e-11,0.0,0.9208865853672878,0.027231541010743602
rare,lead_ld_q1,1000,32,27,0.02122909697680742,0,True,0.9334873211743784,0.00011303963580684643,0.006495728606642888,True,,8.758311425438592e-06,128,1.1121669558633585e-08,0.0,0.9410274166322773,0.024460133917501053
rare,lead_ld_q1,1000,32,28,0.017946162249950548,0,True,0.9299385064335329,0.00018075244661347348,0.013270206207091427,True,,9.45501591109732e-06,128,5.5728378356434406e-11,0.0,0.9385096577018508,0.02113759520745312
rare,lead_ld_q1,1000,32,29,0.013440093558924898,0,True,0.9316680618671291,0.00010779125453621471,0.022145332527107674,True,,7.72561009831918e-06,128,2.76112314168131e-09,0.0,0.9353621458092968,0.01714828417241047
rare,lead_ld_q1,1000,4,0,0.014686347828568501,0,True,0.9238906737145938,5.684955982197896e-05,0.04759437483817502,True,,5.10409127962852e-06,256,1.7583804230980604e-06,0.0,0.8956416835870872,0.005286051879045312
rare,lead_ld_q1,1000,4,1,0.01920969768454704,0,True,0.9372439460954762,0.0001228098902898294,0.0032094754884643487,True,,8.693574986118335e-06,128,1.1372328572178958e-09,0.0,0.8522311274489569,0.004805941711112918
rare,lead_ld_q1,1000,4,2,0.04421641696701198,0,True,0.9263222969348635,0.0016372283197186469,0.019482010539356213,True,,8.962937310119656e-06,128,2.554737557147746e-08,0.0,0.9294731165215276,0.0019858288243967525
rare,lead_ld_q1,1000,4,3,0.01007226217081191,0,True,0.9407237199969097,8.145975887911354e-05,0.0005296670620585528,True,,4.138822886190496e-06,1024,6.202173290148494e-08,0.0,0.9034602854097262,0.0060992508007005385
rare,lead_ld_q1,1000,4,4,0.008101297867846446,0,True,0.9303426969079881,7.120550927197392e-05,0.0019535722704684105,True,,2.597754091837601e-07,256,9.898483267534175e-08,0.0,0.9355795706894501,0.0036137846561495922
rare,lead_ld_q1,1000,4,5,0.01668927692076497,0,True,0.9193734181718938,0.00015792377409106444,0.05988129578201935,True,,9.312418241869125e-06,256,2.223460028289992e-07,0.0,0.8964178996698579,0.0035059313979318033
rare,lead_ld_q1,1000,4,6,0.010385218857828933,0,True,0.9318775671111675,0.0001561934826214211,0.06691354549710181,True,,4.788836173830191e-06,512,3.384284932394621e-06,0.0,0.9754171711554432,0.00494462440673192
rare,lead_ld_q1,1000,4,7,0.01245478126812749,0,True,0.9447795533964134,0.00027913612538380884,0.08805168503066632,True,,6.039635385590714e-06,512,2.437655285064011e-05,0.00023464571724325645,0.9129476519285884,0.00458053138413756
rare,lead_ld_q1,1000,4,8,0.008042317021985133,0,True,0.9379067642012195,0.0009019635051689376,0.11268144341281972,True,,1.1892555984438502e-07,256,0.00017330235043721133,0.0006304612350257061,0.8945101996835172,0.03822321504183526
rare,lead_ld_q1,1000,4,9,0.022872854224021542,0,True,0.9343074512052313,0.005693289186788321,0.1108770779253096,True,,8.558755562049214e-06,512,2.172462653788898e-06,0.0,0.9258303908321126,0.012879717714191625
rare,lead_ld_q1,1000,4,10,0.007826371289899008,0,True,0.9441934784542824,6.1033914511830484e-05,0.004555331645327079,True,,6.318114436965061e-06,128,0.00046921289913620965,0.0,0.9818795281063316,0.007212229387688299
rare,lead_ld_q1,1000,4,11,0.023295729283298008,0,True,0.9246734829930341,0.013952412765301342,0.12655131901350591,True,,9.110473273565844e-06,128,3.158102877478086e-06,0.0,0.9589203750705844,0.011149382473144289
rare,lead_ld_q1,1000,4,12,0.009895774578226605,0,True,0.9350811330853649,7.323980339181662e-05,0.0004040286742616638,True,,6.440280099440088e-06,256,9.328692215149203e-08,0.0,0.9021329961870702,0.005457399141850857
rare,lead_ld_q1,1000,4,13,0.017057540153575627,0,True,0.9350620628859805,0.00013946772552751648,0.04908748114028371,True,,8.866810223828736e-06,256,3.6215199907019267e-06,0.0,0.9299368922267188,0.0035068835507515777
rare,lead_ld_q1,1000,4,14,0.018222829481545896,0,True,0.9363630714073923,0.00018075244661347592,0.004917696596935183,True,,9.963554975733757e-06,128,3.2930425095401006e-07,0.0,0.9652654435285406,0.004428719902382461
rare,lead_ld_q1,1000,4,15,0.005679613614622657,0,True,0.9287400448952535,0.00015836984638125133,0.00393253048985614,True,,2.6531839649734934e-06,128,4.682333049004228e-07,0.0,0.9453722554431149,0.008231896836280105
rare,lead_ld_q1,1000,4,16,0.005322321829531457,0,True,0.9288252771945109,3.238761497603241e-05,0.015337316572565962,True,,1.3673789780455081e-06,256,5.121663506315599e-06,0.00031700309916535274,0.9494924452813536,0.005734221777747218
rare,lead_ld_q1,1000,4,17,0.03784598440381474,0,True,0.9172303103821544,0.2674923522150625,0.3810688801570171,True,,4.041846575209007e-06,256,5.339087140328047e-07,0.0,0.9367598163039418,0.012572985280799672
rare,lead_ld_q1,1000,4,18,0.005489866816242283,0,True,0.9403285298731522,3.643591933897095e-05,0.0004912556446023367,True,,9.953530339501526e-06,128,2.782492902042577e-08,0.0,0.9075538648446948,0.005532300929413787
rare,lead_ld_q1,1000,4,19,0.013954013477420249,0,True,0.9369669147203977,0.00028120321894978826,0.005692534605643064,True,,4.168161829021244e-07,512,5.236202503965614e-06,0.0,0.9452026957763022,0.0021347390911281234
rare,lead_ld_q1,1000,4,20,0.0495374635638826,0,True,0.9343529891496484,0.0025245837967621857,0.11406640534073877,True,,7.24176930999576e-06,128,9.059373467152909e-07,0.0,0.9465545270234971,0.004583811473853136
rare,lead_ld_q1,1000,4,21,0.007777344712267928,0,True,0.9265150759040193,0.0056326504924636075,0.1754854683684389,True,,1.3928927833362081e-06,256,2.8294372383356857e-05,0.0,0.924833799517128,0.012501450431734567
rare,lead_ld_q1,1000,4,22,0.018267814779919112,0,True,0.9223577621099468,0.0007042655652206966,0.004820115803599449,True,,7.662340784531096e-06,256,4.942848136124667e-09,0.0,0.8944858559194904,0.003292443133166952
rare,lead_ld_q1,1000,4,23,0.006604443722630497,0,True,0.9291384285848349,0.00033032563153045046,0.18981981640146584,True,,7.658901218121628e-06,128,6.122573634002038e-07,0.0,0.9447236927680596,0.008582309451435286
rare,lead_ld_q1,1000,4,24,0.03607541811781323,0,True,0.9332442650439777,0.0010554483523278573,0.08485887117693157,True,,4.969574307622793e-06,128,3.994145383785508e-07,0.0,0.9628121152685519,0.0038882897047884304
rare,lead_ld_q1,1000,4,25,0.03522115006961246,0,True,0.9237565249279079,0.0007549851223520038,0.009768574193471727,True,,4.926185464881883e-06,256,1.8834160755432094e-08,0.0,0.9452978886529613,0.0015493858627600508
rare,lead_ld_q1,1000,4,26,0.011878746703480337,0,True,0.9293650554655978,0.00011462350273049514,0.00032185118114323545,True,,5.924516643940336e-06,128,1.4649293681259224e-06,0.0,0.8460664026435895,0.0050063763963499345
rare,lead_ld_q1,1000,4,27,0.006654227656997853,0,True,0.9296515142776632,1.5120739101727563e-05,0.020477722761043197,True,,4.119810813385527e-06,128,3.606351617690962e-07,0.0,0.8968081496272806,0.009109659049826455
rare,lead_ld_q1,1000,4,28,0.024930140010349943,0,True,0.9355174767277674,0.0002696368199448257,0.060689197584313265,True,,7.469614058397411e-06,512,3.3215199528058295e-07,0.0,0.9301784138386149,0.0024499806355661588
rare,lead_ld_q1,1000,4,29,0.0065952088960730395,0,True,0.9257535790369017,0.0001219113653150877,0.001809731876498145,True,,8.401949376235507e-06,128,5.122235643284512e-08,0.0,0.945024725030781,0.0024177429166497176
rare,lead_ld_q1,2000,256,0,0.014201885263815972,0,True,0.9291039568374772,2.845447487266635e-05,0.007117276174248942,True,,9.618123636201403e-06,128,1.7576167010702194e-10,0.0,0.9332851190344198,0.017005883913050582
rare,lead_ld_q1,2000,256,1,0.011153140435688422,0,True,0.929900539816864,5.6088224492991846e-05,0.014410735957035452,True,,9.159831351190917e-06,128,3.24991560773924e-10,0.0,0.9332006321311397,0.015704965038493543
rare,lead_ld_q1,2000,256,2,0.012851727613272345,0,True,0.9308533064226697,3.0440473653770156e-05,0.007405008846986672,True,,7.729797310673803e-06,128,2.50656739808619e-12,0.0,0.9284005393452172,0.017400003476943496
rare,lead_ld_q1,2000,256,3,0.02742253232652486,0,True,0.9307208602900107,0.0002197747893608206,0.0172086257360368,True,,9.654775687373274e-06,128,3.637833287939429e-10,0.0,0.9338135394295668,0.01631247685860759
rare,lead_ld_q1,2000,256,4,0.04192910159926844,0,True,0.9306558318361183,0.00020557747711014442,0.031377930562267786,True,,7.198504675898221e-06,128,1.8386344891041518e-11,0.0,0.9312042673333614,0.01549973694943198
rare,lead_ld_q1,2000,256,5,0.01068875265897647,0,True,0.92996807571372,3.3467439730719404e-05,0.007492667456706504,True,,9.457651079181062e-06,128,1.3473982107825577e-09,0.0,0.9335054227206797,0.01770549950729559
rare,lead_ld_q1,2000,256,6,0.008708444873812572,0,True,0.9306169111539012,4.466805543711667e-05,0.01754354150061769,True,,6.0545780842247154e-06,128,9.430732461623847e-11,0.0,0.9333316147007888,0.014831369217765965
rare,lead_ld_q1,2000,256,7,0.040549770008549584,0,True,0.9310798726915406,0.00024246088350226883,0.07997165055339728,True,,9.916813034749339e-06,128,1.0102667147293687e-11,0.0,0.9300540537132297,0.017620163088805825
rare,lead_ld_q1,2000,256,8,0.016101859141832715,0,True,0.9311415964356338,5.16775736895467e-05,0.008857140225609093,True,,7.670138985282904e-06,128,6.984919309616089e-13,0.0,0.9278222093374038,0.017342349064415948
rare,lead_ld_q1,2000,256,9,0.04962832597155891,0,True,0.9302873950427134,0.00017606962295947773,0.07402215144822266,True,,7.2798365691184586e-06,128,7.465496310032904e-11,0.0,0.928819809652222,0.01699275726431412
rare,lead_ld_q1,2000,256,10,0.01907895712341775,0,True,0.9307970495669791,9.03409137572776e-05,0.05095785538355824,True,,8.135723156055263e-06,128,4.220055416226387e-13,0.0,0.9281797564664102,0.018965522892309756
rare,lead_ld_q1,2000,256,11,0.026713227782451335,0,True,0.9321079455451124,0.00013021559982885847,0.013964978917064531,True,,8.506591941070951e-06,128,1.3710450730286538e-10,0.0,0.937603865107179,0.01662995966549025
rare,lead_ld_q1,2000,256,12,0.0073183565509839545,0,True,0.9300849580234857,3.547770732918685e-05,0.014302690773278977,True,,9.603741014885259e-06,128,5.018591764383018e-11,0.0,0.9334215118784569,0.01492779764514431
rare,lead_ld_q1,2000,256,13,0.04335005751491873,0,True,0.9317142462530977,0.00014063783825813293,0.025066736760113555,True,,9.103719564862445e-06,128,4.9916707212105394e-11,0.0,0.930357470348865,0.01779475656752517
rare,lead_ld_q1,2000,256,14,0.021395811648903022,0,True,0.9304459153785599,0.00010297600659046279,0.05313324668163385,True,,9.394780114746482e-06,128,3.234163159504533e-12,0.0,0.9280999062209861,0.01694670619181682
rare,lead_ld_q1,2000,256,15,0.009968841612244348,0,True,0.9303244356299296,1.0622041950995821e-05,0.005016625636333997,True,,6.826618839106402e-06,128,1.7927231965586543e-10,0.0,0.9262550527444227,0.020650801269315473
rare,lead_ld_q1,2000,256,16,0.007968280568541635,0,True,0.9286615498154585,4.0525206678554685e-05,0.0037690204783561465,True,,8.018472109849739e-06,128,5.693436833098531e-11,0.0,0.93363402096035,0.018161932750311558
rare,lead_ld_q1,2000,256,17,0.016528797468500826,0,True,0.9293130888725567,5.4958811424105544e-05,0.02530320984086807,True,,7.8755219869997e-06,128,7.337803253903985e-12,0.0,0.9285642767032459,0.016978982436495586
rare,lead_ld_q1,2000,256,18,0.006213903285525562,0,True,0.9305047708207493,2.9574453940568554e-05,0.0068160495816078775,True,,8.724577548857582e-06,128,6.466507329605519e-11,0.0,0.9366636264356173,0.015482291278273549
rare,lead_ld_q1,2000,256,19,0.022064889190930494,0,True,0.9292627630217037,6.294567787999094e-05,0.011738655342390283,True,,3.3526312641640743e-06,128,2.0700099412351845e-12,0.0,0.9297279718897921,0.017221629065530653
rare,lead_ld_q1,2000,256,20,0.021315417491667793,0,True,0.9308470175691406,2.3040943757055418e-05,0.02285281213490685,True,,4.124139518779657e-06,128,3.001332515850663e-12,0.0,0.9263129269210367,0.018876851525700976
rare,lead_ld_q1,2000,256,21,0.0069631855612742695,0,True,0.9297554681217887,3.949211119763323e-05,0.01026272055637925,True,,5.166622426777678e-06,128,1.726220943965018e-10,0.0,0.9346955293996043,0.014013222138870752
rare,lead_ld_q1,2000,256,22,0.018664262523063132,0,True,0.9288125837361815,7.56823451436018e-05,0.008740527481706336,True,,6.619940248420164e-06,128,3.3400283427909014e-11,0.0,0.9292745690127138,0.016019238612910703
rare,lead_ld_q1,2000,256,23,0.012504855932086294,0,True,0.9304295168012966,0.0001219113653150875,0.010156948073484821,True,,8.555960923306571e-06,128,1.5098739822860807e-09,0.0,0.9407605873877464,0.013815238879900313
rare,lead_ld_q1,2000,256,24,0.005142208401801978,0,True,0.9300706042064921,1.2594299819901475e-05,0.008492513764038596,True,,7.575290832839698e-06,128,2.744127414189279e-11,0.0,0.9316309000739798,0.016145516219120727
rare,lead_ld_q1,2000,256,25,0.01645081610266371,0,True,0.9302618574896131,8.989970420180077e-05,0.034231188290132164,True,,9.256891862818861e-06,128,2.839806256815791e-11,0.0,0.9289270107800348,0.018157204565077977
rare,lead_ld_q1,2000,256,26,0.00814926712777307,0,True,0.9308738274041691,1.0070392040362195e-05,0.010967438147773529,True,,9.49015721030122e-06,128,2.954911906272173e-10,0.0,0.9289699377396555,0.019811567099178216
rare,lead_ld_q1,2000,256,27,0.029284656381118424,0,True,0.9309877009094394,5.138482092389848e-05,0.04705847317038127,True,,4.619851021736565e-06,128,1.4624674804508687e-12,0.0,0.9224817954905894,0.020813663231360087
rare,lead_ld_q1,2000,256,28,0.039328395308100984,0,True,0.9292090831320573,0.00011261172785673579,0.026787167247334556,True,,7.55465713009329e-06,128,2.1009327610954644e-11,0.0,0.9275188362260309,0.018347503579369536
rare,lead_ld_q1,2000,256,29,0.015090208740097385,0,True,0.9298489674036275,4.0861274450460006e-05,0.01810386616361741,True,,7.452037255717414e-06,128,6.275549822021276e-10,0.0,0.9335754211468121,0.01599535819442728
rare,lead_ld_q1,2000,32,0,0.009657623243871446,0,True,0.9301451515312148,4.5613732774480544e-05,0.002782220277742775,True,,5.706355379775374e-06,128,1.4233662113838363e-08,0.0,0.9313635987118847,0.013496829928475135
rare,lead_ld_q1,2000,32,1,0.008261909484738825,0,True,0.9333205122126048,2.8324943754754218e-05,0.014911915548198618,True,,6.608260151086398e-06,128,2.606553607620299e-09,0.0,0.9307034879260798,0.012433836628570156
rare,lead_ld_q1,2000,32,2,0.005789549894604963,0,True,0.9282420252877854,1.8163141335475067e-05,0.00329063399534883,True,,8.152105878789229e-06,128,4.6502464101649825e-12,0.0,0.9213568489251018,0.015894794431228678
rare,lead_ld_q1,2000,32,3,0.007646293974479907,0,True,0.9275151337399133,6.405283647310777e-05,0.004807010809973148,True,,9.146836061901809e-06,128,1.0246226247545564e-07,0.0,0.9299960646138323,0.012567898640341399
rare,lead_ld_q1,2000,32,4,0.01098378410482559,0,True,0.9296094208316218,9.794958861172874e-05,0.005309488335662475,True,,3.786978258091267e-06,128,2.4102064344333486e-09,0.0,0.9349643060210986,0.012793328437377812
rare,lead_ld_q1,2000,32,5,0.007181357597161207,0,True,0.9277298761959761,2.4999375015624595e-05,0.005323005057470003,True,,5.112056802314413e-06,128,3.5706761991605164e-12,0.0,0.9197726528029353,0.023083941311217705
rare,lead_ld_q1,2000,32,6,0.04100247300698645,0,True,0.9215018000629751,0.00024782886098909774,0.030164319231552855,True,,4.3713043202942e-06,128,1.8708306015469133e-12,0.0,0.9197904241553915,0.01045236938714776
rare,lead_ld_q1,2000,32,7,0.01907660142898554,0,True,0.9298759319438936,0.00012696800406297636,0.009318206155605994,True,,6.174883273146747e-06,128,2.748174665612169e-10,0.0,0.9277631108791525,0.012569125780056586
rare,lead_ld_q1,2000,32,8,0.011845249302222817,0,True,0.9306684453518405,8.201059413873846e-05,0.005016850718565832,True,,8.587598972376043e-06,128,3.979339453508146e-10,0.0,0.9366105375991974,0.01422633668467075
rare,lead_ld_q1,2000,32,9,0.026023021477074307,0,True,0.9326220897049392,0.00013021559982885741,0.010589611476255556,True,,3.70758592405096e-06,128,2.963315637316555e-11,0.0,0.9326979779261879,0.02372991815350945
rare,lead_ld_q1,2000,32,10,0.006259638596610722,0,True,0.9294029167663048,4.0525206678554244e-05,0.013900068049840439,True,,7.198860322965572e-06,128,1.0551866580499337e-10,0.0,0.9312473324203355,0.016462342097882617
rare,lead_ld_q1,2000,32,11,0.0260402920154986,0,True,0.9363739578412291,0.00023658127604469226,0.1255605699062395,True,,4.333320581029199e-06,128,5.000170858693309e-09,0.0,0.9388425317045278,0.013780838177227589
rare,lead_ld_q1,2000,32,12,0.006838946114584827,0,True,0.9289536226570161,7.946388366487448e-05,0.0027118864562246615,True,,7.4379511678657195e-06,128,6.898153515066952e-11,0.0,0.9332793707932919,0.012223750510334001
rare,lead_ld_q1,2000,32,13,0.042719024375095484,0,True,0.927217070668043,0.0001319197676536917,0.04200747021454627,True,,9.599992759845577e-06,128,2.087332859446178e-08,0.0,0.928567258113485,0.016763164034759602
rare,lead_ld_q1,2000,32,14,0.04011900492549828,0,True,0.9284672657172918,0.0002939693167553584,0.02288781534701064,True,,3.1476347333025956e-06,128,6.509437298518606e-09,0.0,0.9340795214142096,0.014845609588555776
rare,lead_ld_q1,2000,32,15,0.03629482386367084,0,True,0.9267618924059651,0.00020950724574156279,0.06830825718202427,True,,4.887371190864798e-06,128,1.810388766898541e-08,0.0,0.930345964175286,0.011070584993824236
rare,lead_ld_q1,2000,32,16,0.02495348468409083,0,True,0.9248911873444153,0.0001335209473824767,0.009115415570194615,True,,9.786163436054096e-06,128,2.8981048671994357e-11,0.0,0.9223506114093895,0.013303798977231497
rare,lead_ld_q1,2000,32,17,0.01828155556835825,0,True,0.9244766147165107,0.00019074630715407056,0.038925376365620296,True,,3.6024479026508516e-06,128,1.3544195098802446e-10,0.0,0.9295488549048988,0.011292744617397673
rare,lead_ld_q1,2000,32,18,0.030772268916685303,0,True,0.9310113556519216,0.00027090105859798073,0.00928283639534213,True,,7.924813927751018e-06,128,4.237522261973936e-10,0.0,0.9389549308939227,0.013788845625964023
rare,lead_ld_q1,2000,32,19,0.009377448628271393,0,True,0.9268168058925867,3.643591933897153e-05,0.007303654559100599,True,,8.123041515428753e-06,128,1.4361648936755954e-10,0.0,0.9223164751107653,0.014052424716472667
rare,lead_ld_q1,2000,32,20,0.04392860142551302,0,True,0.9312380078984903,0.00013355994877583006,0.07373024809582626,True,,7.277359269863837e-06,128,9.201721695717425e-11,0.0,0.9336484655868595,0.015286821554091385
rare,lead_ld_q1,2000,32,21,0.031831781912305575,0,True,0.9322223465084621,0.0002408083856628499,0.019994269044531818,True,,9.816461994383019e-06,128,2.341994331800379e-10,0.0,0.9351548975674837,0.013570626136263088
rare,lead_ld_q1,2000,32,22,0.02993734545747982,0,True,0.9313249717445523,0.00010720500070095499,0.03457615345888304,True,,3.547192071629013e-06,128,4.390637968754163e-09,0.0,0.932633128944399,0.013976980188469703
rare,lead_ld_q1,2000,32,23,0.0221549065133558,0,True,0.932948462599621,0.0002536901563042009,0.06877471489112894,True,,7.378444336403334e-06,128,4.49376784672495e-11,0.0,0.9347951986741069,0.013393819807557949
rare,lead_ld_q1,2000,32,24,0.005852440138769684,0,True,0.9291300132214948,2.7285763804323053e-05,0.0023605113145673574,True,,8.262971738393077e-06,128,3.12987594952574e-10,0.0,0.9338973985642803,0.026723076111172517
rare,lead_ld_q1,2000,32,25,0.011993340443333486,0,True,0.9344609086342777,7.349408957479956e-05,0.00359586546899452,True,,8.112468656840122e-06,128,2.099632183671929e-10,0.0,0.9313881881409425,0.01451292896231894
rare,lead_ld_q1,2000,32,26,0.019172792094210224,0,True,0.9283584202878362,8.570693940519322e-05,0.00789216524029258,True,,9.579057184794237e-06,128,6.206846592249349e-11,0.0,0.9308526105959072,0.013420812982003679
rare,lead_ld_q1,2000,32,27,0.02122909697680742,0,True,0.9334873211743784,0.0001643176805050372,0.007329192519759584,True,,8.053734628532538e-06,128,5.230046099313768e-09,0.0,0.9395721970593099,0.016575632063119235
rare,lead_ld_q1,2000,32,28,0.017946162249950548,0,True,0.9299385064335329,0.00012947963573062314,0.01121243791203072,True,,6.142939700914951e-06,128,3.27390807797201e-11,0.0,0.9307567421678182,0.016362020878836623
rare,lead_ld_q1,2000,32,29,0.013440093558924898,0,True,0.9316680618671291,0.00016603926443063777,0.021222169635778425,True,,7.037355828298786e-06,128,4.4899115891894325e-10,0.0,0.9345702155247593,0.014580015458816374
rare,lead_ld_q1,2000,4,0,0.014686347828568501,0,True,0.9238906737145938,6.761108679484263e-05,0.04749950099705432,True,,2.94944338019576e-06,256,2.2213614079191758e-07,0.0,0.906733253660293,0.002252861827133436
rare,lead_ld_q1,2000,4,1,0.01920969768454704,0,True,0.9372439460954762,8.992548447354818e-05,0.003313898939085903,True,,9.60806015370963e-06,128,8.582815939917055e-08,0.0,0.8746006561144833,0.0027200384922588883
rare,lead_ld_q1,2000,4,2,0.04421641696701198,0,True,0.9263222969348635,0.001681478400251465,0.01918174628392108,True,,9.436415137287213e-06,128,1.9609572018453036e-07,0.0,0.9368254219048195,0.0007386352180848414
rare,lead_ld_q1,2000,4,3,0.01007226217081191,0,True,0.9407237199969097,5.0225787745819836e-05,0.0004632144998041447,True,,5.8349360645415516e-06,512,3.1871995373649044e-06,0.0,0.9108744461697788,0.0035597418627133282
rare,lead_ld_q1,2000,4,4,0.008101297867846446,0,True,0.9303426969079881,9.953067458828639e-05,0.0021979012573752565,True,,4.939657794800212e-06,256,2.7906092911962333e-06,0.0,0.9537815789140887,0.0017957386759597555
rare,lead_ld_q1,2000,4,5,0.01668927692076497,0,True,0.9193734181718938,0.00011291519966319665,0.05975361402493068,True,,8.333023192363953e-06,128,1.130522014136659e-08,0.0,0.8693804595720026,0.0024662556928604375
rare,lead_ld_q1,2000,4,6,0.010385218857828933,0,True,0.9318775671111675,0.00020181780549202266,0.06870356276592433,True,,3.713656704817936e-06,512,2.230927980690467e-06,0.0,0.9639055391945804,0.003278849068811893
rare,lead_ld_q1,2000,4,7,0.01245478126812749,0,True,0.9447795533964134,0.00025510019654076345,0.07601325062807028,True,,3.0127398940038574e-06,512,2.26342378073241e-06,0.00012972368984548455,0.9201585855616706,0.0025747200269493117
rare,lead_ld_q1,2000,4,8,0.008042317021985133,0,True,0.9379067642012195,0.001152073732718894,0.1530087071301216,True,,8.475184086975673e-06,512,6.406722261999675e-06,0.0,0.9023981892011779,0.013408251787903983
rare,lead_ld_q1,2000,4,9,0.022872854224021542,0,True,0.9343074512052313,0.004644990046449884,0.13657050888550604,True,,5.0176943076074565e-06,512,4.785058210927673e-07,0.0,0.9199659885605371,0.004003078365287837
rare,lead_ld_q1,2000,4,10,0.007826371289899008,0,True,0.9441934784542824,7.946388366487506e-05,0.005330234042457245,True,,9.263309725504598e-06,128,1.1509975881836e-06,0.0,0.9151006491201434,0.0022980596284776483
rare,lead_ld_q1,2000,4,11,0.023295729283298008,0,True,0.9246734829930341,0.012197320194676375,0.1569987623767201,True,,9.087159793974564e-06,128,1.6544495360903966e-07,0.0,0.9567743209410459,0.010162950493226705
rare,lead_ld_q1,2000,4,12,0.009895774578226605,0,True,0.9350811330853649,8.969633712776001e-05,0.0005119802877859757,True,,4.750119281915488e-06,128,1.8650770480235224e-06,0.0,0.8715728579885074,0.0029455480196211078
rare,lead_ld_q1,2000,4,13,0.017057540153575627,0,True,0.9350620628859805,0.00011865599581021346,0.04201157417035464,True,,6.758071330992266e-06,512,2.5956748713724666e-06,0.0,0.9456956597562529,0.002556034275212119
rare,lead_ld_q1,2000,4,14,0.018222829481545896,0,True,0.9363630714073923,0.00021952714680981527,0.00544294374616267,True,,5.566747042884401e-06,128,3.950455538870301e-08,0.0,0.951351928891315,0.0015948837670178623
rare,lead_ld_q1,2000,4,15,0.005679613614622657,0,True,0.9287400448952535,0.0002423016550256536,0.006684184469632754,True,,3.4806576572066206e-06,128,8.72611478826002e-08,0.0003467319167904104,0.9410257814210027,0.0028707204522066512
rare,lead_ld_q1,2000,4,16,0.005322321829531457,0,True,0.9288252771945109,6.6086125472134e-05,0.02427322498901435,True,,5.957621826535586e-06,256,2.2084213128437113e-07,0.0,0.9530664590732723,0.002475071550412957
rare,lead_ld_q1,2000,4,17,0.03784598440381474,0,True,0.9172303103821544,0.2583821138316397,0.32705004967942425,True,,9.31155946037876e-06,256,1.2440578279893088e-07,0.0,0.9288530159531178,0.010815437522850226
rare,lead_ld_q1,2000,4,18,0.005489866816242283,0,True,0.9403285298731522,5.684955982197914e-05,0.0005768775141319897,True,,9.57724081551703e-06,128,1.5878642898314864e-08,0.0,0.9204658023555264,0.0026730438045548394
rare,lead_ld_q1,2000,4,19,0.013954013477420249,0,True,0.9369669147203977,0.00028042805986428187,0.00592562721553818,True,,8.542464811522876e-06,512,7.832354469883285e-08,0.0,0.9407514074813592,0.0011308872876791254
rare,lead_ld_q1,2000,4,20,0.0495374635638826,0,True,0.9343529891496484,0.003253951226489284,0.12429250405544623,True,,8.177397434305789e-06,256,2.331412840703706e-06,0.0,0.9571426903576311,0.0033878117885002097
rare,lead_ld_q1,2000,4,21,0.007777344712267928,0,True,0.9265150759040193,0.006350146415293047,0.2203028134629294,True,,4.812762865569198e-06,256,2.4483740240839324e-06,0.0,0.936484867283349,0.00974938428548914
rare,lead_ld_q1,2000,4,22,0.018267814779919112,0,True,0.9223577621099468,0.0006086914397764073,0.0045563400012947584,True,,5.34983797884081e-06,256,6.918886037965422e-08,0.0,0.9307437671169134,0.0012430135933118101
rare,lead_ld_q1,2000,4,23,0.006604443722630497,0,True,0.9291384285848349,0.00043103683455278423,0.15300739675111336,True,,9.007221999368653e-06,128,1.6290806433971737e-07,0.0,0.9262633687120243,0.004536460860339153
rare,lead_ld_q1,2000,4,24,0.03607541811781323,0,True,0.9332442650439777,0.0009538524686914073,0.09369589585614264,True,,9.164886026979957e-06,128,1.7977114634959435e-07,0.0,0.9516163042506977,0.002091391706427613
rare,lead_ld_q1,2000,4,25,0.03522115006961246,0,True,0.9237565249279079,0.0005879514213040697,0.0102864261310032,True,,2.097404466994135e-06,128,3.5527941934105913e-06,0.0,0.9361631559131733,0.0009011030184628975
rare,lead_ld_q1,2000,4,26,0.011878746703480337,0,True,0.9293650554655978,0.00016946280291476077,0.0004807714261153681,True,,8.7214866066887e-06,512,9.723435243813583e-08,0.0,0.8732564446652316,0.0011038441069588048
rare,lead_ld_q1,2000,4,27,0.006654227656997853,0,True,0.9296515142776632,2.7285763804322847e-05,0.03257895177011541,True,,3.115764728889303e-06,1024,1.677035470493138e-09,0.0,0.9158638269861574,0.005119475415467315
rare,lead_ld_q1,2000,4,28,0.024930140010349943,0,True,0.9355174767277674,0.0003580923274883106,0.06146047796083693,True,,7.105017742592423e-06,256,0.00022369552132727222,0.0,0.9325581838420944,0.0014126891320858082
rare,lead_ld_q1,2000,4,29,0.0065952088960730395,0,True,0.9257535790369017,0.00010621956400954352,0.0019674738807107964,True,,7.605841473079522e-06,128,5.928328891968704e-08,0.0,0.9335143264070085,0.0016038281285198188
rare,lead_ld_q1,500,256,0,0.014201885263815972,1,True,0.9291039568374772,3.673334448938611e-05,0.00986996710010971,True,,9.39908886321561e-06,128,1.6007106751203536e-13,0.0,0.9373669814218668,0.036457200511046374
rare,lead_ld_q1,500,256,1,0.011153140435688422,0,True,0.929900539816864,7.36142124506183e-05,0.030163320508230018,True,,8.060192248748876e-06,128,3.058812581002712e-11,0.0,0.9480981206770918,0.02296629030732705
rare,lead_ld_q1,500,256,2,0.012851727613272345,2,True,0.9308533064226697,1.616135496800027e-05,0.005027230833682475,True,,9.300609113971348e-06,128,3.637978807091713e-15,0.0,0.9281314750432796,0.04474604476803297
rare,lead_ld_q1,500,256,3,0.02742253232652486,0,True,0.9307208602900107,0.0001738828029907819,0.014126625712570633,True,,9.117380293854893e-06,128,4.545581759884953e-10,0.0,0.9410534982458464,0.029709940145437166
rare,lead_ld_q1,500,256,4,0.04192910159926844,0,True,0.9306558318361183,9.662931733487898e-05,0.03727923094120281,True,,8.862498858785983e-06,128,2.3160100681707263e-10,0.0,0.9406822967297097,0.03052504552534916
rare,lead_ld_q1,500,256,5,0.01068875265897647,0,True,0.92996807571372,2.845447487266609e-05,0.008483210479954706,True,,8.6902181148929e-06,128,3.0346418498083947e-09,0.0,0.9485999399920403,0.02516589822713956
rare,lead_ld_q1,500,256,6,0.008708444873812572,2,True,0.9306169111539012,2.4340178332373422e-05,0.019320766726491342,True,,9.238190123106449e-06,128,2.7054680685978384e-08,0.0,0.9331182924940041,0.034350068317656725
rare,lead_ld_q1,500,256,7,0.040549770008549584,0,True,0.9310798726915406,0.00033110052721391117,0.04156841571090422,True,,7.634632770869842e-06,128,2.1386222215369344e-10,0.0,0.9386065599347375,0.035654823445763296
rare,lead_ld_q1,500,256,8,0.016101859141832715,3,True,0.9311415964356338,2.02425052124454e-05,0.00588160081830963,True,,8.473055958191367e-06,128,1.877004251582548e-09,0.0,0.9296908730443639,0.04506186136575965
rare,lead_ld_q1,500,256,9,0.04962832597155891,0,True,0.9302873950427134,0.0002202904444783363,0.08914182397002252,True,,8.936034532780468e-06,128,5.226756911724806e-10,0.0,0.9416776752687098,0.029008125821992244
rare,lead_ld_q1,500,256,10,0.01907895712341775,1,True,0.9307970495669791,0.00010720500070095531,0.05518952898048616,True,,9.752053449219034e-06,128,1.6082776710391044e-10,0.0,0.9389638479781525,0.032506666608869146
rare,lead_ld_q1,500,256,11,0.026713227782451335,0,True,0.9321079455451124,7.483847362775288e-05,0.0159287462192026,True,,9.181974048200203e-06,128,0.0,0.0,0.9400023466015903,0.031185462604359653
rare,lead_ld_q1,500,256,12,0.0073183565509839545,0,True,0.9300849580234857,2.0242505212445375e-05,0.01429813444376526,True,,8.090643957459065e-06,128,2.188687358284369e-08,0.0,0.9385868545793451,0.030812711460773606
rare,lead_ld_q1,500,256,13,0.04335005751491873,2,True,0.9317142462530977,8.35003340013376e-05,0.026639344262295084,True,,7.971720460187015e-06,128,2.7329988370183855e-09,0.0,0.9328298651909256,0.04025458063506766
rare,lead_ld_q1,500,256,14,0.021395811648903022,0,True,0.9304459153785599,6.197962936181777e-05,0.06436954190040514,True,,7.922143355543199e-06,128,4.628236638382077e-11,0.0,0.9329380436398604,0.03726494198036192
rare,lead_ld_q1,500,256,15,0.009968841612244348,3,True,0.9303244356299296,2.8454474872666098e-05,0.0064991513846917835,True,,6.663874679180282e-06,128,3.872810339089483e-10,0.0,0.9260587779780836,0.03735429875019994
rare,lead_ld_q1,500,256,16,0.007968280568541635,0,True,0.9286615498154585,5.702322474482101e-05,0.0067754526221450295,True,,8.318407278551376e-06,128,1.3083590602036566e-09,0.0,0.9439068014972367,0.02942533449222015
rare,lead_ld_q1,500,256,17,0.016528797468500826,0,True,0.9293130888725567,9.814987485891114e-05,0.028107031157071378,True,,9.210625659505922e-06,128,2.414006303297356e-09,0.0,0.9341583744810809,0.0343559773908369
rare,lead_ld_q1,500,256,18,0.006213903285525562,1,True,0.9305047708207493,,,True,,9.458295268771622e-06,128,1.1901021935045719e-08,0.0,0.9462469293788124,0.028118117526084514
rare,lead_ld_q1,500,256,19,0.022064889190930494,0,True,0.9292627630217037,0.00010720500070095553,0.014500468983699557,True,,9.235524195183586e-06,128,1.0533258318901062e-09,0.0,0.941990157443082,0.026425940969373406
rare,lead_ld_q1,500,256,20,0.021315417491667793,0,True,0.9308470175691406,4.507993492096697e-05,0.022945771584953478,True,,9.852766517326472e-06,128,5.1913957577198746e-12,0.0,0.9413764306230084,0.029130496664058154
rare,lead_ld_q1,500,256,21,0.0069631855612742695,0,True,0.9297554681217887,3.238761497603269e-05,0.006609634213984472,True,,8.362003483863845e-06,128,7.915256355772727e-08,0.0,0.9366278849004265,0.03285198349858151
rare,lead_ld_q1,500,256,22,0.018664262523063132,0,True,0.9288125837361815,5.702322474482071e-05,0.009705976063275994,True,,6.91067908098475e-06,128,2.930719347205013e-10,0.0,0.9345317688992671,0.03177363220475741
rare,lead_ld_q1,500,256,23,0.012504855932086294,0,True,0.9304295168012966,7.331438020837696e-05,0.005982396110035557,True,,8.470567944840468e-06,128,1.0057046893052758e-09,0.0,0.942092773414807,0.02863219718156417
rare,lead_ld_q1,500,256,24,0.005142208401801978,0,True,0.9300706042064921,2.4241836561537888e-05,0.01014771781927916,True,,8.509238791809537e-06,128,2.6284760679118337e-10,0.0,0.9373822511277933,0.030221060433652035
rare,lead_ld_q1,500,256,25,0.01645081610266371,0,True,0.9302618574896131,4.9278885640133196e-05,0.0396178588831717,True,,9.744412630574573e-06,128,1.355183485429734e-09,0.0,0.9271649800904709,0.037958575297274186
rare,lead_ld_q1,500,256,26,0.00814926712777307,7,True,0.9308738274041691,4.016048128320632e-06,0.005309889852698069,True,,7.284127608642166e-06,128,3.070392267545685e-09,0.0,0.9297710318822988,0.04121588491437892
rare,lead_ld_q1,500,256,27,0.029284656381118424,4,True,0.9309877009094394,5.77286259762317e-05,0.052591331220534866,True,,7.303716040851782e-06,128,2.136948751285672e-11,0.0,0.9200876634706618,0.04963869574714784
rare,lead_ld_q1,500,256,28,0.039328395308100984,0,True,0.9292090831320573,9.22346785621454e-05,0.029429131020444026,True,,9.111054633414994e-06,128,3.3545802580192683e-10,0.0,0.9326912554604077,0.033098163245849056
rare,lead_ld_q1,500,256,29,0.015090208740097385,0,True,0.9298489674036275,9.814987485890998e-05,0.026760958037107874,True,,8.930021612840733e-06,128,1.0574243060545996e-07,0.0,0.9436394195161442,0.02662927115002006
rare,lead_ld_q1,500,32,0,0.009657623243871446,0,True,0.9301451515312148,3.238761497603264e-05,0.001680767334933277,True,,6.8604599050559045e-06,128,1.9767220692301635e-08,0.0,0.9428252642346427,0.02168916607636648
rare,lead_ld_q1,500,32,1,0.008261909484738825,0,True,0.9333205122126048,1.2096627863372632e-05,0.012256343095481289,True,,8.911276730305673e-06,128,3.497541911201551e-08,0.0,0.9366279417002217,0.028562918884192323
rare,lead_ld_q1,500,32,2,0.005789549894604963,0,True,0.9282420252877854,4.016048128320644e-06,0.0010933842611646305,True,,4.264286101562931e-06,128,1.276430793950567e-08,0.0,0.9399791231353323,0.0432275538435678
rare,lead_ld_q1,500,32,3,0.007646293974479907,0,True,0.9275151337399133,4.8679171805024233e-05,0.003919716680627473,True,,4.305004920546196e-06,128,4.224021267873468e-08,0.0,0.9285443535705525,0.021163986408904805
rare,lead_ld_q1,500,32,4,0.01098378410482559,0,True,0.9296094208316218,9.794958861172867e-05,0.005264185529840162,True,,4.585053607897294e-06,128,1.2471440641093068e-08,0.0,0.9404752134779506,0.022483314347917636
rare,lead_ld_q1,500,32,5,0.007181357597161207,0,True,0.9277298761959761,8.570693940519312e-05,0.013520751190829008,True,,8.153574026170674e-06,128,3.7473910197149965e-11,0.0,0.9263875398059128,0.038323250908057244
rare,lead_ld_q1,500,32,6,0.04100247300698645,0,True,0.9215018000629751,0.00010104242097640662,0.032671646882510265,True,,9.9591183251313e-06,128,5.145471641299082e-08,0.0,0.9326366148593105,0.02056279401034596
rare,lead_ld_q1,500,32,7,0.01907660142898554,0,True,0.9298759319438936,0.00012318810824128232,0.011186146237636096,True,,5.234785231955641e-06,128,6.5183485276065765e-12,0.0,0.926048264682335,0.030509003531947472
rare,lead_ld_q1,500,32,8,0.011845249302222817,0,True,0.9306684453518405,1.6161354968000255e-05,0.003819982368235071,True,,8.656772379378452e-06,128,3.8331785617629065e-08,0.0,0.9438446727262674,0.054709606232271966
rare,lead_ld_q1,500,32,9,0.026023021477074307,0,True,0.9326220897049392,0.00012318810824128438,0.00618549912949851,True,,6.663480786261999e-06,128,1.4255829228204674e-10,0.0,0.937263952982398,0.04075699445619484
rare,lead_ld_q1,500,32,10,0.006259638596610722,0,True,0.9294029167663048,4.016048128320705e-06,0.0029320921011115743,True,,4.200322381020527e-06,128,1.6743700916777015e-07,0.0,0.9400930779315437,0.03042644581041292
rare,lead_ld_q1,500,32,11,0.0260402920154986,0,True,0.9363739578412291,0.0003756417212738441,0.1319224215661744,True,,7.2495748768552914e-06,128,4.6613804443040864e-09,0.0,0.9493689728158883,0.021567038324480755
rare,lead_ld_q1,500,32,12,0.006838946114584827,0,True,0.9289536226570161,4.016048128320698e-06,0.0005237936584500694,True,,7.887006457707457e-06,128,2.249241614663333e-06,0.0,0.9339991650412225,0.02951883103737381
rare,lead_ld_q1,500,32,13,0.042719024375095484,0,True,0.927217070668043,0.00015863871285558045,0.02976089243876366,True,,5.881807360719193e-06,128,9.583053997630487e-08,0.0,0.9376180440244549,0.025576794553872698
rare,lead_ld_q1,500,32,14,0.04011900492549828,0,True,0.9284672657172918,0.0002472735954433445,0.029706895710297283,True,,3.1089929946048755e-06,128,1.1753138824133202e-07,0.0,0.9404210271867051,0.024380047937073473
rare,lead_ld_q1,500,32,15,0.03629482386367084,0,True,0.9267618924059651,0.00035355916223314584,0.08286772780479669,True,,3.0653752851605987e-06,128,3.2806348463054745e-07,0.0,0.9441104593665786,0.02220377339701064
rare,lead_ld_q1,500,32,16,0.02495348468409083,0,True,0.9248911873444153,9.875567845151164e-05,0.011594836183901364,True,,8.710994991112386e-06,128,1.0352778190281241e-11,0.0,0.9109625509603388,0.027954594565661534
rare,lead_ld_q1,500,32,17,0.01828155556835825,0,True,0.9244766147165107,0.00019749185346104638,0.031165311653116798,True,,6.97047286069008e-06,128,4.0181294025387615e-10,0.0,0.9277644237411248,0.023117423214198345
rare,lead_ld_q1,500,32,18,0.030772268916685303,0,True,0.9310113556519216,0.0003011645027439461,0.009990630850552237,True,,3.6203839801629556e-06,128,3.0702698313689326e-07,0.0,0.956771644832921,0.022326203861235155
rare,lead_ld_q1,500,32,19,0.009377448628271393,0,True,0.9268168058925867,1.2096627863372671e-05,0.007772122933680558,True,,3.7394661918099814e-06,128,3.731827655428788e-08,0.0,0.9195084796831275,0.0424055218925322
rare,lead_ld_q1,500,32,20,0.04392860142551302,0,True,0.9312380078984903,0.0002024906348081407,0.07525510204081604,True,,7.911939507998511e-06,128,2.6651854750525674e-07,0.0,0.9391639838689037,0.022353720051051063
rare,lead_ld_q1,500,32,21,0.031831781912305575,1,True,0.9322223465084621,5.7728625976232356e-05,0.015785651492566027,True,,9.509869257406933e-06,128,6.659268501607585e-08,0.0,0.9118747149824847,0.041776663439025315
rare,lead_ld_q1,500,32,22,0.02993734545747982,0,True,0.9313249717445523,0.00016458196181698385,0.028716216216216218,True,,7.222134998485785e-06,128,5.644997145282104e-10,0.0,0.9392019592557103,0.021645686477982207
rare,lead_ld_q1,500,32,23,0.0221549065133558,0,True,0.932948462599621,0.00014135215811486232,0.08381898116197636,True,,6.430247138311529e-06,128,6.277900047280127e-08,0.0,0.9463353792113641,0.02307841270898987
rare,lead_ld_q1,500,32,24,0.005852440138769684,0,True,0.9291300132214948,7.331438020837554e-05,0.003545850111722068,True,,9.957233150448275e-06,128,3.485965407890035e-09,0.0,0.9329097601938827,0.053904569934422615
rare,lead_ld_q1,500,32,25,0.011993340443333486,0,True,0.9344609086342777,3.643591933897057e-05,0.0022674649166570327,True,,6.446061009413029e-06,128,8.344135130755604e-08,0.0,0.9306189293975604,0.031055732410144414
rare,lead_ld_q1,500,32,26,0.019172792094210224,1,True,0.9283584202878362,2.4241836561538e-05,0.003545080003832537,True,,4.355938496347633e-06,128,5.989668261463521e-08,0.0,0.9006340656925669,0.039271077918269226
rare,lead_ld_q1,500,32,27,0.02122909697680742,0,True,0.9334873211743784,4.5079934920966816e-05,0.006496450829820689,True,,8.207209574173646e-06,128,4.992725098418305e-08,0.0,0.9336543958391431,0.042341470314152474
rare,lead_ld_q1,500,32,28,0.017946162249950548,0,True,0.9299385064335329,0.00020614306328591822,0.009962203355636383,True,,9.312859167831533e-06,128,6.295113053056412e-11,0.0,0.9384821810850764,0.035889902667290134
rare,lead_ld_q1,500,32,29,0.013440093558924898,0,True,0.9316680618671291,7.331438020837688e-05,0.012859974978647527,True,,9.0027422325889e-06,128,2.3379470803774893e-11,0.0,0.9328051791609536,0.042979667161576425
rare,lead_ld_q1,500,4,0,0.014686347828568501,0,True,0.9238906737145938,3.643591933897257e-05,0.04038659819614218,True,,2.662363817851343e-06,256,3.57243091593773e-05,0.0,0.8994247134973484,0.01877163651765962
rare,lead_ld_q1,500,4,1,0.01920969768454704,0,True,0.9372439460954762,6.530185783785445e-05,0.003434689530119275,True,,8.146642544115679e-06,128,2.8367931008688174e-09,0.0,0.8542634158680699,0.014042896803676076
rare,lead_ld_q1,500,4,2,0.04421641696701198,0,True,0.9263222969348635,0.0021317098418323958,0.02737752761483156,True,,5.683363164088462e-06,128,2.126412482539308e-09,0.0,0.9141893920086552,0.0038281408603177917
rare,lead_ld_q1,500,4,3,0.01007226217081191,0,True,0.9407237199969097,8.570693940519312e-05,0.000697469392171967,True,,5.699794738855957e-06,1024,1.015212933452858e-08,0.0,0.9017507259258561,0.01024056581095338
rare,lead_ld_q1,500,4,4,0.008101297867846446,0,True,0.9303426969079881,7.331438020837619e-05,0.0017892225939371113,True,,7.85033769012955e-06,128,3.7200143196969294e-09,0.0,0.9207203643309366,0.006668866779152315
rare,lead_ld_q1,500,4,5,0.01668927692076497,0,True,0.9193734181718938,9.79495886117287e-05,0.0525510673536991,True,,2.9542091866119335e-06,512,1.392538164736834e-06,0.0,0.8902266890171855,0.005426436629513939
rare,lead_ld_q1,500,4,6,0.010385218857828933,0,True,0.9318775671111675,0.0002061430632859222,0.08401079278036314,True,,9.374258450378647e-06,128,0.0007428426942784654,0.0,0.9570308923032851,0.008696539648785724
rare,lead_ld_q1,500,4,7,0.01245478126812749,0,True,0.9447795533964134,0.00036577052887092494,0.11049060695717475,True,,8.514300388284823e-06,512,6.717588740912106e-07,0.0,0.9138690301216924,0.004571555166937926
rare,lead_ld_q1,500,4,8,0.008042317021985133,0,True,0.9379067642012195,0.0008544417188059732,0.11507676773973477,True,,9.266244774153165e-06,512,4.763929391174315e-06,0.0,0.8871469329605542,0.0376026596846879
rare,lead_ld_q1,500,4,9,0.022872854224021542,0,True,0.9343074512052313,0.004339440694310471,0.09386244767428156,True,,5.840715785687678e-06,256,0.00012637540961259219,0.0008716769703902005,0.9211725656405818,0.03133976349581927
rare,lead_ld_q1,500,4,10,0.007826371289899008,0,True,0.9441934784542824,0.00014782208790486794,0.007302752155188596,True,,5.385978994354446e-06,256,4.00978501602367e-08,0.0,0.9739429283787009,0.008943087419475427
rare,lead_ld_q1,500,4,11,0.023295729283298008,0,True,0.9246734829930341,0.018320309934992503,0.12380821196496154,True,,8.112664932724556e-06,128,1.732191010205497e-06,0.0,0.9754031972491536,0.020186688071429846
rare,lead_ld_q1,500,4,12,0.009895774578226605,0,True,0.9350811330853649,4.0566305626546346e-05,0.0004182301037930516,True,,3.5327272360774487e-06,128,4.519454832802694e-06,0.0004742056929052385,0.9035245554567032,0.01849043574077899
rare,lead_ld_q1,500,4,13,0.017057540153575627,0,True,0.9350620628859805,0.00017245485378291898,0.046788275691376446,True,,5.758575873926475e-07,256,7.245033459639671e-06,0.0,0.9635441238604125,0.009389438617051094
rare,lead_ld_q1,500,4,14,0.018222829481545896,0,True,0.9363630714073923,4.927888564013288e-05,0.0045261175401057705,True,,5.3058960816088074e-06,256,8.925687864120846e-07,0.0,0.9731544657723056,0.04647118682171785
rare,lead_ld_q1,500,4,15,0.005679613614622657,0,True,0.9287400448952535,0.00034456208711039694,0.008354738236896933,True,,3.095411752696009e-06,128,4.460234861198842e-07,0.0,0.9523527635063072,0.009108016131613295
rare,lead_ld_q1,500,4,16,0.005322321829531457,0,True,0.9288252771945109,3.643591933897148e-05,0.01857029623629194,True,,4.553755952318994e-06,512,3.261839479023365e-06,0.0,0.941190542468642,0.010743013478315737
rare,lead_ld_q1,500,4,17,0.03784598440381474,0,True,0.9172303103821544,0.24521354933726053,0.3821691337472594,True,,9.476672367725314e-06,256,3.632406326914861e-06,0.0,0.9607081228626434,0.010170366485260263
rare,lead_ld_q1,500,4,18,0.005489866816242283,0,True,0.9403285298731522,2.024250521244565e-05,0.00015708597157208622,True,,5.525667799322065e-06,256,1.6500051515322413e-08,0.0,0.9238807522035606,0.008196293802639983
rare,lead_ld_q1,500,4,19,0.013954013477420249,0,True,0.9369669147203977,0.0005018400802944126,0.008419681772681015,True,,2.079124230558449e-06,256,1.2362494335320663e-06,0.0,0.9421810422999707,0.00356361247652264
rare,lead_ld_q1,500,4,20,0.0495374635638826,0,True,0.9343529891496484,0.0021139428316330157,0.1546554226822879,True,,1.002133108940484e-06,256,1.4222426536889543e-06,0.0,0.9435161930712127,0.012648313735766732
rare,lead_ld_q1,500,4,21,0.007777344712267928,0,True,0.9265150759040193,0.007444168734491342,0.15834526513281272,True,,3.3054068890869814e-06,512,2.5256823050767706e-08,0.0,0.92335900638712,0.038419519423948126
rare,lead_ld_q1,500,4,22,0.018267814779919112,0,True,0.9223577621099468,0.000674650025299373,0.004814360977551668,True,,8.47453897234729e-06,256,5.978245314963715e-08,0.0,0.9053985667811719,0.005217535993587414
rare,lead_ld_q1,500,4,23,0.006604443722630497,0,True,0.9291384285848349,0.00015548338055420709,0.12588334563864673,True,,2.4818670016912847e-06,128,1.1530973995377281e-07,0.0,0.9449475985371769,0.02804368951368382
rare,lead_ld_q1,500,4,24,0.03607541811781323,0,True,0.9332442650439777,0.0013903057381318327,0.09419363918858407,True,,5.139011806321037e-06,128,1.0833373289642622e-07,0.0,0.9662203167459993,0.007097386766565099
rare,lead_ld_q1,500,4,25,0.03522115006961246,0,True,0.9237565249279079,0.0008255890260166361,0.0076122689987551985,True,,1.9373105164532944e-06,256,1.2154739060861175e-06,0.0,0.936605925295499,0.003138027168153107
rare,lead_ld_q1,500,4,26,0.011878746703480337,0,True,0.9293650554655978,7.361421245061583e-05,0.00018082130129659966,True,,3.0926762710770106e-06,128,3.723515537330968e-06,0.0,0.8602475160360641,0.008110379065868268
rare,lead_ld_q1,500,4,27,0.006654227656997853,0,True,0.9296515142776632,2.4241836561538e-05,0.025778753384829493,True,,4.7885713785333905e-06,256,3.4078539101756177e-10,0.0,0.9113188860972237,0.015563032193664242
rare,lead_ld_q1,500,4,28,0.024930140010349943,0,True,0.9355174767277674,0.000312402374258047,0.06892352113085726,True,,3.0719819017477334e-06,256,5.976319168894407e-07,0.0,0.9340679322024812,0.004405555854832264
rare,lead_ld_q1,500,4,29,0.0065952088960730395,0,True,0.9257535790369017,2.8454474872666155e-05,0.0005111392744899315,True,,7.5697049801704e-06,128,7.490875318580947e-07,0.0,0.930499356496868,0.006572690911755638
rare,lead_ld_q2,1000,256,0,0.007282498033567436,0,True,0.9309120627846712,8.072588717750226e-06,0.013645395044413245,True,,9.571843832434368e-06,128,7.275957614183426e-15,0.0,0.8505620558698271,0.06484472423709377
rare,lead_ld_q2,1000,256,1,0.006954953035808563,0,True,0.9309022532881541,1.0070392040362176e-05,0.012764322867469936,True,,8.156700119776872e-06,128,3.637978807091713e-15,0.0,0.8583442471442486,0.05727152141221463
rare,lead_ld_q2,1000,256,2,0.015188514824754968,0,True,0.9313442001369846,7.135066814804149e-05,0.006085358282595252,True,,8.797315691921881e-06,128,3.637978807091713e-14,0.0,0.8541440335137281,0.06293895740574262
rare,lead_ld_q2,1000,256,3,0.04295722278460453,0,True,0.9296031145014837,0.00017169826333488566,0.02744888541875373,True,,9.782556201987092e-06,128,3.637978807091713e-15,0.0,0.8615372487377512,0.0543556434197964
rare,lead_ld_q2,1000,256,4,0.017483410846915504,0,True,0.9300680093859122,0.0001235686629870672,0.042140390220722995,True,,7.717175908084073e-06,128,7.628841558471322e-12,0.0,0.8663104978896169,0.053659432570192137
rare,lead_ld_q2,1000,256,5,0.032959424028771125,1,True,0.9291285879412365,6.411171155520406e-05,0.05812584485239644,True,,9.956348974160534e-06,128,7.275957614183426e-15,0.0,0.8480614192800796,0.059074731807160615
rare,lead_ld_q2,1000,256,6,0.007692335220294487,0,True,0.9311908835081576,1.6161354968000333e-05,0.004859520690554462,True,,8.350684453484192e-06,128,0.0,0.0,0.8470559387906809,0.058200041229527114
rare,lead_ld_q2,1000,256,7,0.023965589738273944,2,True,0.928544826120721,2.5666692333358877e-05,0.04818048562870424,True,,9.260438765146262e-06,128,2.1827872842550278e-14,0.0,0.8541323123518367,0.059142629373236194
rare,lead_ld_q2,1000,256,8,0.024964803823103756,0,True,0.9293233280435266,0.00010297600659046374,0.04618764788256335,True,,6.8471827494587245e-06,128,7.275957614183426e-15,0.0,0.8549108939168739,0.05979919075956902
rare,lead_ld_q2,1000,256,9,0.007124048797012899,0,True,0.9292290592903173,3.643591933897088e-05,0.008849667976844845,True,,6.236979586571323e-06,128,0.0,0.0,0.8552647285567,0.05809864451443365
rare,lead_ld_q2,1000,256,10,0.01790810526181049,0,True,0.9306390092837087,4.0898122776164907e-05,0.04042107248016483,True,,9.902623913760067e-06,128,2.1827872842550278e-14,0.0,0.8476351182849311,0.062126170869922316
rare,lead_ld_q2,1000,256,11,0.031048671921905927,1,True,0.9307151017183919,8.032310483812853e-05,0.04584412106061885,True,,7.678472356609234e-06,128,1.2732925824820995e-12,0.0,0.8394968370220082,0.0614042216225839
rare,lead_ld_q2,1000,256,12,0.04756153060849302,0,True,0.9319244860722847,0.0001517156511551441,0.11066663086960127,True,,7.145940603692225e-06,128,3.637978807091713e-15,0.0,0.8660131626210861,0.05568197732056139
rare,lead_ld_q2,1000,256,13,0.03833417000050178,0,True,0.9300403548796321,0.00025180424140771197,0.0989236045973102,True,,8.77542547628174e-06,128,1.458829501643777e-12,0.0,0.8643787685116824,0.05279902490663757
rare,lead_ld_q2,1000,256,14,0.0363296300489847,0,True,0.9302338397803088,0.00014566036165386892,0.019319852981894342,True,,9.52725385072739e-06,128,3.601599019020796e-13,0.0,0.8552021906626696,0.05716951328428983
rare,lead_ld_q2,1000,256,15,0.029096487772801563,0,True,0.9289839467509668,4.7177261380488026e-05,0.012793488029557895,True,,8.905894750776966e-06,128,3.637978807091713e-15,0.0,0.8398756398135516,0.06198867844348265
rare,lead_ld_q2,1000,256,16,0.028013926397252115,0,True,0.9296371103305845,3.309094218185107e-05,0.019248875405377078,True,,9.328601992208974e-06,128,2.6921043172478675e-13,0.0,0.861502402721614,0.055381574231134545
rare,lead_ld_q2,1000,256,17,0.010450620132047814,0,True,0.9290910164565249,5.289648970756322e-05,0.022140625556185255,True,,8.079659659099292e-06,128,5.529727786779404e-13,0.0,0.8598143849659463,0.06353353692534949
rare,lead_ld_q2,1000,256,18,0.010152862979932665,0,True,0.9327212246886367,6.713689620025484e-05,0.006876155650140415,True,,9.380181350326922e-06,128,6.919435691088438e-12,0.0,0.8639420688246261,0.05200708215028732
rare,lead_ld_q2,1000,256,19,0.0095303987712153,0,True,0.9295854653058813,2.1211671267578778e-05,0.004095927412337091,True,,7.451291183180331e-06,128,1.0913936421275139e-14,0.0,0.8619988364768096,0.05850080548670922
rare,lead_ld_q2,1000,256,20,0.01687307738409099,0,True,0.9304470325313376,7.778309977934243e-05,0.012462823485358397,True,,8.392142178959006e-06,128,1.2369127944111825e-13,0.0,0.8650887101383627,0.05740869751604069
rare,lead_ld_q2,1000,256,21,0.037566587749233174,0,True,0.9300443730003514,8.78583890118434e-05,0.025044616235439757,True,,7.3009396439616125e-06,128,7.275957614183426e-15,0.0,0.8436013491912717,0.06644367219069616
rare,lead_ld_q2,1000,256,22,0.02082494367421574,0,True,0.9290163653602527,3.0517888569016604e-05,0.007100692572657257,True,,9.82982117769815e-06,128,4.32410161010921e-11,0.0,0.85147626745045,0.05909503271460522
rare,lead_ld_q2,1000,256,23,0.014042964373535811,1,True,0.9294977601396903,1.627643904066633e-05,0.010976290667429346,True,,7.143566276734958e-06,128,2.437445800751448e-13,0.0,0.8469179400028327,0.06032059111619249
rare,lead_ld_q2,1000,256,24,0.008464086849516795,0,True,0.9308276062500982,2.0242505212444972e-05,0.019695479872471083,True,,8.73748657204132e-06,128,7.8580342233181e-13,0.0,0.8564686318220295,0.06212977982531937
rare,lead_ld_q2,1000,256,25,0.01483686699135825,0,True,0.929564956325313,3.654688762644195e-05,0.007651736024841829,True,,8.292976200641178e-06,128,1.7171259969472884e-12,0.0,0.8520230548977419,0.056230554708346266
rare,lead_ld_q2,1000,256,26,0.04796882197141212,0,True,0.9286455464432672,0.00012864453632011925,0.02940803340687477,True,,6.703086606218989e-06,128,7.275957614183426e-15,0.0,0.8590603335084608,0.056620195051602006
rare,lead_ld_q2,1000,256,27,0.02897061896265304,0,True,0.9303750291164894,0.00010779125453621517,0.014271752460426248,True,,8.627220820844883e-06,128,3.892637323588133e-13,0.0,0.8610481249779521,0.051734785727236644
rare,lead_ld_q2,1000,256,28,0.012957758608172028,0,True,0.9295171095245347,0.00010439032977109858,0.008949334920904637,True,,9.923057121774548e-06,128,1.3278622645884752e-12,0.0,0.8589402578310946,0.05549801373648644
rare,lead_ld_q2,1000,256,29,0.010513049683649035,0,True,0.9313512154780597,2.6395242359084615e-05,0.007987711213517702,True,,8.73669993550763e-06,128,3.637978807091713e-15,0.0,0.8506363743404163,0.06867606944025331
rare,lead_ld_q2,1000,32,0,0.005748808054535978,0,True,0.932626492244214,1.2096627863372683e-05,0.0012961678303748019,True,,6.920829164425157e-06,128,1.351991159026511e-10,0.0,0.8582132568213594,0.05241512787109708
rare,lead_ld_q2,1000,32,1,0.04444425079918942,0,True,0.9332875054026253,0.00019307336265960838,0.1199288188551011,True,,8.257824161361782e-06,128,3.5561242839321495e-13,0.0,0.8437866994488151,0.0720972879315953
rare,lead_ld_q2,1000,32,2,0.0065037884801238096,0,True,0.9294554314252297,1.2084446109412796e-05,0.010200136938501563,True,,8.775893687085201e-06,128,0.0,0.0,0.8229761238417069,0.06229484856793461
rare,lead_ld_q2,1000,32,3,0.01320018170080931,0,True,0.9278203220461348,4.8679171805023895e-05,0.0036001523218997713,True,,9.291834511149233e-06,128,3.959030436817556e-12,0.0,0.8358420825937192,0.054361105379743924
rare,lead_ld_q2,1000,32,4,0.005908439257434802,0,True,0.9286359644221244,1.8163141335475172e-05,0.01789197926536979,True,,6.942360466055675e-06,128,1.7825161194195972e-08,0.0,0.8370466634445044,0.05495386680192082
rare,lead_ld_q2,1000,32,5,0.04017430418512225,0,True,0.9309587997698958,0.0003535591622331425,0.13672595113300384,True,,8.270677521515779e-06,128,7.73070496506989e-14,0.0,0.8483773419774093,0.05592905209567202
rare,lead_ld_q2,1000,32,6,0.04404744756556474,0,True,0.9345949212547463,0.00022476389189281096,0.09054620778450921,True,,6.540402691879166e-06,128,9.094947017729283e-16,0.0,0.8405232304138781,0.062044643960945105
rare,lead_ld_q2,1000,32,7,0.023805436870840233,0,True,0.9375463876595045,0.00029908236562767277,0.10989495797404651,True,,5.581013132971435e-06,128,2.1538653527386485e-11,0.0,0.8683027923447335,0.05782797384373359
rare,lead_ld_q2,1000,32,8,0.03033460252702583,0,True,0.924463258136288,0.0004213704892184617,0.0131306029946681,True,,7.668702394436622e-06,128,7.003109203651547e-14,0.0,0.8462398027027741,0.05000796858277544
rare,lead_ld_q2,1000,32,9,0.012404042134749061,0,True,0.9327461383186725,1.215790689474899e-05,0.02593206694820109,True,,8.514002722170844e-06,128,7.156995707191526e-11,0.0,0.8413031878208572,0.062203156202403666
rare,lead_ld_q2,1000,32,10,0.014784620508045477,0,True,0.9208433709399149,5.589118494393081e-05,0.013070490697269718,True,,8.17836532784888e-06,128,1.7880483937915415e-09,0.0,0.8160551901579455,0.05448591928472158
rare,lead_ld_q2,1000,32,11,0.025959140052412868,0,True,0.9300237995220658,0.0001733445594571812,0.05880084519447513,True,,9.54501221084314e-06,128,5.677175067830831e-10,0.0,0.8493369109707337,0.056586219754551886
rare,lead_ld_q2,1000,32,12,0.028292116400650578,0,True,0.9258733682785214,0.0001611310573915728,0.014185906746130999,True,,7.626702233753946e-06,128,0.0,0.0,0.8214921019578143,0.05359025874099873
rare,lead_ld_q2,1000,32,13,0.012145133583402482,0,True,0.9368004646568058,5.589118494393135e-05,0.03353937912655208,True,,5.89330770317531e-06,128,8.020431778277271e-09,0.0,0.8800721690292979,0.04443503239734294
rare,lead_ld_q2,1000,32,14,0.03375655413223355,0,True,0.9326974516343204,0.0003439900764074973,0.039093509351483764,True,,8.097675887608347e-06,128,3.692548489198089e-13,0.0,0.8402062275963391,0.05881161423543929
rare,lead_ld_q2,1000,32,15,0.026921722560556607,0,True,0.9315418209396686,0.0001438641922025602,0.05504023170606555,True,,9.170639498234934e-06,128,2.6948328013531864e-12,0.0,0.8477022916965613,0.06210903791778959
rare,lead_ld_q2,1000,32,16,0.035878924689582044,0,True,0.9280680678559455,0.00020938023450586146,0.02254921734728573,True,,6.942758382422198e-06,128,3.4847289498429743e-11,0.0,0.8604667909425088,0.06066122020036739
rare,lead_ld_q2,1000,32,17,0.03600707094350322,0,True,0.9317323059284434,0.00011885969759590476,0.017674996590659284,True,,8.06008895049004e-06,128,5.093170329928398e-14,0.0,0.8519208261120891,0.05519723617558394
rare,lead_ld_q2,1000,32,18,0.012041416462451982,0,True,0.9310053665765416,0.00015997440409534232,0.007362801084064629,True,,8.503734041376276e-06,128,6.686968845315278e-11,0.0,0.8693341762054062,0.05687831603631014
rare,lead_ld_q2,1000,32,19,0.046553918993600056,0,True,0.9307466840340813,0.0003710181798908153,0.012604158919754433,True,,5.848064462909974e-06,128,8.140857062244323e-09,0.0,0.8498421119428384,0.06154994474049032
rare,lead_ld_q2,1000,32,20,0.020480140945283817,0,True,0.9300415774880968,2.024250521244569e-05,0.025806675060406452,True,,4.283526896298184e-06,128,1.6564793440920767e-08,0.0,0.8513784488278495,0.061108976281207025
rare,lead_ld_q2,1000,32,21,0.011677032728689987,0,True,0.9273896954842769,5.075884472869273e-05,0.022434971975115972,True,,9.16942426121281e-06,128,8.452843758277595e-10,0.0,0.8514837971926214,0.04885693632430981
rare,lead_ld_q2,1000,32,22,0.029242477951357877,0,True,0.9345028172860528,9.211024572966635e-05,0.037898983877822395,True,,9.980651863417123e-06,128,4.547473508864641e-15,0.0,0.8157379964453642,0.06255965504442114
rare,lead_ld_q2,1000,32,23,0.040792497727105956,0,True,0.9339074697779712,0.0002756398023874665,0.09325981787421439,True,,9.823490267013568e-06,128,1.6903421146707843e-07,0.0,0.854638580950974,0.04819718056217862
rare,lead_ld_q2,1000,32,24,0.03393024493047998,0,True,0.9238970532593438,0.0002712197952605911,0.028743105032867953,True,,5.083671124950229e-06,128,5.027295628678984e-10,0.0,0.8463552964747534,0.042106224551657453
rare,lead_ld_q2,1000,32,25,0.04884929305468143,0,True,0.9317347692354871,0.0009376313492191787,0.03152228828642841,True,,8.020481110815325e-06,128,9.931682143360377e-13,0.0,0.8601003117608508,0.04865699742298512
rare,lead_ld_q2,1000,32,26,0.01018634334669452,0,True,0.9310559293526328,0.00010101020407121969,0.006231910860957151,True,,8.829858064274276e-06,128,1.4551915228366852e-13,0.0,0.8420286613929877,0.043029397416312995
rare,lead_ld_q2,1000,32,27,0.010899987148730361,0,True,0.9282788731172193,0.00011064349436742686,0.033733709306568334,True,,7.018711174477943e-06,128,8.840288501232862e-13,0.0,0.8506864470005409,0.054629171851573524
rare,lead_ld_q2,1000,32,28,0.030356507417500955,0,True,0.9302029485072741,0.0002665955745134632,0.019945526751973433,True,,7.326773791227481e-06,128,5.634410626953468e-11,0.0,0.8482590373406159,0.057788189474481055
rare,lead_ld_q2,1000,32,29,0.006013554683562482,0,True,0.9264667761361044,3.0332750270466963e-05,0.0017518506537583835,True,,7.757913937922467e-06,128,1.149510353570804e-11,0.0,0.8325107896040331,0.06664116147791023
rare,lead_ld_q2,1000,4,0,0.014166357905098787,0,True,0.9255504524075894,7.778309977934228e-05,0.020405124353739725,True,,7.401357621450444e-06,128,4.343052192780306e-06,0.0,0.8036179291722314,0.00523328828970699
rare,lead_ld_q2,1000,4,1,0.022976547902253227,0,True,0.9323197314121066,0.008142871509041626,0.14094213972060587,True,,6.279408731657554e-06,128,1.4332347881918394e-05,0.0006781355102284392,0.9273578814577459,0.01603563541902777
rare,lead_ld_q2,1000,4,2,0.014930537826876785,0,True,0.9339913748757821,0.0004391376173647561,0.00641059264646116,True,,5.029613050711035e-06,128,4.6592549840625e-05,0.0,0.840240260986533,0.0027834649339355446
rare,lead_ld_q2,1000,4,3,0.02105374712128471,0,True,0.9139918264880255,0.0013991207993989043,0.19431937678136516,True,,5.788435766262978e-06,128,2.3231359952433194e-05,0.0,0.9279758676411426,0.014320270197597412
rare,lead_ld_q2,1000,4,4,0.04013589614322757,0,True,0.9367747697203027,0.0009808938928693382,0.06137297717359784,True,,4.015125443901368e-06,256,1.1435434167879065e-06,0.0,0.8842555299874546,0.002029780082127794
rare,lead_ld_q2,1000,4,5,0.0406681865650494,0,True,0.9195308588239918,0.000244966154889793,0.010263065548347414,True,,9.198212953531737e-06,256,1.9488984917188644e-06,0.0,0.8336830485929951,0.006457270227660631
rare,lead_ld_q2,1000,4,6,0.024993518367857542,0,True,0.9347227988601776,0.000339151952635963,0.043338441380412276,True,,3.101238242431137e-06,256,0.00010781505343811659,0.0,0.9131229705125417,0.0035989438492047797
rare,lead_ld_q2,1000,4,7,0.006473288546579544,0,True,0.923341325108877,0.0001543036111215384,0.0002052214771316495,True,,9.356678797090012e-06,128,1.3013391253480222e-11,0.0,0.7856533470959961,0.028347108003173752
rare,lead_ld_q2,1000,4,8,0.04524118951324232,0,True,0.9221151501433408,0.0003243910247576056,0.01378648342043041,True,,6.45968348500503e-06,128,2.2586849827348485e-06,0.0,0.7571846945600688,0.025597207866173154
rare,lead_ld_q2,1000,4,9,0.043728521480873216,0,True,0.9336536134597868,0.0021809473579176685,0.04960687363216354,True,,2.3692615949144624e-06,256,3.15563272909003e-05,0.0,0.8416700397321627,0.005467076562396505
rare,lead_ld_q2,1000,4,10,0.04483303603415075,0,True,0.9313772543752105,0.0018261672088441647,0.06524230966238014,True,,5.044671677723045e-06,512,4.922521034052352e-05,0.0,0.9637397609066565,0.006625354841055134
rare,lead_ld_q2,1000,4,11,0.00691318809357208,0,True,0.9243534205404422,0.00036768085301957983,0.0009960978479647425,True,,4.7868496217962075e-06,128,5.922492762692855e-06,0.00021534121276900464,0.8136199696947044,0.018215266021959723
rare,lead_ld_q2,1000,4,12,0.016310964065579966,0,True,0.9372561696987592,0.00012268433321064828,0.0030931477800249718,True,,9.511924090377377e-06,512,3.016928893657678e-07,0.0,0.7986583917293972,0.006101828535098763
rare,lead_ld_q2,1000,4,13,0.019466029775585973,0,True,0.9248537037367616,0.0012285962214222356,0.015346373613270483,True,,4.367141475558611e-06,512,8.452508329810371e-07,0.0,0.868179843856181,0.0021333574168551053
rare,lead_ld_q2,1000,4,14,0.011945454597088786,0,True,0.9303706127601696,0.00023523876734886072,0.012367887397705956,True,,9.678278316993527e-06,256,5.2831567700195594e-08,0.0,0.8046522386083383,0.0032856265209843445
rare,lead_ld_q2,1000,4,15,0.03048461429779534,0,True,0.930243785583752,8.98679560824594e-05,0.17919985490737286,True,,8.816334301720019e-06,256,8.681108191126441e-06,0.0,0.9362131614713547,0.007776254536202827
rare,lead_ld_q2,1000,4,16,0.01641338402885663,0,True,0.9337394588368226,0.00042406251893136555,0.012023331602105057,True,,2.981280026403965e-06,256,7.27095311958692e-10,0.0,0.8595395956357221,0.002558024138802638
rare,lead_ld_q2,1000,4,17,0.006591314119290852,0,True,0.930385494278586,0.0011643807984286045,0.0676105343260103,True,,9.756380208614246e-06,512,9.806173093238613e-07,0.0,0.9212930450548692,0.012833319173605588
rare,lead_ld_q2,1000,4,18,0.0095851138611647,0,True,0.9193309344594465,0.0002618361857608678,0.0167707173589652,True,,3.6456703769172094e-06,256,4.652622444609733e-07,0.0,0.8280064468496189,0.004561807082274834
rare,lead_ld_q2,1000,4,19,0.024512247818719725,0,True,0.9442091372600994,0.0057025880976750735,0.11492936994509768,True,,2.6549470300007982e-06,256,1.3029309418470803e-06,0.0,0.8028308142905736,0.035392737397107174
rare,lead_ld_q2,1000,4,20,0.033823266666285205,0,True,0.9357434280916854,0.0006574621959237418,0.0067935233173910675,True,,1.5474521470881797e-06,128,2.2812670772509592e-07,0.0,0.8548131714997181,0.004660686191784528
rare,lead_ld_q2,1000,4,21,0.04606526804346154,0,True,0.9350772086891743,0.0004579026363320313,0.20664754013900036,True,,5.873538148737367e-06,128,6.940734092495404e-07,0.0,0.8079632584468632,0.029805925616254874
rare,lead_ld_q2,1000,4,22,0.017503132055544227,0,True,0.9306217291905797,0.0001974918534610471,0.0015658194400623082,True,,9.507593996538333e-06,512,7.367270090628608e-05,0.0,0.8532695601777837,0.0035955382447309123
rare,lead_ld_q2,1000,4,23,0.0360505049566634,0,True,0.9211244261991147,0.00033915195263596734,0.10285134751016799,True,,5.194066458713564e-06,128,1.664108701720579e-05,0.0,0.8019270655038551,0.004684087069007464
rare,lead_ld_q2,1000,4,24,0.005103519272129256,0,True,0.9291655128750506,0.002117553695111556,0.11168982621869064,True,,4.822314713770481e-06,128,2.4383552954532207e-12,0.0,0.8351340003238406,0.013063159370326514
rare,lead_ld_q2,1000,4,25,0.010130012431312434,0,True,0.9236223916769306,0.00019234982570225106,0.004190229735481632,True,,6.9776230957607766e-06,256,4.23654703399734e-06,0.0,0.8234657023371135,0.008917024018620531
rare,lead_ld_q2,1000,4,26,0.005679330715122148,0,True,0.9308312064513139,0.00014342205011576073,0.012793684108425137,True,,1.1653120024490704e-07,512,8.304818443320982e-07,0.0,0.8956674538802425,0.020595249438368102
rare,lead_ld_q2,1000,4,27,0.037977530067071816,0,True,0.9334201029082563,0.0004777128578253053,0.050187474973001744,True,,9.359352038273983e-06,256,6.566451598700951e-06,0.0,0.8761424608343639,0.002501518633471609
rare,lead_ld_q2,1000,4,28,0.009485060685107016,0,True,0.9333459356744264,3.2387614976032406e-05,0.026833462022420474,True,,5.0064572338914815e-06,512,1.7787799652069226e-07,0.0,0.886420947583001,0.041493992466985284
rare,lead_ld_q2,1000,4,29,0.015504635520651386,0,True,0.9468668649678917,0.0007518458780210346,0.01755018934976496,True,,3.1347931290781617e-06,128,2.3640003587388492e-07,0.0,0.7934426272159449,0.0026040818636944222
rare,lead_ld_q2,2000,256,0,0.007282498033567436,0,True,0.9309120627846712,1.058990298136013e-05,0.0125323207249704,True,,7.2195556370946434e-06,128,7.275957614183426e-15,0.0,0.8441464112302115,0.05949015250365209
rare,lead_ld_q2,2000,256,1,0.006954953035808563,0,True,0.9309022532881541,1.1329176784250934e-05,0.01116197084856256,True,,7.059654739904886e-06,128,7.639755494892598e-14,0.0,0.8495857176151368,0.05507819387885088
rare,lead_ld_q2,2000,256,2,0.015188514824754968,0,True,0.9313442001369846,4.466805543711778e-05,0.0047667196302180566,True,,6.666940496113938e-06,128,1.418811734765768e-13,0.0,0.8438976553206885,0.058023099138546703
rare,lead_ld_q2,2000,256,3,0.04295722278460453,0,True,0.9296031145014837,0.00018834756403817034,0.02754782928624018,True,,6.6688125071046045e-06,128,1.4551915228366852e-14,0.0,0.8528023821110023,0.05214455628236868
rare,lead_ld_q2,2000,256,4,0.017483410846915504,0,True,0.9300680093859122,8.268448269044094e-05,0.04017030986100044,True,,6.119188032727152e-06,128,1.3460521586239337e-13,0.0,0.8635479820506347,0.05008980029937357
rare,lead_ld_q2,2000,256,5,0.032959424028771125,0,True,0.9291285879412365,9.947196962789272e-05,0.05653574347387151,True,,5.719132551984529e-06,128,1.8189894035458566e-13,0.0,0.8510118458336452,0.054587154600087395
rare,lead_ld_q2,2000,256,6,0.007692335220294487,0,True,0.9311908835081576,1.412694472530145e-05,0.004376329959261788,True,,9.637215583335745e-06,128,1.4551915228366852e-14,0.0,0.8444368169940935,0.054899220779902176
rare,lead_ld_q2,2000,256,7,0.023965589738273944,0,True,0.928544826120721,1.9907720060703267e-05,0.036183726922961304,True,,8.452409579362552e-06,128,7.275957614183426e-15,0.0,0.843523355009178,0.057105921924222744
rare,lead_ld_q2,2000,256,8,0.024964803823103756,0,True,0.9293233280435266,0.00015931243236980264,0.05182959649164967,True,,9.333477260398126e-06,128,6.184563972055912e-14,0.0,0.8546819638620986,0.05514839647796537
rare,lead_ld_q2,2000,256,9,0.007124048797012899,0,True,0.9292290592903173,3.415875216813163e-05,0.011683753007771271,True,,9.768299261692093e-06,128,3.637978807091713e-15,0.0,0.8572754830913537,0.05320039721957734
rare,lead_ld_q2,2000,256,10,0.01790810526181049,0,True,0.9306390092837087,3.9855335351988356e-05,0.037343776251764785,True,,7.1337060751908155e-06,128,3.637978807091713e-15,0.0,0.8445057973110646,0.05791062190028085
rare,lead_ld_q2,2000,256,11,0.031048671921905927,0,True,0.9307151017183919,9.786716887886349e-05,0.058529714475650606,True,,6.467180207803125e-06,128,3.637978807091713e-15,0.0,0.8443725992707053,0.0576901067425111
rare,lead_ld_q2,2000,256,12,0.04756153060849302,0,True,0.9319244860722847,0.00014674332383621654,0.09594866897859175,True,,7.3895543899471505e-06,128,3.637978807091713e-15,0.0,0.8512472927832424,0.05652357530612255
rare,lead_ld_q2,2000,256,13,0.03833417000050178,0,True,0.9300403548796321,0.00018264380050258899,0.07459773773653766,True,,9.765334950895266e-06,128,6.191839929670095e-12,0.0,0.8596026336589221,0.05280921424446979
rare,lead_ld_q2,2000,256,14,0.0363296300489847,0,True,0.9302338397803088,0.0001425384266368276,0.021093292000450875,True,,8.716411712406114e-06,128,1.5279510989785195e-13,0.0,0.8465695407491559,0.05633966923795986
rare,lead_ld_q2,2000,256,15,0.029096487772801563,0,True,0.9289839467509668,5.3495080510095344e-05,0.014654421731340597,True,,9.379301941114804e-06,128,3.637978807091713e-15,0.0,0.8498620432405604,0.05588325807346593
rare,lead_ld_q2,2000,256,16,0.028013926397252115,0,True,0.9296371103305845,5.0463291836979897e-05,0.02052408113918936,True,,8.458578498515834e-06,128,1.2623786460608243e-12,0.0,0.8579304919996471,0.052435553050248246
rare,lead_ld_q2,2000,256,17,0.010450620132047814,0,True,0.9290910164565249,4.6722042443928584e-05,0.019245666434961603,True,,4.62045325821947e-06,128,2.1245796233415602e-12,0.0,0.8586680501721821,0.05932905242156534
rare,lead_ld_q2,2000,256,18,0.010152862979932665,0,True,0.9327212246886367,5.5862800960840135e-05,0.006184970296892446,True,,9.783572982868805e-06,128,1.0550138540565968e-13,0.0,0.8574512725428702,0.05450659519581053
rare,lead_ld_q2,2000,256,19,0.0095303987712153,0,True,0.9295854653058813,4.335511822382917e-05,0.005760812587475355,True,,8.214136073547706e-06,128,1.3351382222026586e-12,0.0,0.8599943561999474,0.053935627205342715
rare,lead_ld_q2,2000,256,20,0.01687307738409099,0,True,0.9304470325313376,7.817477734239396e-05,0.010780748043189264,True,,9.008833904644575e-06,128,1.8553691916167735e-13,0.0,0.8525010012175004,0.0554955995144009
rare,lead_ld_q2,2000,256,21,0.037566587749233174,0,True,0.9300443730003514,0.00015863871285558116,0.021559776745353754,True,,9.571215955794798e-06,128,2.9103830456733704e-14,0.0,0.8438766547264812,0.061075272476811264
rare,lead_ld_q2,2000,256,22,0.02082494367421574,0,True,0.9290163653602527,6.0741588438475355e-05,0.0081397270769889,True,,9.670450105581097e-06,128,2.0372681319713593e-13,0.0,0.8543760080876742,0.050681649095659254
rare,lead_ld_q2,2000,256,23,0.014042964373535811,0,True,0.9294977601396903,9.471709029098604e-05,0.021135858464173703,True,,9.277057668066746e-06,128,2.7284841053187846e-13,0.0,0.8483400309507232,0.06119433927922456
rare,lead_ld_q2,2000,256,24,0.008464086849516795,0,True,0.9308276062500982,3.3686808423120285e-05,0.018764008828982864,True,,7.794364986990487e-06,128,4.0381564758718014e-13,0.0,0.8596263528800614,0.052857653751629215
rare,lead_ld_q2,2000,256,25,0.01483686699135825,0,True,0.929564956325313,2.403788370471879e-05,0.006036270398699628,True,,9.641922176228945e-06,128,6.184563972055912e-14,0.0,0.8505336805393703,0.05588488418513004
rare,lead_ld_q2,2000,256,26,0.04796882197141212,0,True,0.9286455464432672,0.0001417866163936849,0.03395238264459215,True,,9.499208490471034e-06,128,7.275957614183426e-15,0.0,0.8549315339956243,0.05221730462521659
rare,lead_ld_q2,2000,256,27,0.02897061896265304,0,True,0.9303750291164894,0.00013309247970854604,0.01581110721799064,True,,8.94885397695333e-06,128,2.3646862246096135e-13,0.0,0.8486596025295318,0.05198870019601687
rare,lead_ld_q2,2000,256,28,0.012957758608172028,0,True,0.9295171095245347,6.5301857837854e-05,0.008331144288642487,True,,9.049012889228436e-06,128,2.0372681319713593e-13,0.0,0.8550761752241319,0.05083336847009058
rare,lead_ld_q2,2000,256,29,0.010513049683649035,0,True,0.9313512154780597,3.808895039549043e-05,0.007924596579778845,True,,6.086659070536626e-06,128,7.275957614183426e-15,0.0,0.8539326936654874,0.05867431099567965
rare,lead_ld_q2,2000,32,0,0.005748808054535978,0,True,0.932626492244214,2.8310624168375302e-05,0.002542890821007145,True,,9.808099921793101e-06,128,1.6101694200187922e-11,0.0,0.8503493294433335,0.050578760550865055
rare,lead_ld_q2,2000,32,1,0.04444425079918942,0,True,0.9332875054026253,0.00018923862991232032,0.13180940425621196,True,,8.867988281480166e-06,128,0.0,0.0,0.8460869594503972,0.06930467461898399
rare,lead_ld_q2,2000,32,2,0.0065037884801238096,0,True,0.9294554314252297,2.4999375015624517e-05,0.011026938309991643,True,,5.499391285024302e-06,128,4.547473508864641e-15,0.0,0.8326468949326695,0.05021332228549412
rare,lead_ld_q2,2000,32,3,0.01320018170080931,0,True,0.9278203220461348,5.7894057936715685e-05,0.004789293544716676,True,,9.744253237853329e-06,128,0.0,0.0,0.8251212350381016,0.051480041437778463
rare,lead_ld_q2,2000,32,4,0.005908439257434802,0,True,0.9286359644221244,2.0181227422251975e-05,0.011937007546948007,True,,5.054140870264234e-06,128,1.8189894035458565e-14,0.0,0.835899831251399,0.0515871520850103
rare,lead_ld_q2,2000,32,5,0.04017430418512225,0,True,0.9309587997698958,0.0003479700729836078,0.1267837494677203,True,,9.689768385889863e-06,128,6.582922651432455e-12,0.0,0.8579326116613263,0.04650289212737475
rare,lead_ld_q2,2000,32,6,0.04404744756556474,0,True,0.9345949212547463,0.00019070436564877133,0.09488729980467445,True,,9.604069771018686e-06,128,1.8189894035458565e-15,0.0,0.8370583646700722,0.05820666473321049
rare,lead_ld_q2,2000,32,7,0.023805436870840233,0,True,0.9375463876595045,0.0002650460110575329,0.10551115337040995,True,,9.13057305940157e-06,128,2.3919710656628014e-13,0.0,0.86487590655136,0.05142023359448743
rare,lead_ld_q2,2000,32,8,0.03033460252702583,0,True,0.924463258136288,0.00039079909920153273,0.013955808673405151,True,,9.805135604334936e-06,128,9.094947017729283e-16,0.0,0.8369313821383447,0.048546749337267436
rare,lead_ld_q2,2000,32,9,0.012404042134749061,0,True,0.9327461383186725,4.2616144213031545e-05,0.02315604747338766,True,,7.023587987653457e-06,128,7.0622263592667875e-12,0.0,0.8501544980262873,0.058536565864992285
rare,lead_ld_q2,2000,32,10,0.014784620508045477,0,True,0.9208433709399149,5.721951312552031e-05,0.014807956196533,True,,4.840720349674754e-06,128,2.1269257558742537e-08,0.0,0.8231540936152232,0.04633343448388739
rare,lead_ld_q2,2000,32,11,0.025959140052412868,0,True,0.9300237995220658,0.00016226114772718386,0.05910976895254858,True,,7.327827312497703e-06,128,2.164597390219569e-13,0.0,0.833506152496277,0.05879025401553521
rare,lead_ld_q2,2000,32,12,0.028292116400650578,0,True,0.9258733682785214,0.00020930683082970376,0.015900195695281907,True,,6.25632185391467e-06,128,3.637978807091713e-13,0.0,0.8260745702308124,0.04879513239192423
rare,lead_ld_q2,2000,32,13,0.012145133583402482,0,True,0.9368004646568058,5.721951312551972e-05,0.037018899429466526,True,,8.607565548546248e-06,128,2.6027146304841155e-09,0.0,0.8653185590531247,0.04962016232487382
rare,lead_ld_q2,2000,32,14,0.03375655413223355,0,True,0.9326974516343204,0.00016810645049575632,0.057656568184672616,True,,6.949297640890251e-06,128,1.1823431123048067e-14,0.0,0.8406674061630988,0.056908247679804035
rare,lead_ld_q2,2000,32,15,0.026921722560556607,0,True,0.9315418209396686,0.00023764418504353712,0.07112091413757585,True,,3.3563845036610473e-06,128,6.366462912410498e-14,0.0,0.8612248042664242,0.053764285672924274
rare,lead_ld_q2,2000,32,16,0.035878924689582044,0,True,0.9280680678559455,0.00019817781268317147,0.02289322919401387,True,,9.300450135363292e-06,128,1.5234945749398322e-11,0.0,0.8572215553689976,0.047196234942307826
rare,lead_ld_q2,2000,32,17,0.03600707094350322,0,True,0.9317323059284434,0.00019169061498875212,0.015848064550227123,True,,8.299113310794581e-06,128,6.2045728554949165e-12,0.0,0.8514072877324915,0.04466624062509809
rare,lead_ld_q2,2000,32,18,0.012041416462451982,0,True,0.9310053665765416,0.00010101020407122,0.006073267296380299,True,,5.9257296636250345e-06,128,8.936240192269906e-11,0.0,0.8585680967564119,0.05588347129128192
rare,lead_ld_q2,2000,32,19,0.046553918993600056,0,True,0.9307466840340813,0.0002697057202131408,0.012126707625339041,True,,4.2257524102140565e-06,128,1.4279066817834974e-12,0.0,0.8451064946897825,0.05860075680746605
rare,lead_ld_q2,2000,32,20,0.020480140945283817,0,True,0.9300415774880968,5.5297655557784614e-05,0.03843659023280904,True,,8.481874965937664e-06,128,4.274625098332763e-14,0.0,0.8448608626012176,0.053684864144182304
rare,lead_ld_q2,2000,32,21,0.011677032728689987,0,True,0.9273896954842769,8.953279948657737e-05,0.030788553316085328,True,,8.165877476429273e-06,128,3.892637323588133e-13,0.0,0.8511258408729266,0.042377780124799876
rare,lead_ld_q2,2000,32,22,0.029242477951357877,0,True,0.9345028172860528,9.87556784515114e-05,0.05329433120096863,True,,7.1723462564676765e-06,128,5.4569682106375695e-15,0.0,0.8330222197079976,0.053861361412147375
rare,lead_ld_q2,2000,32,23,0.040792497727105956,0,True,0.9339074697779712,0.00037558447696696716,0.08063948007977675,True,,5.842831544367044e-06,128,2.032165866694413e-10,0.0,0.8481456577865789,0.05486543522486491
rare,lead_ld_q2,2000,32,24,0.03393024493047998,0,True,0.9238970532593438,0.0002244394115606651,0.025391977132915793,True,,6.980822574664813e-06,128,0.0,0.0,0.8371461811019,0.04431115973670144
rare,lead_ld_q2,2000,32,25,0.04884929305468143,0,True,0.9317347692354871,0.0006662225183211316,0.02817269081722116,True,,6.044179051922782e-06,128,4.547473508864641e-15,0.0,0.8443841264535207,0.055014118490862796
rare,lead_ld_q2,2000,32,26,0.01018634334669452,0,True,0.9310559293526328,0.00012428122744845827,0.008307786745687176,True,,8.101095595014485e-06,128,1.8189894035458565e-15,0.0,0.8321310826000504,0.04951659636423381
rare,lead_ld_q2,2000,32,27,0.010899987148730361,0,True,0.9282788731172193,0.00010638254344294754,0.030174010409721362,True,,6.412886271789375e-06,128,2.3283064365386963e-13,0.0,0.8540324204169167,0.04852632099111834
rare,lead_ld_q2,2000,32,28,0.030356507417500955,0,True,0.9302029485072741,0.0002742610434305609,0.018647217671885288,True,,6.686728353688665e-06,128,2.7284841053187848e-15,0.0,0.8441281147879134,0.05593752561070197
rare,lead_ld_q2,2000,32,29,0.006013554683562482,0,True,0.9264667761361044,1.815398207596844e-05,0.0013891757921922973,True,,6.389998336242542e-06,128,2.551132638473064e-12,0.0,0.8294837689798408,0.05609781544378265
rare,lead_ld_q2,2000,4,0,0.014166357905098787,0,True,0.9255504524075894,8.570693940519302e-05,0.014583861342593058,True,,7.991665718520835e-06,128,8.984324492757878e-07,0.0,0.7538513754118167,0.0036468859588223777
rare,lead_ld_q2,2000,4,1,0.022976547902253227,0,True,0.9323197314121066,0.0075846404424211086,0.14488123554369714,True,,6.787339164926465e-06,128,1.719050438555314e-05,0.0,0.9259356552117957,0.007319687379064862
rare,lead_ld_q2,2000,4,2,0.014930537826876785,0,True,0.9339913748757821,0.00040828394036238974,0.00651913767824977,True,,5.201156561440712e-06,128,5.63792695174925e-07,0.0,0.8179308374488814,0.0017613023792645152
rare,lead_ld_q2,2000,4,3,0.02105374712128471,0,True,0.9139918264880255,0.0010460895373370401,0.2020070774785881,True,,8.768422362526174e-06,256,7.23819158565675e-08,0.0,0.8270894690765684,0.014519243916467367
rare,lead_ld_q2,2000,4,4,0.04013589614322757,0,True,0.9367747697203027,0.0008493577230201429,0.06108127708154077,True,,9.60683550932373e-06,256,1.1652805339963378e-06,0.0,0.8758534896317697,0.0017985954713168177
rare,lead_ld_q2,2000,4,5,0.0406681865650494,0,True,0.9195308588239918,0.0002443267128451115,0.00994833278771915,True,,8.693623772870751e-06,128,1.956500358346602e-06,0.0,0.8331971244889228,0.0031078041449323843
rare,lead_ld_q2,2000,4,6,0.024993518367857542,0,True,0.9347227988601776,0.00036174898587613003,0.03730691808224567,True,,7.448142590238405e-06,128,3.7679779292830065e-05,0.0,0.8959938682355695,0.002904127461981282
rare,lead_ld_q2,2000,4,7,0.006473288546579544,0,True,0.923341325108877,0.0001542619138761455,0.00020609408828759965,True,,6.1875903791808184e-06,128,7.3234218689322e-11,0.0,0.8042815095845764,0.02187985333378662
rare,lead_ld_q2,2000,4,8,0.04524118951324232,0,True,0.9221151501433408,0.00023290929054562524,0.013489890924136516,True,,4.5270537423203194e-06,128,1.5445409314907011e-06,0.0,0.7498340297179188,0.02451249983618153
rare,lead_ld_q2,2000,4,9,0.043728521480873216,0,True,0.9336536134597868,0.0020358468723803464,0.05507042667724447,True,,8.035871347011891e-06,256,1.6833838309139536e-05,0.0,0.8363574774829615,0.0049519861854346895
rare,lead_ld_q2,2000,4,10,0.04483303603415075,0,True,0.9313772543752105,0.0022572966122949914,0.08462813819254515,True,,1.3038647848073737e-06,512,1.6032601092774713e-07,0.0,0.8901691857442028,0.0054549326376453445
rare,lead_ld_q2,2000,4,11,0.00691318809357208,0,True,0.9243534205404422,0.00026108327000703253,0.0007696380206410268,True,,3.7829540540101902e-06,128,8.430879935531266e-06,0.00042397265873871104,0.818284611139649,0.011929320670640387
rare,lead_ld_q2,2000,4,12,0.016310964065579966,0,True,0.9372561696987592,0.00011961759176049493,0.0035193991272649146,True,,7.628024186967508e-06,256,0.00010807325548273639,0.0006964920599990543,0.8228679942620938,0.0030763170117995625
rare,lead_ld_q2,2000,4,13,0.019466029775585973,0,True,0.9248537037367616,0.0010468152351056131,0.01327847480821412,True,,6.18900559890001e-06,512,1.0342375830987294e-06,0.0,0.8788695958422604,0.0009214900470632349
rare,lead_ld_q2,2000,4,14,0.011945454597088786,0,True,0.9303706127601696,0.00022194350247492584,0.010284291415391984,True,,4.31619928331628e-06,128,7.988433026184793e-11,0.0,0.8222198807832857,0.001479732952255023
rare,lead_ld_q2,2000,4,15,0.03048461429779534,0,True,0.930243785583752,0.00013705286502784696,0.1568344548604184,True,,1.6556578112947307e-06,512,2.409808458878615e-07,0.0,0.9334441101781973,0.003046309089269189
rare,lead_ld_q2,2000,4,16,0.01641338402885663,0,True,0.9337394588368226,0.00041653660772169145,0.012501887184946154,True,,2.6935485895052125e-06,128,1.603477448952617e-08,0.0,0.869716441432665,0.0010446404923509641
rare,lead_ld_q2,2000,4,17,0.006591314119290852,0,True,0.930385494278586,0.0011801492263670821,0.08380664963903534,True,,9.591666767505558e-07,512,5.294558668538229e-07,0.0,0.9157327308917351,0.013365744875257319
rare,lead_ld_q2,2000,4,18,0.0095851138611647,0,True,0.9193309344594465,0.0003262860065975372,0.018061824819072203,True,,2.8061236534426826e-06,128,4.66082267848833e-07,0.0,0.8633365223005708,0.0018594480802238491
rare,lead_ld_q2,2000,4,19,0.024512247818719725,0,True,0.9442091372600994,0.00570062845719271,0.1267248256232436,True,,9.74934164865715e-06,256,1.0785594815843068e-06,0.0,0.8129447077444583,0.01172584360695576
rare,lead_ld_q2,2000,4,20,0.033823266666285205,0,True,0.9357434280916854,0.0007213789728575967,0.007719913786626675,True,,4.736048710096696e-06,128,1.268415871891193e-09,0.0,0.8530306193207551,0.002139899179007862
rare,lead_ld_q2,2000,4,21,0.04606526804346154,0,True,0.9350772086891743,0.0004624646934134245,0.22070634471190242,True,,6.866347790790428e-06,128,1.1906827967322897e-07,0.0,0.8179680388998432,0.03127026026184078
rare,lead_ld_q2,2000,4,22,0.017503132055544227,0,True,0.9306217291905797,0.00029804778699518345,0.0016517566432886113,True,,2.675125891915542e-06,512,7.637129917850416e-05,0.0,0.8863423458697,0.009730128136422354
rare,lead_ld_q2,2000,4,23,0.0360505049566634,0,True,0.9211244261991147,0.0002659699297526453,0.10003747812787059,True,,9.479884981677955e-06,512,2.863766894733999e-10,0.0,0.8097471413510358,0.005587090266742614
rare,lead_ld_q2,2000,4,24,0.005103519272129256,0,True,0.9291655128750506,0.0015393755190058502,0.14154538308488174,True,,3.575003079792083e-06,128,2.5639172558840074e-06,0.0,0.8290866486055556,0.002616888091691889
rare,lead_ld_q2,2000,4,25,0.010130012431312434,0,True,0.9236223916769306,0.00012172431182291002,0.003671352115809032,True,,5.388836466391211e-06,256,2.708772337882692e-07,0.0,0.8083031916779886,0.0014691439123826855
rare,lead_ld_q2,2000,4,26,0.005679330715122148,0,True,0.9308312064513139,0.0001615952270412932,0.013173757524877197,True,,1.104594769429923e-06,512,3.91294205428494e-07,0.0,0.895905532720864,0.011785388442267286
rare,lead_ld_q2,2000,4,27,0.037977530067071816,0,True,0.9334201029082563,0.000288167588246104,0.04755567720371694,True,,7.79979501741579e-06,128,2.5846321070730484e-06,0.0,0.8625358185756383,0.0015851750250153568
rare,lead_ld_q2,2000,4,28,0.009485060685107016,0,True,0.9333459356744264,7.276824129338118e-05,0.03486997691889346,True,,4.270345585366542e-06,512,1.895163818517176e-07,0.0,0.9002402478841441,0.021027968328749057
rare,lead_ld_q2,2000,4,29,0.015504635520651386,0,True,0.9468668649678917,0.0008644206697576288,0.021348715909779964,True,,4.476686878973624e-06,256,2.1103410745126893e-07,0.0,0.7807907959693617,0.006327649556346187
rare,lead_ld_q2,500,256,0,0.007282498033567436,0,True,0.9309120627846712,1.6161354968000184e-05,0.004901077936978072,True,,8.174919415848692e-06,128,3.637978807091713e-15,0.0,0.8535332294171857,0.0742432453863197
rare,lead_ld_q2,500,256,1,0.006954953035808563,5,True,0.9309022532881541,4.0160481283206564e-06,0.0051024033883369764,True,,9.167461750614336e-06,128,7.79182300902903e-11,0.0,0.8572544742309135,0.06693404336728162
rare,lead_ld_q2,500,256,2,0.015188514824754968,0,True,0.9313442001369846,6.097189195780722e-05,0.004432847471702668,True,,8.710826662650106e-06,128,7.312337402254343e-13,0.0,0.8607131112179713,0.06600961183452923
rare,lead_ld_q2,500,256,3,0.04295722278460453,0,True,0.9296031145014837,8.35003340013362e-05,0.027213077724586802,True,,7.704490799564923e-06,128,1.531589077785611e-12,0.0,0.8632935263980288,0.062042709593262114
rare,lead_ld_q2,500,256,4,0.017483410846915504,0,True,0.9300680093859122,3.2387614976032995e-05,0.01396968094482646,True,,8.290598186633247e-06,128,0.0,0.0,0.8485689799925652,0.07044077230882738
rare,lead_ld_q2,500,256,5,0.032959424028771125,2,True,0.9291285879412365,8.785838901184422e-05,0.08252880968791237,True,,8.297894650732829e-06,128,2.4734617909416558e-11,0.0,0.84285050861111,0.06244648669939277
rare,lead_ld_q2,500,256,6,0.007692335220294487,0,True,0.9311908835081576,1.209662786337256e-05,0.0040411929087513405,True,,8.840731757775444e-06,128,1.0710209608078003e-11,0.0,0.8609173021076875,0.07204542947586512
rare,lead_ld_q2,500,256,7,0.023965589738273944,3,True,0.928544826120721,6.197962936181648e-05,0.054531292489492164,True,,9.596138470735482e-06,128,4.001776687800884e-14,0.0,0.8754879616526579,0.06310732293680318
rare,lead_ld_q2,500,256,8,0.024964803823103756,0,True,0.9293233280435266,0.00011568909382385454,0.05144020148744921,True,,8.406326322152324e-06,128,0.0,0.0,0.8746527465935588,0.05723877693205074
rare,lead_ld_q2,500,256,9,0.007124048797012899,0,True,0.9292290592903173,4.0566305626546224e-05,0.015999965468476852,True,,7.73386410801713e-06,128,2.724846126511693e-11,0.0,0.8612940047897598,0.06810053780257683
rare,lead_ld_q2,500,256,10,0.01790810526181049,1,True,0.9306390092837087,4.5079934920967006e-05,0.0421455938697316,True,,8.75135395306259e-06,128,1.6570993466302751e-10,0.0,0.8456645999858552,0.06864016409509203
rare,lead_ld_q2,500,256,11,0.031048671921905927,2,True,0.9307151017183919,0.00012318810824128322,0.03386886669561441,True,,5.797861033940421e-06,128,2.2802851162850856e-11,0.0,0.8449872931676993,0.07408827450403185
rare,lead_ld_q2,500,256,12,0.04756153060849302,0,True,0.9319244860722847,0.00022029044447833588,0.11340633170251854,True,,8.380137559660383e-06,128,3.637978807091713e-15,0.0,0.8797626503845904,0.06498703509938948
rare,lead_ld_q2,500,256,13,0.03833417000050178,0,True,0.9300403548796321,0.00012791540527864106,0.08307472748533112,True,,8.441303847694925e-06,128,4.489265847951174e-12,0.0,0.8566774867918759,0.06018692943750741
rare,lead_ld_q2,500,256,14,0.0363296300489847,4,True,0.9302338397803088,7.916039980168256e-05,0.020530935424552622,True,,9.056624800329871e-06,128,3.637978807091713e-15,0.0,0.8504022319306329,0.07852469538353925
rare,lead_ld_q2,500,256,15,0.029096487772801563,4,True,0.9289839467509668,4.927888564013298e-05,0.014636680590632509,True,,8.994718551980085e-06,128,3.637978807091713e-15,0.0,0.8336465939348632,0.08463028148087035
rare,lead_ld_q2,500,256,16,0.028013926397252115,1,True,0.9296371103305845,7.483847362775152e-05,0.02118914137800965,True,,8.782838167409324e-06,128,5.0386006478220225e-12,0.0,0.8599781494974004,0.06257764652794537
rare,lead_ld_q2,500,256,17,0.010450620132047814,3,True,0.9290910164565249,1.6161354968000184e-05,0.0037602875792262127,True,,8.75117685450455e-06,128,3.637978807091713e-15,0.0,0.8631404661032582,0.08157833367687695
rare,lead_ld_q2,500,256,18,0.010152862979932665,2,True,0.9327212246886367,8.04822496398388e-06,0.0021816248083546806,True,,5.805660070912211e-06,128,1.3333192327991128e-11,0.0,0.8592209476127822,0.05806862216077965
rare,lead_ld_q2,500,256,19,0.0095303987712153,0,True,0.9295854653058813,1.6161354968000184e-05,0.004676430673469137,True,,9.310443805699009e-06,128,2.3961547412909565e-10,0.0,0.8576202701983731,0.06356528061963607
rare,lead_ld_q2,500,256,20,0.01687307738409099,0,True,0.9304470325313376,9.034091375727753e-05,0.01379058735202417,True,,8.095180425105042e-06,128,2.7786882128566503e-11,0.0,0.8742339454937059,0.05781140630383289
rare,lead_ld_q2,500,256,21,0.037566587749233174,1,True,0.9300443730003514,0.00010104242097640644,0.030123231401186286,True,,5.251606741252246e-06,128,5.093170329928398e-14,0.0,0.8384244719908762,0.07651772292800954
rare,lead_ld_q2,500,256,22,0.02082494367421574,0,True,0.9290163653602527,3.2585496195643175e-05,0.007829020049194729,True,,8.260449235297784e-06,128,2.685010258574039e-10,0.0,0.8633464474602165,0.05856496355108819
rare,lead_ld_q2,500,256,23,0.014042964373535811,2,True,0.9294977601396903,2.024250521244529e-05,0.005707485339908887,True,,8.174015808659618e-06,128,1.418811734765768e-12,0.0,0.851103170485602,0.06852095600131518
rare,lead_ld_q2,500,256,24,0.008464086849516795,1,True,0.9308276062500982,2.4340178332373226e-05,0.02511114974789494,True,,9.776619111168117e-06,128,2.619344741106033e-13,0.0,0.8547919118214644,0.06751366839014858
rare,lead_ld_q2,500,256,25,0.01483686699135825,1,True,0.929564956325313,4.0566305626547125e-05,0.006458022851465444,True,,9.002372777899836e-06,128,1.3387398212216794e-10,0.0,0.8568427453990627,0.061212649641727734
rare,lead_ld_q2,500,256,26,0.04796882197141212,4,True,0.9286455464432672,0.00010104242097640655,0.07756726126762745,True,,9.22925713675582e-06,128,3.637978807091713e-15,0.0,0.8650318087561961,0.06557465320488896
rare,lead_ld_q2,500,256,27,0.02897061896265304,0,True,0.9303750291164894,4.507993492096681e-05,0.014572384137601516,True,,8.129042271320941e-06,128,1.0445364750921726e-10,0.0,0.8531237776392385,0.07484202378179185
rare,lead_ld_q2,500,256,28,0.012957758608172028,0,True,0.9295171095245347,2.8454474872666033e-05,0.0056600043563156364,True,,9.741701226140265e-06,128,8.330971468240023e-13,0.0,0.8659609082041735,0.06187954021646574
rare,lead_ld_q2,500,256,29,0.010513049683649035,1,True,0.9313512154780597,3.2585496195642714e-05,0.011299435028248568,True,,7.927851099598371e-06,128,3.128661774098873e-13,0.0,0.8547474297038079,0.08212828024471219
rare,lead_ld_q2,500,32,0,0.005748808054535978,0,True,0.932626492244214,2.4241836561538033e-05,0.002536839720629491,True,,9.006859459592675e-06,128,1.4371353245223872e-09,0.0,0.8617054909643551,0.058657917271680245
rare,lead_ld_q2,500,32,1,0.04444425079918942,0,True,0.9332875054026253,8.785838901184431e-05,0.13390773110679216,True,,4.663148085892743e-06,128,9.36779542826116e-14,0.0,0.8477124640376517,0.0742296690657861
rare,lead_ld_q2,500,32,2,0.0065037884801238096,0,True,0.9294554314252297,4.016048128320639e-06,0.003401341616473756,True,,8.432464507102111e-06,128,1.6947328185779044e-07,0.0,0.8356333375846554,0.07107678264234824
rare,lead_ld_q2,500,32,3,0.01320018170080931,0,True,0.9278203220461348,3.6435919338971764e-05,0.002704648344422039,True,,6.695339970219649e-06,128,2.164470060961321e-10,0.0,0.8487398036432139,0.053996033084191014
rare,lead_ld_q2,500,32,4,0.005908439257434802,0,True,0.9286359644221244,2.4241836561538016e-05,0.015906462396425788,True,,6.41569125070518e-06,128,9.747054718900472e-11,0.0,0.8361081546269996,0.0597913725091881
rare,lead_ld_q2,500,32,5,0.04017430418512225,0,True,0.9309587997698958,0.0003445620871103987,0.1635830039122805,True,,6.113799002616105e-06,128,1.4551915228366852e-13,0.0,0.8600168222951907,0.06017692510492527
rare,lead_ld_q2,500,32,6,0.04404744756556474,1,True,0.9345949212547463,0.00044235742479924,0.08579465541490854,True,,2.328546460095282e-06,128,2.1036353246017825e-08,0.0,0.8417050192002195,0.0619143606647954
rare,lead_ld_q2,500,32,7,0.023805436870840233,0,True,0.9375463876595045,0.0004340495150331381,0.11408266435154399,True,,9.80238664416433e-06,128,3.1322997529059646e-11,0.0,0.8728116598368293,0.05207938558673513
rare,lead_ld_q2,500,32,8,0.03033460252702583,0,True,0.924463258136288,0.0002478724283235556,0.00846052706797008,True,,2.0869987389371403e-06,128,2.233136910945177e-09,0.0,0.8291216148562321,0.07452528877564775
rare,lead_ld_q2,500,32,9,0.012404042134749061,0,True,0.9327461383186725,2.0242505212445172e-05,0.024140095568667072,True,,8.953293717972599e-06,128,4.657971658161841e-09,0.0,0.8269882437163836,0.07458883066091014
rare,lead_ld_q2,500,32,10,0.014784620508045477,0,True,0.9208433709399149,2.4241836561537928e-05,0.006701214311631008,True,,7.251917384820672e-06,128,2.10410598810995e-09,0.0,0.8220355095771781,0.06383915805763611
rare,lead_ld_q2,500,32,11,0.025959140052412868,0,True,0.9300237995220658,0.0001983077736647289,0.06990447538109205,True,,9.531351008007505e-06,128,2.4915050562412946e-07,0.0,0.8498148190939766,0.06816224962804855
rare,lead_ld_q2,500,32,12,0.028292116400650578,0,True,0.9258733682785214,9.034091375727862e-05,0.012763556871870706,True,,6.556062207341284e-06,128,0.0,0.0,0.8346287965434437,0.0554798272620694
rare,lead_ld_q2,500,32,13,0.012145133583402482,0,True,0.9368004646568058,4.867917180502411e-05,0.022954647650286864,True,,6.9628058230186696e-06,128,6.182606748552643e-07,0.0,0.8957925638429405,0.044798942400235395
rare,lead_ld_q2,500,32,14,0.03375655413223355,1,True,0.9326974516343204,0.0001983077736647286,0.024657966011002324,True,,6.919732155274971e-06,128,6.7057044361718e-12,0.0,0.8041845041368042,0.08711644173990975
rare,lead_ld_q2,500,32,15,0.026921722560556607,0,True,0.9315418209396686,0.00013578402932935,0.050483897234105624,True,,9.15368219289725e-06,128,4.348921720520593e-10,0.0,0.8359712092367463,0.08074768803148827
rare,lead_ld_q2,500,32,16,0.035878924689582044,0,True,0.9280680678559455,0.0001586387128555813,0.01957356085796469,True,,8.325737971048852e-06,128,1.1811410331574734e-08,0.0,0.8578811819484563,0.07052239219177306
rare,lead_ld_q2,500,32,17,0.03600707094350322,0,True,0.9317323059284434,6.197962936181648e-05,0.015389145718252537,True,,9.367085323841451e-06,128,1.800799509510398e-13,0.0,0.8564919757322725,0.06904066360645301
rare,lead_ld_q2,500,32,18,0.012041416462451982,0,True,0.9310053665765416,0.00016424406668308922,0.008794552417783867,True,,9.240629593509908e-06,128,4.085268301423639e-11,0.0,0.8644249354156498,0.07261789389581357
rare,lead_ld_q2,500,32,19,0.046553918993600056,0,True,0.9307466840340813,0.0003711701984073405,0.011223238632766613,True,,5.161379352358608e-06,256,1.8615537555888295e-11,0.0,0.8204878229983391,0.07583781773812552
rare,lead_ld_q2,500,32,20,0.020480140945283817,2,True,0.9300415774880968,8.048224963983932e-06,0.001924184248573831,True,,5.832610343592393e-06,128,5.135116789460881e-07,0.0,0.8343733531459404,0.08615137744501894
rare,lead_ld_q2,500,32,21,0.011677032728689987,0,True,0.9273896954842769,1.6161354968000374e-05,0.018875874485079297,True,,8.771579439459387e-06,128,3.6094979805056937e-09,0.0,0.8504786666022626,0.06725079918495062
rare,lead_ld_q2,500,32,22,0.029242477951357877,2,True,0.9345028172860528,4.877810838495692e-05,0.025228970950910947,True,,6.205363487499227e-06,128,6.327354640234262e-12,0.0,0.863256123173949,0.06778155841248133
rare,lead_ld_q2,500,32,23,0.040792497727105956,0,True,0.9339074697779712,0.0002646358316916108,0.07437372884717172,True,,8.591086903653178e-06,128,2.3815764507162384e-08,0.0,0.873752540800459,0.04366969474882421
rare,lead_ld_q2,500,32,24,0.03393024493047998,0,True,0.9238970532593438,9.662931733487824e-05,0.029680455240122985,True,,6.6628681667513234e-06,128,9.094947017729283e-16,0.0,0.8343220697427542,0.06304395690889807
rare,lead_ld_q2,500,32,25,0.04884929305468143,0,True,0.9317347692354871,0.0008742350443362033,0.030326895496238335,True,,7.838460853726303e-06,128,8.731813068152405e-09,0.0,0.8725036520856174,0.05426655452981786
rare,lead_ld_q2,500,32,26,0.01018634334669452,0,True,0.9310559293526328,0.0001475192184759627,0.007551061027038343,True,,9.364550602075639e-06,128,2.390506506344536e-07,0.0,0.8556781966969611,0.04750727907699448
rare,lead_ld_q2,500,32,27,0.010899987148730361,1,True,0.9282788731172193,4.507993492096697e-05,0.046507834945487644,True,,5.48093842112074e-06,128,6.903064786456525e-13,0.0,0.8421451626490825,0.06516146836885273
rare,lead_ld_q2,500,32,28,0.030356507417500955,0,True,0.9302029485072741,0.00014997750337449145,0.024874253433502035,True,,8.911175136905314e-06,128,1.554448317619972e-09,0.0,0.869066941326372,0.06221806249856669
rare,lead_ld_q2,500,32,29,0.006013554683562482,0,True,0.9264667761361044,8.048224963984195e-06,0.0003242340764952293,True,,7.046156285550609e-06,128,1.1601514415815473e-11,0.0,0.8362012309549126,0.08014852878227749
rare,lead_ld_q2,500,4,0,0.014166357905098787,0,True,0.9255504524075894,0.00011064349436742825,0.01698319099701891,True,,7.5838581132803284e-06,256,1.6341615742021532e-07,0.0,0.7666683946888899,0.008534266323486419
rare,lead_ld_q2,500,4,1,0.022976547902253227,0,True,0.9323197314121066,0.009281756947480884,0.10679279749584276,True,,2.550139436952037e-06,128,4.642227586600711e-06,0.00044022254926145976,0.9027817339561304,0.02717407354962385
rare,lead_ld_q2,500,4,2,0.014930537826876785,0,True,0.9339913748757821,0.00037564172127384465,0.005848940579313491,True,,9.201983152795634e-06,128,2.7675420551531715e-06,0.0,0.8515175872986097,0.006346846640648479
rare,lead_ld_q2,500,4,3,0.02105374712128471,0,True,0.9139918264880255,0.001464230326029513,0.22999219473938257,True,,4.611937865828253e-06,128,2.010446029544255e-06,0.0,0.9402195113248137,0.006211637780235666
rare,lead_ld_q2,500,4,4,0.04013589614322757,0,True,0.9367747697203027,0.00045357568834310756,0.058753543912428007,True,,7.91652455056635e-06,128,3.969717261043115e-08,0.0,0.8465337671177581,0.00694931394643221
rare,lead_ld_q2,500,4,5,0.0406681865650494,0,True,0.9195308588239918,7.916039980168283e-05,0.00952758095615243,True,,4.35461612791066e-06,256,4.8757851345726524e-08,0.0,0.9131167559919641,0.019627573452994998
rare,lead_ld_q2,500,4,6,0.024993518367857542,0,True,0.9347227988601776,0.0002646358316916107,0.04575504523312474,True,,5.358802021238063e-06,512,4.296465315292153e-07,0.0,0.9022080968028752,0.008246888836744381
rare,lead_ld_q2,500,4,7,0.006473288546579544,0,True,0.923341325108877,0.0003011645027439406,0.0004802828762952073,True,,7.999941182390558e-06,512,3.7919039059715945e-05,0.0,0.845319310734505,0.01140830616251652
rare,lead_ld_q2,500,4,8,0.04524118951324232,0,True,0.9221151501433408,0.0003043470909490558,0.012061043919627682,True,,9.320351539221505e-06,512,1.1844901064250734e-07,0.0,0.7689771218704028,0.024667783359912408
rare,lead_ld_q2,500,4,9,0.043728521480873216,0,True,0.9336536134597868,0.0031044264839693793,0.04079671545752603,True,,2.643466957552576e-06,512,8.498498868902971e-08,0.0,0.893349310085582,0.01053118325724294
rare,lead_ld_q2,500,4,10,0.04483303603415075,0,True,0.9313772543752105,0.0016813787305590534,0.04268349996897298,True,,3.842283885724385e-06,256,0.0005617700222639996,0.0008798027257686664,0.9597914962492305,0.01954558094944705
rare,lead_ld_q2,500,4,11,0.00691318809357208,0,True,0.9243534205404422,0.00017388280299078236,0.0005010439735346399,True,,6.703790479178906e-06,128,3.842946340682829e-06,0.0006679959892158527,0.7968628214041102,0.016543736170149533
rare,lead_ld_q2,500,4,12,0.016310964065579966,0,True,0.9372561696987592,8.196049504138987e-05,0.004831853035512233,True,,9.308666399920895e-06,512,9.50608576772538e-07,0.0,0.75324215083539,0.018417454911837723
rare,lead_ld_q2,500,4,13,0.019466029775585973,0,True,0.9248537037367616,0.0016964635260341941,0.018338298299638605,True,,3.0698143920204757e-06,256,2.1060794928189353e-05,9.457485577568647e-05,0.8732562423993873,0.0031988504903908066
rare,lead_ld_q2,500,4,14,0.011945454597088786,0,True,0.9303706127601696,0.0003318400530944081,0.017009763473598064,True,,9.905165054613363e-06,256,1.048503895617614e-08,0.0,0.809445286830098,0.0037407192879061134
rare,lead_ld_q2,500,4,15,0.03048461429779534,0,True,0.930243785583752,0.00014135215811486292,0.23671691496110145,True,,2.2709978448887114e-06,512,4.342622846763788e-05,0.0,0.9533828618159996,0.008518575625219318
rare,lead_ld_q2,500,4,16,0.01641338402885663,0,True,0.9337394588368226,0.0003756417212738452,0.010440328725316394,True,,5.593572288686843e-06,512,9.25774838833604e-09,0.0,0.8684793336041565,0.00418853642052994
rare,lead_ld_q2,500,4,17,0.006591314119290852,0,True,0.930385494278586,0.0024416159880632535,0.1424121390486726,True,,3.342046765997253e-06,256,1.4560279355464446e-06,0.0,0.9585291254478598,0.017918000851293588
rare,lead_ld_q2,500,4,18,0.0095851138611647,0,True,0.9193309344594465,0.00019830777366472871,0.010914476304261319,True,,6.131136288445305e-06,256,8.589397737068794e-07,0.0,0.8130203060373873,0.011975191270053972
rare,lead_ld_q2,500,4,19,0.024512247818719725,0,True,0.9442091372600994,0.006458022851465435,0.14698652538327145,True,,6.6043732647180775e-06,128,4.8259525309958916e-05,0.0005038508706664557,0.8236426523381406,0.0185315877024723
rare,lead_ld_q2,500,4,20,0.033823266666285205,0,True,0.9357434280916854,0.0005878894767783582,0.0069703673889576975,True,,9.433968330085918e-06,512,1.8883003433529665e-06,0.0,0.9238789394773592,0.01867968986821582
rare,lead_ld_q2,500,4,21,0.04606526804346154,0,True,0.9350772086891743,0.0005540638452030862,0.20544994261739685,True,,9.554360326902156e-06,128,8.81399761397006e-07,0.0,0.7770319629290267,0.04212735163002583
rare,lead_ld_q2,500,4,22,0.017503132055544227,0,True,0.9306217291905797,0.00014782208790487043,0.0020241373748626224,True,,9.72097593265886e-06,256,4.888610603757115e-07,0.0,0.9080247913193953,0.007901135130679054
rare,lead_ld_q2,500,4,23,0.0360505049566634,0,True,0.9211244261991147,0.0003339176892895911,0.08605840748086148,True,,2.691476744809407e-06,256,3.3845288771772173e-07,0.0,0.8709998102377756,0.014259713673663688
rare,lead_ld_q2,500,4,24,0.005103519272129256,0,True,0.9291655128750506,0.0012821735490775759,0.1276623750464388,True,,7.898727937494243e-06,512,6.798100002924911e-10,0.0,0.8492366888870722,0.023276104278110835
rare,lead_ld_q2,500,4,25,0.010130012431312434,0,True,0.9236223916769306,0.0002602628241408224,0.004675206683776571,True,,6.738238672809871e-06,512,2.3275707221728225e-06,0.0,0.8826561366694106,0.007791205276742789
rare,lead_ld_q2,500,4,26,0.005679330715122148,0,True,0.9308312064513139,0.00023087451969854345,0.019700998946752465,True,,8.425747374918302e-06,128,1.9477437581372214e-07,0.0,0.9305809869792487,0.004969835392836628
rare,lead_ld_q2,500,4,27,0.037977530067071816,0,True,0.9334201029082563,0.0004997501249375294,0.046160233859067715,True,,5.896176253905594e-06,128,9.490868653756479e-07,0.0,0.9133915279441988,0.0034281995697235533
rare,lead_ld_q2,500,4,28,0.009485060685107016,0,True,0.9333459356744264,3.643591933897165e-05,0.02013654667190537,True,,4.2457669136020115e-07,512,1.5553736109268357e-06,0.0,0.8678918211569101,0.04856215607919652
rare,lead_ld_q2,500,4,29,0.015504635520651386,0,True,0.9468668649678917,0.0007205105331777903,0.01557597099490058,True,,4.3439512733556285e-06,128,2.501479030570408e-06,0.0,0.8760915642540962,0.004530632352161745
